{"mockup":{"controls":{"control":[{"ID":"38","h":"55","measuredH":"54","measuredW":"9","properties":{"color":"2848996","curvature":"-1","direction":"bottom","leftArrow":"false","p0":{"length":3,"x":3,"y":0},"p1":{"length":0.529252928988914,"x":0.510715363718684,"y":0.13884696649562314},"p2":{"length":54,"x":0,"y":54},"rightArrow":"false","shape":"bezier"},"typeID":"Arrow","w":"10","x":"655","y":"277","zOrder":"0"},{"ID":"42","h":"38","measuredH":"37","measuredW":"56","properties":{"color":"2848996","curvature":"-1","direction":"top","leftArrow":"false","p0":{"length":0,"x":0,"y":0},"p1":{"length":0.5310495030226782,"x":0.5300904977375566,"y":-0.03190045248868781},"p2":{"length":67.11929677819934,"x":56,"y":37},"rightArrow":"false","shape":"bezier","stroke":"dotted"},"typeID":"Arrow","w":"57","x":"789","y":"441","zOrder":"1"},{"ID":"43","h":"4","measuredH":"3","measuredW":"53","properties":{"color":"2848996","curvature":"1","direction":"top","leftArrow":"false","p0":{"length":3,"x":0,"y":3},"p1":{"length":0.4600856791042167,"x":0.4583941605839416,"y":0.03941605839416058},"p2":{"length":53.08483775994799,"x":53,"y":3},"rightArrow":"false","shape":"bezier","stroke":"dotted"},"typeID":"Arrow","w":"54","x":"797","y":"422","zOrder":"2"},{"ID":"44","h":"16","measuredH":"15","measuredW":"55","properties":{"color":"2848996","curvature":"1","direction":"top","leftArrow":"false","p0":{"length":0,"x":0,"y":0},"p1":{"length":0.45653907041455166,"x":0.45488081725312146,"y":0.03887627695800227},"p2":{"length":57.0087712549569,"x":55,"y":15},"rightArrow":"false","shape":"bezier","stroke":"dotted"},"typeID":"Arrow","w":"56","x":"794","y":"437","zOrder":"3"},{"ID":"49","h":"49","measuredH":"48","measuredW":"61","properties":{"color":"2848996","curvature":"1","direction":"bottom","leftArrow":"false","p0":{"length":61,"x":61,"y":0},"p1":{"length":0.4585249091872984,"x":0.45522128005575574,"y":-0.054942502032756454},"p2":{"length":48,"x":0,"y":48},"rightArrow":"false","shape":"bezier","stroke":"dotted"},"typeID":"Arrow","w":"62","x":"787","y":"285","zOrder":"4"},{"ID":"50","h":"19","measuredH":"18","measuredW":"68","properties":{"color":"2848996","curvature":"1","direction":"top","leftArrow":"false","p0":{"length":70.3420215802759,"x":68,"y":18},"p1":{"length":0.4579653787384571,"x":0.45747670462949247,"y":0.021150717349504505},"p2":{"length":0,"x":0,"y":0},"rightArrow":"false","shape":"bezier","stroke":"dotted"},"typeID":"Arrow","w":"69","x":"787","y":"356","zOrder":"5"},{"ID":"51","h":"4","measuredH":"3","measuredW":"59","properties":{"color":"2848996","curvature":"0","direction":"bottom","leftArrow":"false","p0":{"length":59,"x":59,"y":0},"p1":{"length":0.4929592777882592,"x":0.4929203539823009,"y":-0.006194690265486749},"p2":{"length":3,"x":0,"y":3},"rightArrow":"false","shape":"bezier","stroke":"dotted"},"typeID":"Arrow","w":"60","x":"794","y":"347","zOrder":"6"},{"ID":"52","h":"26","measuredH":"22","measuredW":"48","properties":{"color":"2848996","curvature":"0","direction":"bottom","leftArrow":"false","p0":{"x":55,"y":0},"p1":{"x":0.4652789342214823,"y":-0.001332223147377283},"p2":{"x":0,"y":25},"rightArrow":"false","shape":"bezier","stroke":"dotted"},"typeID":"Arrow","w":"56","x":"792","y":"317","zOrder":"7"},{"ID":"53","h":"41","measuredH":"140","measuredW":"200","properties":{"color":"16776960"},"typeID":"TextArea","w":"250","x":"543","y":"322","zOrder":"8"},{"ID":"54","measuredH":"40","measuredW":"286","properties":{"bold":"true","size":"32","text":"Client Programmer"},"typeID":"Label","x":"490","y":"124","zOrder":"9"},{"ID":"55","h":"74","measuredH":"73","measuredW":"18","properties":{"color":"2848996","curvature":"-1","direction":"bottom","leftArrow":"false","p0":{"length":8,"x":8,"y":0},"p1":{"length":0.4979530082684307,"x":0.45894941634241254,"y":0.19319066147859923},"p2":{"length":73,"x":0,"y":73},"rightArrow":"false","shape":"bezier","stroke":"dotted"},"typeID":"Arrow","w":"19","x":"637","y":"47","zOrder":"10"},{"ID":"56","h":"61","measuredH":"60","measuredW":"15","properties":{"color":"2848996","curvature":"-1","direction":"top","leftArrow":"false","p0":{"length":2,"x":2,"y":0},"p1":{"length":0.4752342503759216,"x":0.46391752577319545,"y":-0.1030927835051546},"p2":{"length":61.84658438426491,"x":15,"y":60},"rightArrow":"false","shape":"bezier"},"typeID":"Arrow","w":"16","x":"626","y":"177","zOrder":"11"},{"ID":"57","measuredH":"26","measuredW":"147","properties":{"bold":"true","size":"18","text":"Learn the Basics"},"typeID":"Label","x":"589","y":"244","zOrder":"12"},{"ID":"58","measuredH":"25","measuredW":"170","properties":{"bold":"true","size":"17","text":"Learn C/C++ and C#"},"typeID":"Label","x":"589","y":"330","zOrder":"13"},{"ID":"59","measuredH":"24","measuredW":"24","properties":{"color":"10027263","icon":{"ID":"circle","size":"small"}},"typeID":"Icon","x":"555","y":"330","zOrder":"14"},{"ID":"60","measuredH":"21","measuredW":"10","properties":{"bold":"true","color":"16777215","text":"1"},"typeID":"Label","x":"563","y":"332","zOrder":"15"},{"ID":"61","h":"41","measuredH":"140","measuredW":"200","properties":{"color":"16776960"},"typeID":"TextArea","w":"250","x":"543","y":"370","zOrder":"16"},{"ID":"62","measuredH":"25","measuredW":"174","properties":{"bold":"true","size":"17","text":"Learn Data Structure"},"typeID":"Label","x":"589","y":"378","zOrder":"17"},{"ID":"63","measuredH":"24","measuredW":"24","properties":{"color":"10027263","icon":{"ID":"circle","size":"small"}},"typeID":"Icon","x":"555","y":"378","zOrder":"18"},{"ID":"64","measuredH":"21","measuredW":"10","properties":{"bold":"true","color":"16777215","text":"2"},"typeID":"Label","w":"10","x":"563","y":"380","zOrder":"19"},{"ID":"65","h":"41","measuredH":"140","measuredW":"200","properties":{"color":"16776960"},"typeID":"TextArea","w":"250","x":"544","y":"417","zOrder":"20"},{"ID":"66","measuredH":"25","measuredW":"130","properties":{"bold":"true","size":"17","text":"Learn Algorithm"},"typeID":"Label","x":"589","y":"424","zOrder":"21"},{"ID":"67","measuredH":"24","measuredW":"24","properties":{"color":"10027263","icon":{"ID":"circle","size":"small"}},"typeID":"Icon","x":"556","y":"424","zOrder":"22"},{"ID":"68","measuredH":"21","measuredW":"10","properties":{"bold":"true","color":"16777215","text":"3"},"typeID":"Label","w":"10","x":"564","y":"426","zOrder":"23"},{"ID":"76","measuredH":"24","measuredW":"24","properties":{"color":"10027263","icon":{"ID":"circle","size":"small"}},"typeID":"Icon","x":"610","y":"511","zOrder":"24"},{"ID":"91","measuredH":"32","measuredW":"32","properties":{"color":"10027263","icon":{"ID":"github","size":"medium"}},"typeID":"Icon","x":"920","y":"81","zOrder":"25"},{"ID":"92","measuredH":"25","measuredW":"299","properties":{"bold":"true","color":"10027263","size":"17","text":"utilForever/game-developer-roadmap"},"typeID":"Label","x":"959","y":"85","zOrder":"26"},{"ID":"109","measuredH":"25","measuredW":"200","properties":{"size":"17","text":"Don't worry about GUI yet"},"typeID":"Label","x":"859","y":"363","zOrder":"27"},{"ID":"110","measuredH":"25","measuredW":"499","properties":{"size":"17","text":"Recommend studying the internal structure of languages deeply"},"typeID":"Label","x":"854","y":"302","zOrder":"28"},{"ID":"111","measuredH":"25","measuredW":"267","properties":{"size":"17","text":"Learn the basics and how to use it"},"typeID":"Label","x":"858","y":"268","zOrder":"29"},{"ID":"112","measuredH":"25","measuredW":"395","properties":{"size":"17","text":"Make a simple console games – focus on structure"},"typeID":"Label","x":"860","y":"334","zOrder":"30"},{"ID":"113","measuredH":"25","measuredW":"301","properties":{"size":"17","text":"Understand the structure and behavior"},"typeID":"Label","x":"855","y":"414","zOrder":"31"},{"ID":"114","measuredH":"25","measuredW":"429","properties":{"size":"17","text":"Try to understand the code rather than just memorize it"},"typeID":"Label","x":"855","y":"442","zOrder":"32"},{"ID":"115","measuredH":"25","measuredW":"336","properties":{"size":"17","text":"Practice solving various algorithm problems"},"typeID":"Label","x":"850","y":"471","zOrder":"33"},{"ID":"191","measuredH":"32","measuredW":"32","properties":{"color":"10027263","icon":{"ID":"twitter","size":"medium"}},"typeID":"Icon","x":"920","y":"127","zOrder":"34"},{"ID":"192","measuredH":"25","measuredW":"86","properties":{"bold":"true","color":"10027263","size":"17","text":"utilForever"},"typeID":"Label","x":"960","y":"132","zOrder":"35"},{"ID":"366","h":"20","measuredH":"3","measuredW":"53","properties":{"color":"2848996","curvature":"1","direction":"top","leftArrow":"false","p0":{"x":0,"y":0},"p1":{"x":0.4583941605839416,"y":0.03941605839416058},"p2":{"x":46,"y":19},"rightArrow":"false","shape":"bezier","stroke":"dotted"},"typeID":"Arrow","w":"47","x":"491","y":"355","zOrder":"36"},{"ID":"367","measuredH":"25","measuredW":"301","properties":{"align":"right","size":"17","text":"Understand the structure and behavior"},"typeID":"Label","x":"181","y":"340","zOrder":"37"},{"ID":"368","h":"5","measuredH":"25","measuredW":"47","properties":{"color":"2848996","curvature":"1","direction":"top","leftArrow":"false","p0":{"x":0,"y":2},"p1":{"x":0.45839416058394167,"y":0.03941605839416059},"p2":{"x":52,"y":4},"rightArrow":"false","shape":"bezier","stroke":"dotted"},"typeID":"Arrow","w":"53","x":"490","y":"384","zOrder":"38"},{"ID":"369","measuredH":"25","measuredW":"374","properties":{"align":"right","size":"17","text":"Think about the property of data when you use it"},"typeID":"Label","x":"106","y":"375","zOrder":"39"},{"ID":"370","h":"22","measuredH":"10","measuredW":"48","properties":{"color":"2848996","curvature":"-1","direction":"bottom","leftArrow":"false","p0":{"x":0,"y":21},"p1":{"x":0.4583941605839416,"y":0.0394160583941605},"p2":{"x":60,"y":0},"rightArrow":"false","shape":"bezier","stroke":"dotted"},"typeID":"Arrow","w":"61","x":"482","y":"399","zOrder":"40"},{"ID":"371","measuredH":"25","measuredW":"425","properties":{"align":"right","size":"17","text":"Don't memorize the time complexity - focus on concept"},"typeID":"Label","x":"49","y":"408","zOrder":"41"}]},"measuredH":"535","measuredW":"1353","mockupH":"488","mockupW":"1304","version":"1.0"}}