{"mockup":{"controls":{"control":[{"ID":"146","measuredH":"40","measuredW":"91","properties":{"bold":"true","size":"32","text":"Client"},"typeID":"Label","x":"572","y":"315","zOrder":"0"},{"ID":"147","h":"74","measuredH":"73","measuredW":"18","properties":{"color":"2848996","curvature":"-1","direction":"bottom","leftArrow":"false","p0":{"x":8,"y":0},"p1":{"x":0.4589494163424125,"y":0.1931906614785992},"p2":{"x":0,"y":73},"rightArrow":"false","shape":"bezier","stroke":"dotted"},"typeID":"Arrow","w":"19","x":"620","y":"238","zOrder":"1"},{"ID":"148","h":"58","measuredH":"57","measuredW":"11","properties":{"color":"2848996","curvature":"-1","direction":"top","leftArrow":"false","p0":{"length":3,"x":3,"y":0},"p1":{"length":0.4752342503759221,"x":0.4639175257731959,"y":-0.10309278350515466},"p2":{"length":58.05170109479997,"x":11,"y":57},"rightArrow":"false","shape":"bezier"},"typeID":"Arrow","w":"12","x":"608","y":"368","zOrder":"2"},{"ID":"149","measuredH":"26","measuredW":"147","properties":{"bold":"true","size":"18","text":"Learn the Basics"},"typeID":"Label","x":"572","y":"435","zOrder":"3"},{"ID":"150","h":"98","measuredH":"97","measuredW":"17","properties":{"color":"2848996","curvature":"-1","direction":"bottom","leftArrow":"false","p0":{"x":4,"y":0},"p1":{"x":0.47967479674796737,"y":0.1544715447154471},"p2":{"x":0,"y":97},"rightArrow":"true","shape":"bezier"},"typeID":"Arrow","w":"18","x":"636","y":"473","zOrder":"4"},{"ID":"157","h":"87","measuredH":"86","measuredW":"104","properties":{"color":"2848996","curvature":"1","direction":"top","p0":{"x":0,"y":4},"p1":{"x":0.3669327251995439,"y":0.19315849486887116},"p2":{"x":104,"y":86},"rightArrow":"false","shape":"bezier"},"typeID":"Arrow","w":"105","x":"522","y":"491","zOrder":"5"},{"ID":"159","h":"146","measuredH":"145","measuredW":"18","properties":{"color":"2848996","curvature":"-1","direction":"top","leftArrow":"false","p0":{"x":15,"y":0},"p1":{"x":0.5188679245283019,"y":-0.11320754716981138},"p2":{"x":18,"y":145},"rightArrow":"false","shape":"bezier"},"typeID":"Arrow","w":"19","x":"618","y":"585","zOrder":"6"},{"ID":"160","measuredH":"26","measuredW":"134","properties":{"bold":"true","size":"18","text":"Getting Deeper"},"typeID":"Label","w":"134","x":"609","y":"914","zOrder":"7"},{"ID":"161","h":"72","measuredH":"71","measuredW":"20","properties":{"color":"2848996","curvature":"-1","direction":"bottom","leftArrow":"false","p0":{"length":18,"x":18,"y":0},"p1":{"length":0.4761589041816419,"x":0.4593818672454052,"y":0.1252820900112502},"p2":{"length":70.98591549295774,"x":0,"y":70.98591549295774},"rightArrow":"true","shape":"bezier"},"typeID":"Arrow","w":"21","x":"655","y":"945","zOrder":"8"},{"ID":"163","h":"55","measuredH":"54","measuredW":"167","properties":{"color":"2848996","curvature":"1","direction":"bottom","p0":{"x":167,"y":3},"p1":{"x":0.4920301738274845,"y":-0.11433256805510005},"p2":{"x":0,"y":54},"rightArrow":"false","shape":"bezier"},"typeID":"Arrow","w":"168","x":"660","y":"968","zOrder":"9"},{"ID":"178","h":"19","measuredH":"18","measuredW":"146","properties":{"color":"2848996","curvature":"-1","direction":"top","leftArrow":"false","p0":{"x":146,"y":18},"p1":{"x":0.499809845969463,"y":-0.0974514395368584},"p2":{"x":0,"y":12},"rightArrow":"true","shape":"bezier"},"typeID":"Arrow","w":"147","x":"508","y":"1000","zOrder":"10"},{"ID":"214","h":"303","measuredH":"302","measuredW":"36","properties":{"color":"2848996","curvature":"-1","direction":"bottom","leftArrow":"false","p0":{"x":33,"y":0},"p1":{"x":0.4885713623052957,"y":0.04938508096555646},"p2":{"x":0,"y":302},"rightArrow":"false","shape":"bezier"},"typeID":"Arrow","w":"37","x":"624","y":"1024","zOrder":"11"},{"ID":"215","measuredH":"48","measuredW":"48","properties":{"color":"2848996","icon":{"ID":"flag-checkered","size":"large"}},"typeID":"Icon","x":"625","y":"1926","zOrder":"12"},{"ID":"216","measuredH":"26","measuredW":"118","properties":{"bold":"true","color":"2848996","size":"18","text":"Start Building"},"typeID":"Label","x":"587","y":"1977","zOrder":"13"},{"ID":"218","measuredH":"48","measuredW":"48","properties":{"color":"2848996","icon":{"ID":"circle","size":"large"}},"typeID":"Icon","x":"609","y":"547","zOrder":"14"},{"ID":"219","measuredH":"48","measuredW":"48","properties":{"color":"2848996","icon":{"ID":"circle","size":"large"}},"typeID":"Icon","x":"631","y":"990","zOrder":"15"},{"ID":"220","measuredH":"25","measuredW":"69","properties":{"bold":"true","size":"17","text":"Legends"},"typeID":"Label","x":"846","y":"244","zOrder":"16"},{"ID":"221","measuredH":"32","measuredW":"234","properties":{"align":"center","color":"16776960","size":"18","text":"Personal Recommendation!"},"typeID":"TextInput","w":"240","x":"846","y":"281","zOrder":"17"},{"ID":"222","measuredH":"32","measuredW":"109","properties":{"align":"center","color":"15658734","size":"18","text":"Possibilities"},"typeID":"TextInput","w":"240","x":"846","y":"317","zOrder":"18"},{"ID":"223","measuredH":"32","measuredW":"87","properties":{"align":"center","color":"16770457","size":"18","text":"Pick any!"},"typeID":"TextInput","w":"240","x":"846","y":"353","zOrder":"19"},{"ID":"266","measuredH":"32","measuredW":"171","properties":{"align":"center","color":"16776960","size":"18","text":"Game Mathematics"},"typeID":"TextInput","w":"185","x":"332","y":"478","zOrder":"20"},{"ID":"269","measuredH":"32","measuredW":"135","properties":{"align":"center","color":"16776960","size":"18","text":"Linear Algebra"},"typeID":"TextInput","w":"154","x":"403","y":"353","zOrder":"21"},{"ID":"270","h":"51","measuredH":"50","measuredW":"30","properties":{"color":"2848996","curvature":"1","direction":"top","leftArrow":"false","p0":{"x":0,"y":0},"p1":{"x":0.4617647058823529,"y":0.10294117647058824},"p2":{"x":30,"y":50},"rightArrow":"true","shape":"bezier"},"typeID":"Arrow","w":"31","x":"431","y":"513","zOrder":"22"},{"ID":"271","measuredH":"32","measuredW":"218","properties":{"align":"center","color":"16776960","size":"18","text":"Probability and Statistics"},"typeID":"TextInput","w":"235","x":"345","y":"567","zOrder":"23"},{"ID":"272","h":"87","measuredH":"86","measuredW":"9","properties":{"color":"2848996","curvature":"-1","direction":"bottom","p0":{"x":4,"y":0},"p1":{"x":0.4386955963538323,"y":0.08627551675439724},"p2":{"x":0,"y":86},"rightArrow":"false","shape":"bezier"},"typeID":"Arrow","w":"10","x":"462","y":"388","zOrder":"24"},{"ID":"273","h":"61","measuredH":"60","measuredW":"35","properties":{"color":"2848996","curvature":"1","direction":"top","p0":{"x":0,"y":0},"p1":{"x":0.5233160621761658,"y":0.011398963730569948},"p2":{"x":35,"y":60},"rightArrow":"false","shape":"bezier"},"typeID":"Arrow","w":"36","x":"364","y":"413","zOrder":"25"},{"ID":"274","measuredH":"32","measuredW":"85","properties":{"align":"center","color":"16776960","size":"18","text":"Calculus"},"typeID":"TextInput","w":"110","x":"273","y":"375","zOrder":"26"},{"ID":"275","h":"33","measuredH":"32","measuredW":"142","properties":{"color":"2848996","curvature":"-1","direction":"bottom","p0":{"x":142,"y":0},"p1":{"x":0.44464799790630727,"y":0.14568612056180755},"p2":{"x":0,"y":23},"rightArrow":"false","shape":"bezier"},"typeID":"Arrow","w":"143","x":"643","y":"548","zOrder":"27"},{"ID":"276","measuredH":"32","measuredW":"130","properties":{"align":"center","color":"16776960","size":"18","text":"Game Physics"},"typeID":"TextInput","w":"156","x":"743","y":"510","zOrder":"28"},{"ID":"278","h":"51","measuredH":"50","measuredW":"100","properties":{"color":"2848996","curvature":"1","direction":"bottom","p0":{"length":100.00499987500623,"x":100,"y":1},"p1":{"length":0.8323180945955514,"x":0.7744609065571366,"y":-0.3048995159160921},"p2":{"length":50.635955604688654,"x":8,"y":50},"rightArrow":"false","shape":"bezier"},"typeID":"Arrow","w":"101","x":"818","y":"455","zOrder":"29"},{"ID":"280","measuredH":"32","measuredW":"181","properties":{"align":"center","color":"16776960","size":"18","text":"Classical Mechanics"},"typeID":"TextInput","w":"197","x":"921","y":"440","zOrder":"30"},{"ID":"283","h":"15","measuredH":"14","measuredW":"122","properties":{"color":"2848996","curvature":"-1","direction":"bottom","p0":{"x":122,"y":0},"p1":{"x":0.533295647258338,"y":0.07167891464104013},"p2":{"x":0,"y":10},"rightArrow":"false","shape":"bezier"},"typeID":"Arrow","w":"123","x":"902","y":"518","zOrder":"31"},{"ID":"284","h":"38","measuredH":"37","measuredW":"154","properties":{"color":"2848996","curvature":"1","direction":"top","p0":{"x":154,"y":37},"p1":{"x":0.5332956472583381,"y":0.07167891464104012},"p2":{"x":0,"y":0},"rightArrow":"false","shape":"bezier"},"typeID":"Arrow","w":"155","x":"852","y":"545","zOrder":"32"},{"ID":"285","measuredH":"32","measuredW":"144","properties":{"align":"center","color":"16770457","size":"18","text":"Fluid Mechanics"},"typeID":"TextInput","w":"156","x":"1010","y":"567","zOrder":"33"},{"ID":"286","measuredH":"32","measuredW":"69","properties":{"align":"center","color":"15658734","size":"18","text":"Optics"},"typeID":"TextInput","w":"89","x":"1029","y":"502","zOrder":"34"},{"ID":"287","measuredH":"48","measuredW":"48","properties":{"color":"2848996","icon":{"ID":"circle","size":"large"}},"typeID":"Icon","x":"609","y":"706","zOrder":"35"},{"ID":"288","h":"58","measuredH":"57","measuredW":"133","properties":{"color":"2848996","curvature":"1","direction":"bottom","p0":{"x":133,"y":34},"p1":{"x":0.43527837570539296,"y":-0.318459479899936},"p2":{"x":0,"y":57},"rightArrow":"false","shape":"bezier"},"typeID":"Arrow","w":"134","x":"643","y":"674","zOrder":"36"},{"ID":"289","measuredH":"32","measuredW":"220","properties":{"align":"center","color":"16776960","size":"18","text":"Programming Languages"},"typeID":"TextInput","w":"242","x":"759","y":"714","zOrder":"37"},{"ID":"290","h":"37","measuredH":"36","measuredW":"150","properties":{"color":"2848996","curvature":"-1","direction":"bottom","leftArrow":"false","p0":{"x":150,"y":0},"p1":{"x":0.521161261056929,"y":0.22553867090043092},"p2":{"x":0,"y":5},"rightArrow":"true","shape":"bezier"},"typeID":"Arrow","w":"151","x":"471","y":"732","zOrder":"38"},{"ID":"291","measuredH":"32","measuredW":"133","properties":{"align":"center","color":"16776960","size":"18","text":"Game Engines"},"typeID":"TextInput","w":"156","x":"310","y":"720","zOrder":"39"},{"ID":"292","h":"55","measuredH":"54","measuredW":"38","properties":{"color":"2848996","curvature":"1","direction":"bottom","p0":{"x":38,"y":0},"p1":{"x":0.5561489757585238,"y":-0.15769977694435536},"p2":{"x":1,"y":54},"rightArrow":"false","shape":"bezier"},"typeID":"Arrow","w":"39","x":"835","y":"659","zOrder":"40"},{"ID":"293","measuredH":"32","measuredW":"72","properties":{"align":"center","color":"16776960","size":"18","text":"C/C++"},"typeID":"TextInput","w":"103","x":"876","y":"642","zOrder":"41"},{"ID":"295","h":"17","measuredH":"16","measuredW":"60","properties":{"color":"2848996","curvature":"1","direction":"bottom","p0":{"length":60.00833275470999,"x":60,"y":1},"p1":{"length":0.5088226215095445,"x":0.5029304916444661,"y":-0.07720997820295479},"p2":{"length":16,"x":0,"y":16},"rightArrow":"false","shape":"bezier"},"typeID":"Arrow","w":"61","x":"1005","y":"714","zOrder":"42"},{"ID":"296","measuredH":"32","measuredW":"39","properties":{"align":"center","color":"16776960","size":"18","text":"C#"},"typeID":"TextInput","w":"65","x":"1069","y":"699","zOrder":"43"},{"ID":"297","h":"17","measuredH":"16","measuredW":"52","properties":{"color":"2848996","curvature":"1","direction":"bottom","p0":{"x":52,"y":3},"p1":{"x":0.5561489757585237,"y":-0.15769977694435536},"p2":{"x":0,"y":16},"rightArrow":"false","shape":"bezier"},"typeID":"Arrow","w":"53","x":"981","y":"643","zOrder":"44"},{"ID":"298","measuredH":"32","measuredW":"92","properties":{"align":"center","color":"16776960","size":"18","text":"Assembly"},"typeID":"TextInput","w":"103","x":"1037","y":"632","zOrder":"45"},{"ID":"299","measuredH":"32","measuredW":"70","properties":{"align":"center","color":"15658734","size":"18","text":"Python"},"typeID":"TextInput","w":"92","x":"881","y":"812","zOrder":"46"},{"ID":"300","measuredH":"32","measuredW":"45","properties":{"align":"center","color":"15658734","size":"18","text":"Lua"},"typeID":"TextInput","w":"68","x":"1018","y":"785","zOrder":"47"},{"ID":"301","h":"59","measuredH":"58","measuredW":"51","properties":{"color":"2848996","curvature":"-1","direction":"top","p0":{"x":51,"y":58},"p1":{"x":0.48566638725901096,"y":-0.13394803017602683},"p2":{"x":0,"y":0},"rightArrow":"false","shape":"bezier"},"typeID":"Arrow","w":"52","x":"867","y":"750","zOrder":"48"},{"ID":"302","h":"55","measuredH":"54","measuredW":"94","properties":{"color":"2848996","curvature":"1","direction":"top","p0":{"x":94,"y":54},"p1":{"x":0.47702518720217835,"y":0.0399931926480599},"p2":{"x":0,"y":0},"rightArrow":"false","shape":"bezier"},"typeID":"Arrow","w":"95","x":"919","y":"750","zOrder":"49"},{"ID":"303","h":"42","measuredH":"41","measuredW":"99","properties":{"color":"2848996","curvature":"1","direction":"top","p0":{"length":4,"x":0,"y":4},"p1":{"length":0.6191636823655217,"x":0.5861256824751098,"y":0.1995503693394713},"p2":{"length":107.15409464878138,"x":99,"y":41},"rightArrow":"false","shape":"bezier"},"typeID":"Arrow","w":"100","x":"289","y":"674","zOrder":"50"},{"ID":"304","measuredH":"32","measuredW":"68","properties":{"align":"center","color":"16776960","size":"18","text":"Unreal"},"typeID":"TextInput","w":"93","x":"192","y":"659","zOrder":"51"},{"ID":"305","measuredH":"32","measuredW":"57","properties":{"align":"center","color":"16776960","size":"18","text":"Unity"},"typeID":"TextInput","w":"73","x":"164","y":"746","zOrder":"52"},{"ID":"306","h":"27","measuredH":"26","measuredW":"64","properties":{"color":"2848996","curvature":"1","direction":"bottom","p0":{"x":0,"y":26},"p1":{"x":0.5293378038558256,"y":-0.04316848281642917},"p2":{"x":64,"y":0},"rightArrow":"false","shape":"bezier"},"typeID":"Arrow","w":"65","x":"242","y":"736","zOrder":"53"},{"ID":"307","h":"53","measuredH":"52","measuredW":"29","properties":{"color":"2848996","curvature":"1","direction":"bottom","p0":{"length":33.12099032335839,"x":29,"y":16},"p1":{"length":0.7276545417129417,"x":0.04245283018867921,"y":-0.7264150943396224},"p2":{"length":52.773099207835045,"x":9,"y":52},"rightArrow":"false","shape":"bezier"},"typeID":"Arrow","w":"30","x":"412","y":"663","zOrder":"54"},{"ID":"308","measuredH":"32","measuredW":"104","properties":{"align":"center","color":"16776960","size":"18","text":"Cocos2d-x"},"typeID":"TextInput","w":"109","x":"446","y":"663","zOrder":"55"},{"ID":"309","h":"164","measuredH":"163","measuredW":"31","properties":{"color":"2848996","curvature":"-1","direction":"top","leftArrow":"false","p0":{"x":3,"y":0},"p1":{"x":0.5087001996767139,"y":-0.07949034895882856},"p2":{"x":31,"y":163},"rightArrow":"false","shape":"bezier"},"typeID":"Arrow","w":"32","x":"630","y":"746","zOrder":"56"},{"ID":"310","h":"71","measuredH":"70","measuredW":"71","properties":{"color":"2848996","curvature":"-1","direction":"bottom","leftArrow":"false","p0":{"x":71,"y":0},"p1":{"x":0.4833401892225422,"y":0.24105306458247636},"p2":{"x":0,"y":70},"rightArrow":"true","shape":"bezier"},"typeID":"Arrow","w":"72","x":"273","y":"758","zOrder":"57"},{"ID":"311","measuredH":"32","measuredW":"114","properties":{"align":"center","color":"16770457","size":"18","text":"GameMaker"},"typeID":"TextInput","w":"125","x":"144","y":"812","zOrder":"58"},{"ID":"312","h":"95","measuredH":"94","measuredW":"19","properties":{"color":"2848996","curvature":"0","direction":"bottom","p0":{"x":0,"y":94},"p1":{"x":0.5889502762430938,"y":-0.009944751381215469},"p2":{"x":19,"y":0},"rightArrow":"false","shape":"bezier"},"typeID":"Arrow","w":"20","x":"355","y":"758","zOrder":"59"},{"ID":"313","measuredH":"32","measuredW":"96","properties":{"align":"center","color":"16770457","size":"18","text":"Construct"},"typeID":"TextInput","w":"104","x":"285","y":"858","zOrder":"60"},{"ID":"315","h":"51","measuredH":"50","measuredW":"41","properties":{"color":"2848996","curvature":"1","direction":"top","p0":{"x":41,"y":50},"p1":{"x":0.47702518720217835,"y":0.0399931926480599},"p2":{"x":0,"y":0},"rightArrow":"false","shape":"bezier"},"typeID":"Arrow","w":"42","x":"432","y":"758","zOrder":"61"},{"ID":"316","measuredH":"32","measuredW":"110","properties":{"align":"center","color":"16770457","size":"18","text":"GameSalad"},"typeID":"TextInput","w":"115","x":"478","y":"793","zOrder":"62"},{"ID":"317","h":"84","measuredH":"83","measuredW":"31","properties":{"color":"2848996","curvature":"1","direction":"top","p0":{"x":31,"y":83},"p1":{"x":0.47702518720217835,"y":0.03999319264805988},"p2":{"x":0,"y":0},"rightArrow":"false","shape":"bezier"},"typeID":"Arrow","w":"32","x":"403","y":"758","zOrder":"63"},{"ID":"318","measuredH":"32","measuredW":"99","properties":{"align":"center","color":"15658734","size":"18","text":"CryEngine"},"typeID":"TextInput","w":"104","x":"413","y":"845","zOrder":"64"},{"ID":"319","h":"41","measuredH":"40","measuredW":"37","properties":{"color":"2848996","curvature":"1","direction":"bottom","p0":{"x":0,"y":40},"p1":{"x":0.585413290113452,"y":-0.6298217179902753},"p2":{"x":19,"y":0},"rightArrow":"false","shape":"bezier"},"typeID":"Arrow","w":"38","x":"814","y":"751","zOrder":"65"},{"ID":"321","measuredH":"32","measuredW":"73","properties":{"align":"center","color":"15658734","size":"18","text":"HTML5"},"typeID":"TextInput","w":"92","x":"716","y":"777","zOrder":"66"},{"ID":"323","measuredH":"32","measuredW":"120","properties":{"align":"center","color":"16776960","size":"18","text":"Graphics API"},"typeID":"TextInput","w":"141","x":"832","y":"955","zOrder":"67"},{"ID":"324","measuredH":"32","measuredW":"192","properties":{"align":"center","color":"16776960","size":"18","text":"Discrete Mathematics"},"typeID":"TextInput","w":"204","x":"94","y":"424","zOrder":"68"},{"ID":"325","h":"33","measuredH":"32","measuredW":"54","properties":{"color":"2848996","curvature":"1","direction":"top","p0":{"x":0,"y":0},"p1":{"x":0.5711711711711711,"y":0.1729729729729731},"p2":{"x":54,"y":32},"rightArrow":"false","shape":"bezier"},"typeID":"Arrow","w":"55","x":"303","y":"441","zOrder":"69"},{"ID":"327","measuredH":"32","measuredW":"220","properties":{"align":"center","color":"15658734","size":"18","text":"Engineering Mathematics"},"typeID":"TextInput","w":"233","x":"40","y":"491","zOrder":"70"},{"ID":"328","measuredH":"32","measuredW":"170","properties":{"align":"center","color":"16770457","size":"18","text":"Numerical Analysis"},"typeID":"TextInput","w":"178","x":"132","y":"548","zOrder":"71"},{"ID":"329","h":"16","measuredH":"15","measuredW":"50","properties":{"color":"2848996","curvature":"1","direction":"bottom","p0":{"x":0,"y":15},"p1":{"x":0.6201834862385321,"y":-0.06605504587155964},"p2":{"x":50,"y":0},"rightArrow":"false","shape":"bezier"},"typeID":"Arrow","w":"51","x":"277","y":"492","zOrder":"72"},{"ID":"330","h":"51","measuredH":"50","measuredW":"59","properties":{"color":"2848996","curvature":"1","direction":"bottom","p0":{"x":0,"y":50},"p1":{"x":0.6201834862385321,"y":-0.06605504587155964},"p2":{"x":59,"y":0},"rightArrow":"false","shape":"bezier"},"typeID":"Arrow","w":"60","x":"315","y":"514","zOrder":"73"},{"ID":"332","measuredH":"32","measuredW":"75","properties":{"align":"center","color":"16776960","size":"18","text":"DirectX"},"typeID":"TextInput","w":"86","x":"818","y":"877","zOrder":"74"},{"ID":"334","measuredH":"32","measuredW":"83","properties":{"align":"center","color":"16776960","size":"18","text":"OpenGL"},"typeID":"TextInput","w":"86","x":"943","y":"861","zOrder":"75"},{"ID":"335","measuredH":"32","measuredW":"69","properties":{"align":"center","color":"16776960","size":"18","text":"Vulkan"},"typeID":"TextInput","w":"86","x":"1034","y":"926","zOrder":"76"},{"ID":"338","measuredH":"32","measuredW":"74","properties":{"align":"center","color":"15658734","size":"18","text":"WebGL"},"typeID":"TextInput","w":"92","x":"981","y":"1023","zOrder":"77"},{"ID":"339","measuredH":"32","measuredW":"60","properties":{"align":"center","color":"15658734","size":"18","text":"Metal"},"typeID":"TextInput","w":"92","x":"808","y":"1046","zOrder":"78"},{"ID":"340","h":"38","measuredH":"37","measuredW":"15","properties":{"color":"2848996","curvature":"1","direction":"top","p0":{"x":0,"y":0},"p1":{"x":0.6404494382022472,"y":0.10861423220973784},"p2":{"x":15,"y":37},"rightArrow":"false","shape":"bezier"},"typeID":"Arrow","w":"16","x":"865","y":"913","zOrder":"79"},{"ID":"341","h":"54","measuredH":"53","measuredW":"40","properties":{"color":"2848996","curvature":"1","direction":"bottom","p0":{"x":40,"y":0},"p1":{"x":0.5942263279445728,"y":-0.16651270207852192},"p2":{"x":1,"y":53},"rightArrow":"false","shape":"bezier"},"typeID":"Arrow","w":"41","x":"947","y":"898","zOrder":"80"},{"ID":"342","h":"28","measuredH":"27","measuredW":"51","properties":{"color":"2848996","curvature":"-1","direction":"bottom","p0":{"length":51,"x":51,"y":0},"p1":{"length":0.46464529449408304,"x":0.46285018270401934,"y":0.040803897685749074},"p2":{"length":27,"x":0,"y":27},"rightArrow":"false","shape":"bezier"},"typeID":"Arrow","w":"52","x":"977","y":"944","zOrder":"81"},{"ID":"343","h":"48","measuredH":"47","measuredW":"44","properties":{"color":"2848996","curvature":"1","direction":"top","p0":{"x":44,"y":47},"p1":{"x":0.46285018270401934,"y":0.040803897685749074},"p2":{"x":0,"y":0},"rightArrow":"false","shape":"bezier"},"typeID":"Arrow","w":"45","x":"933","y":"992","zOrder":"82"},{"ID":"344","h":"50","measuredH":"49","measuredW":"39","properties":{"color":"2848996","curvature":"-1","direction":"bottom","p0":{"x":0,"y":49},"p1":{"x":0.48775348959705034,"y":0.08691071898867528},"p2":{"x":39,"y":0},"rightArrow":"false","shape":"bezier"},"typeID":"Arrow","w":"40","x":"857","y":"991","zOrder":"83"},{"ID":"345","h":"23","measuredH":"22","measuredW":"34","properties":{"color":"2848996","curvature":"1","direction":"top","p0":{"x":0,"y":0},"p1":{"x":0.6404494382022472,"y":0.10861423220973786},"p2":{"x":34,"y":22},"rightArrow":"false","shape":"bezier"},"typeID":"Arrow","w":"35","x":"778","y":"866","zOrder":"84"},{"ID":"346","measuredH":"32","measuredW":"59","properties":{"align":"center","color":"16776960","size":"18","text":"HLSL"},"typeID":"TextInput","w":"70","x":"702","y":"845","zOrder":"85"},{"ID":"347","measuredH":"32","measuredW":"61","properties":{"align":"center","color":"16776960","size":"18","text":"GLSL"},"typeID":"TextInput","w":"70","x":"1080","y":"850","zOrder":"86"},{"ID":"348","h":"16","measuredH":"15","measuredW":"44","properties":{"color":"2848996","curvature":"1","direction":"bottom","p0":{"x":44,"y":2},"p1":{"x":0.5942263279445728,"y":-0.16651270207852192},"p2":{"x":0,"y":15},"rightArrow":"false","shape":"bezier"},"typeID":"Arrow","w":"45","x":"1033","y":"862","zOrder":"87"},{"ID":"349","h":"32","measuredH":"31","measuredW":"37","properties":{"color":"2848996","curvature":"1","direction":"top","p0":{"x":37,"y":31},"p1":{"x":0.5300429184549356,"y":0.17381974248927037},"p2":{"x":0,"y":0},"rightArrow":"false","shape":"bezier"},"typeID":"Arrow","w":"38","x":"1069","y":"963","zOrder":"88"},{"ID":"350","measuredH":"32","measuredW":"75","properties":{"align":"center","color":"16776960","size":"18","text":"SPIR-V"},"typeID":"TextInput","w":"80","x":"1110","y":"979","zOrder":"89"},{"ID":"351","measuredH":"32","measuredW":"158","properties":{"align":"center","color":"16776960","size":"18","text":"Computer Theory"},"typeID":"TextInput","w":"172","x":"332","y":"998","zOrder":"90"},{"ID":"352","measuredH":"32","measuredW":"164","properties":{"align":"center","color":"16776960","size":"18","text":"Operating System"},"typeID":"TextInput","w":"172","x":"85","y":"979","zOrder":"91"},{"ID":"353","h":"20","measuredH":"19","measuredW":"68","properties":{"color":"2848996","curvature":"-1","direction":"top","leftArrow":"false","p0":{"x":68,"y":19},"p1":{"x":0.499809845969463,"y":-0.0974514395368584},"p2":{"x":0,"y":1},"rightArrow":"true","shape":"bezier"},"typeID":"Arrow","w":"69","x":"261","y":"995","zOrder":"92"},{"ID":"354","h":"66","measuredH":"65","measuredW":"38","properties":{"color":"2848996","curvature":"1","direction":"top","p0":{"x":0,"y":1},"p1":{"x":0.40619344460084456,"y":0.418861854011663},"p2":{"x":24,"y":65},"rightArrow":"false","shape":"bezier"},"typeID":"Arrow","w":"39","x":"454","y":"928","zOrder":"93"},{"ID":"355","measuredH":"32","measuredW":"201","properties":{"align":"center","color":"16776960","size":"18","text":"Computer Architecture"},"typeID":"TextInput","w":"209","x":"241","y":"914","zOrder":"94"},{"ID":"356","h":"39","measuredH":"37","measuredW":"15","properties":{"color":"2848996","curvature":"1","direction":"top","p0":{"length":0,"x":0,"y":0},"p1":{"length":0.6495941304630799,"x":0.6404494382022472,"y":0.10861423220973786},"p2":{"length":39.92492955535426,"x":15,"y":37},"rightArrow":"false","shape":"bezier"},"typeID":"Arrow","w":"17","x":"164","y":"938","zOrder":"95"},{"ID":"357","measuredH":"32","measuredW":"87","properties":{"align":"center","color":"16776960","size":"18","text":"Windows"},"typeID":"TextInput","w":"96","x":"94","y":"900","zOrder":"96"},{"ID":"359","measuredH":"32","measuredW":"57","properties":{"align":"center","color":"16770457","size":"18","text":"Linux"},"typeID":"TextInput","w":"92","x":"100","y":"1062","zOrder":"97"},{"ID":"360","measuredH":"32","measuredW":"49","properties":{"align":"center","color":"15658734","size":"18","text":"Mac"},"typeID":"TextInput","w":"71","x":"237","y":"1046","zOrder":"98"},{"ID":"361","h":"44","measuredH":"43","measuredW":"18","properties":{"color":"2848996","curvature":"-1","direction":"bottom","p0":{"x":0,"y":43},"p1":{"x":0.48775348959705034,"y":0.08691071898867525},"p2":{"x":18,"y":0},"rightArrow":"false","shape":"bezier"},"typeID":"Arrow","w":"19","x":"144","y":"1014","zOrder":"99"},{"ID":"362","h":"46","measuredH":"45","measuredW":"31","properties":{"color":"2848996","curvature":"1","direction":"top","p0":{"x":31,"y":45},"p1":{"x":0.6363636363636364,"y":0.3181818181818182},"p2":{"x":9,"y":0},"rightArrow":"false","shape":"bezier"},"typeID":"Arrow","w":"32","x":"201","y":"1016","zOrder":"100"},{"ID":"363","h":"32","measuredH":"31","measuredW":"28","properties":{"color":"2848996","curvature":"1","direction":"top","p0":{"x":28,"y":31},"p1":{"x":0.5713467048710601,"y":0.0968481375358166},"p2":{"x":0,"y":0},"rightArrow":"false","shape":"bezier"},"typeID":"Arrow","w":"29","x":"429","y":"1035","zOrder":"101"},{"ID":"364","measuredH":"32","measuredW":"172","properties":{"align":"center","color":"16776960","size":"18","text":"Computer Graphics"},"typeID":"TextInput","w":"172","x":"462","y":"1053","zOrder":"102"},{"ID":"365","h":"97","measuredH":"96","measuredW":"63","properties":{"color":"2848996","curvature":"1","direction":"bottom","p0":{"x":0,"y":96},"p1":{"x":0.4588085334764525,"y":-0.25472963907151486},"p2":{"x":61,"y":0},"rightArrow":"false","shape":"bezier"},"typeID":"Arrow","w":"64","x":"304","y":"1036","zOrder":"103"},{"ID":"366","measuredH":"32","measuredW":"182","properties":{"align":"center","color":"16776960","size":"18","text":"Artificial Intelligence"},"typeID":"TextInput","w":"204","x":"94","y":"1116","zOrder":"104"},{"ID":"367","h":"152","measuredH":"151","measuredW":"70","properties":{"color":"2848996","curvature":"1","direction":"bottom","p0":{"x":0,"y":151},"p1":{"x":0.4546591185357552,"y":-0.18421144028062375},"p2":{"x":68,"y":0},"rightArrow":"false","shape":"bezier"},"typeID":"Arrow","w":"71","x":"319","y":"1034","zOrder":"105"},{"ID":"368","measuredH":"32","measuredW":"204","properties":{"align":"center","color":"16776960","size":"18","text":"Database Management"},"typeID":"TextInput","w":"212","x":"100","y":"1170","zOrder":"106"},{"ID":"369","h":"92","measuredH":"91","measuredW":"39","properties":{"color":"2848996","curvature":"1","direction":"top","p0":{"x":39,"y":91},"p1":{"x":0.39655172413793105,"y":0.10477453580901856},"p2":{"x":0,"y":0},"rightArrow":"false","shape":"bezier","text":""},"typeID":"Arrow","w":"40","x":"409","y":"1035","zOrder":"107"},{"ID":"370","measuredH":"32","measuredW":"190","properties":{"align":"center","color":"15658734","size":"18","text":"System Programming"},"typeID":"TextInput","w":"195","x":"454","y":"1116","zOrder":"108"},{"ID":"371","h":"222","measuredH":"221","measuredW":"35","properties":{"color":"2848996","curvature":"-1","direction":"top","leftArrow":"false","p0":{"x":15,"y":0},"p1":{"x":0.5205664372683961,"y":-0.1074907358390683},"p2":{"x":35,"y":221},"rightArrow":"false","shape":"bezier"},"typeID":"Arrow","w":"36","x":"607","y":"1336","zOrder":"109"},{"ID":"372","measuredH":"48","measuredW":"48","properties":{"color":"2848996","icon":{"ID":"circle","size":"large"}},"typeID":"Icon","x":"603","y":"1295","zOrder":"110"},{"ID":"373","measuredH":"32","measuredW":"147","properties":{"align":"center","color":"16776960","size":"18","text":"Graphics Theory"},"typeID":"TextInput","w":"153","x":"828","y":"1202","zOrder":"111"},{"ID":"374","measuredH":"32","measuredW":"87","properties":{"align":"center","color":"16776960","size":"18","text":"Game AI"},"typeID":"TextInput","w":"124","x":"304","y":"1327","zOrder":"112"},{"ID":"375","measuredH":"26","measuredW":"178","properties":{"bold":"true","size":"18","text":"Maximize Your Skills!"},"typeID":"Label","w":"184","x":"547","y":"1565","zOrder":"113"},{"ID":"376","h":"311","measuredH":"310","measuredW":"61","properties":{"color":"2848996","curvature":"-1","direction":"bottom","leftArrow":"false","p0":{"x":11,"y":0},"p1":{"x":0.5022377085864075,"y":0.18007160667476507},"p2":{"x":0,"y":310},"rightArrow":"false","shape":"bezier"},"typeID":"Arrow","w":"62","x":"657","y":"1601","zOrder":"114"},{"ID":"377","measuredH":"48","measuredW":"48","properties":{"color":"2848996","icon":{"ID":"circle","size":"large"}},"typeID":"Icon","x":"690","y":"1691","zOrder":"115"},{"ID":"378","h":"27","measuredH":"26","measuredW":"191","properties":{"color":"2848996","curvature":"-1","direction":"bottom","leftArrow":"false","p0":{"x":191,"y":0},"p1":{"x":0.4523527192367811,"y":0.055974774969007705},"p2":{"x":0,"y":25},"rightArrow":"true","shape":"bezier"},"typeID":"Arrow","w":"192","x":"433","y":"1320","zOrder":"116"},{"ID":"379","h":"121","measuredH":"120","measuredW":"74","properties":{"color":"2848996","curvature":"-1","direction":"bottom","leftArrow":"false","p0":{"x":0,"y":120},"p1":{"x":0.6105899438709425,"y":0.20461592809200457},"p2":{"x":74,"y":0},"rightArrow":"true","shape":"bezier"},"typeID":"Arrow","w":"75","x":"376","y":"1201","zOrder":"117"},{"ID":"380","measuredH":"32","measuredW":"98","properties":{"align":"center","color":"16776960","size":"18","text":"Movement"},"typeID":"TextInput","w":"125","x":"455","y":"1184","zOrder":"118"},{"ID":"381","h":"92","measuredH":"91","measuredW":"96","properties":{"color":"2848996","curvature":"-1","direction":"bottom","leftArrow":"false","p0":{"length":91,"x":0,"y":91},"p1":{"length":0.8103925660512387,"x":0.7466666666666667,"y":0.315},"p2":{"length":97.86214794290998,"x":96,"y":19},"rightArrow":"true","shape":"bezier"},"typeID":"Arrow","w":"97","x":"399","y":"1231","zOrder":"119"},{"ID":"382","measuredH":"32","measuredW":"104","properties":{"align":"center","color":"16776960","size":"18","text":"Pathfinding"},"typeID":"TextInput","w":"125","x":"462","y":"1255","zOrder":"120"},{"ID":"383","h":"98","measuredH":"97","measuredW":"80","properties":{"color":"2848996","curvature":"-1","direction":"top","leftArrow":"false","p0":{"x":78,"y":97},"p1":{"x":0.5753084617069432,"y":-0.37891509089581665},"p2":{"x":0,"y":6},"rightArrow":"true","shape":"bezier"},"typeID":"Arrow","w":"81","x":"273","y":"1225","zOrder":"121"},{"ID":"384","measuredH":"32","measuredW":"149","properties":{"align":"center","color":"16776960","size":"18","text":"Decision Making"},"typeID":"TextInput","w":"169","x":"97","y":"1215","zOrder":"122"},{"ID":"385","measuredH":"32","measuredW":"216","properties":{"align":"center","color":"16770457","size":"18","text":"Tactical and Strategic AI"},"typeID":"TextInput","w":"230","x":"74","y":"1261","zOrder":"123"},{"ID":"386","h":"48","measuredH":"47","measuredW":"100","properties":{"color":"2848996","curvature":"1","direction":"top","leftArrow":"false","p0":{"x":100,"y":47},"p1":{"x":0.3897125071668441,"y":0.04316487836841674},"p2":{"x":0,"y":0},"rightArrow":"true","shape":"bezier"},"typeID":"Arrow","w":"101","x":"199","y":"1298","zOrder":"124"},{"ID":"387","measuredH":"32","measuredW":"88","properties":{"align":"center","color":"15658734","size":"18","text":"Learning"},"typeID":"TextInput","w":"99","x":"100","y":"1343","zOrder":"125"},{"ID":"388","measuredH":"32","measuredW":"125","properties":{"align":"center","color":"16770457","size":"18","text":"Board Games"},"typeID":"TextInput","w":"137","x":"121","y":"1404","zOrder":"126"},{"ID":"389","measuredH":"32","measuredW":"206","properties":{"align":"center","color":"16776960","size":"18","text":"Execution Management"},"typeID":"TextInput","w":"214","x":"161","y":"1469","zOrder":"127"},{"ID":"390","h":"15","measuredH":"14","measuredW":"120","properties":{"color":"2848996","curvature":"1","direction":"top","leftArrow":"false","p0":{"x":120,"y":6},"p1":{"x":0.37385019710906703,"y":0.086508979413053},"p2":{"x":0,"y":0},"rightArrow":"true","shape":"bezier"},"typeID":"Arrow","w":"121","x":"204","y":"1360","zOrder":"128"},{"ID":"391","h":"55","measuredH":"54","measuredW":"70","properties":{"color":"2848996","curvature":"-1","direction":"bottom","leftArrow":"false","p0":{"x":70,"y":0},"p1":{"x":0.494674215526341,"y":0.13712695518664236},"p2":{"x":0,"y":54},"rightArrow":"true","shape":"bezier"},"typeID":"Arrow","w":"71","x":"268","y":"1367","zOrder":"129"},{"ID":"393","measuredH":"32","measuredW":"173","properties":{"align":"center","color":"16776960","size":"18","text":"Event Management"},"typeID":"TextInput","w":"193","x":"325","y":"1517","zOrder":"130"},{"ID":"394","measuredH":"32","measuredW":"154","properties":{"align":"center","color":"15658734","size":"18","text":"Content Creation"},"typeID":"TextInput","w":"157","x":"431","y":"1422","zOrder":"131"},{"ID":"395","h":"99","measuredH":"98","measuredW":"40","properties":{"color":"2848996","curvature":"-1","direction":"bottom","leftArrow":"false","p0":{"x":40,"y":0},"p1":{"x":0.4882452510814369,"y":0.10400601843144631},"p2":{"x":0,"y":98},"rightArrow":"true","shape":"bezier"},"typeID":"Arrow","w":"41","x":"317","y":"1367","zOrder":"132"},{"ID":"396","h":"145","measuredH":"144","measuredW":"35","properties":{"color":"2848996","curvature":"-1","direction":"top","leftArrow":"false","p0":{"x":0,"y":0},"p1":{"x":0.494275562574023,"y":-0.012830635609948658},"p2":{"x":35,"y":144},"rightArrow":"true","shape":"bezier"},"typeID":"Arrow","w":"36","x":"375","y":"1366","zOrder":"133"},{"ID":"397","h":"51","measuredH":"50","measuredW":"109","properties":{"color":"2848996","curvature":"1","direction":"top","leftArrow":"false","p0":{"x":0,"y":0},"p1":{"x":0.5761074458058435,"y":0.08906691800188497},"p2":{"x":109,"y":50},"rightArrow":"true","shape":"bezier"},"typeID":"Arrow","w":"110","x":"400","y":"1366","zOrder":"134"},{"ID":"398","h":"96","measuredH":"95","measuredW":"184","properties":{"color":"2848996","curvature":"-1","direction":"bottom","leftArrow":"false","p0":{"x":0,"y":95},"p1":{"x":0.5526227340966636,"y":0.14936476282238006},"p2":{"x":184,"y":3},"rightArrow":"true","shape":"bezier"},"typeID":"Arrow","w":"185","x":"638","y":"1213","zOrder":"135"},{"ID":"399","measuredH":"32","measuredW":"168","properties":{"align":"center","color":"16776960","size":"18","text":"Rendering Pipeline"},"typeID":"TextInput","w":"179","x":"731","y":"1110","zOrder":"136"},{"ID":"404","measuredH":"32","measuredW":"82","properties":{"align":"center","color":"16776960","size":"18","text":"Shading"},"typeID":"TextInput","w":"97","x":"1080","y":"1119","zOrder":"137"},{"ID":"405","measuredH":"32","measuredW":"106","properties":{"align":"center","color":"16776960","size":"18","text":"Transforms"},"typeID":"TextInput","w":"116","x":"1080","y":"1078","zOrder":"138"},{"ID":"406","measuredH":"32","measuredW":"168","properties":{"align":"center","color":"16776960","size":"18","text":"Visual Appearance"},"typeID":"TextInput","w":"172","x":"1080","y":"1159","zOrder":"139"},{"ID":"407","measuredH":"32","measuredW":"92","properties":{"align":"center","color":"16776960","size":"18","text":"Texturing"},"typeID":"TextInput","w":"105","x":"1080","y":"1198","zOrder":"140"},{"ID":"408","measuredH":"32","measuredW":"283","properties":{"align":"center","color":"16776960","size":"18","text":"Area and Environmental Lighting"},"typeID":"TextInput","w":"293","x":"1080","y":"1237","zOrder":"141"},{"ID":"409","measuredH":"32","measuredW":"162","properties":{"align":"center","color":"15658734","size":"18","text":"Global Illumination"},"typeID":"TextInput","w":"177","x":"1080","y":"1276","zOrder":"142"},{"ID":"410","measuredH":"32","measuredW":"188","properties":{"align":"center","color":"16776960","size":"18","text":"Image-Based Effects"},"typeID":"TextInput","w":"202","x":"1080","y":"1316","zOrder":"143"},{"ID":"411","measuredH":"32","measuredW":"253","properties":{"align":"center","color":"16776960","size":"18","text":"Non-Photorealistic Rendering"},"typeID":"TextInput","w":"269","x":"1080","y":"1353","zOrder":"144"},{"ID":"412","measuredH":"32","measuredW":"254","properties":{"align":"center","color":"16776960","size":"18","text":"Curves and Curved Surfaces"},"typeID":"TextInput","w":"271","x":"663","y":"1333","zOrder":"145"},{"ID":"413","measuredH":"32","measuredW":"189","properties":{"align":"center","color":"15658734","size":"18","text":"Polygonal Techniques"},"typeID":"TextInput","w":"206","x":"727","y":"1295","zOrder":"146"},{"ID":"414","measuredH":"32","measuredW":"206","properties":{"align":"center","color":"16770457","size":"18","text":"Acceleration Algorithms"},"typeID":"TextInput","w":"217","x":"716","y":"1371","zOrder":"147"},{"ID":"415","measuredH":"32","measuredW":"185","properties":{"align":"center","color":"16770457","size":"18","text":"Pipeline Optimization"},"typeID":"TextInput","w":"203","x":"730","y":"1409","zOrder":"148"},{"ID":"416","measuredH":"32","measuredW":"229","properties":{"align":"center","color":"16776960","size":"18","text":"Intersection Test Methods"},"typeID":"TextInput","w":"241","x":"693","y":"1446","zOrder":"149"},{"ID":"417","measuredH":"32","measuredW":"166","properties":{"align":"center","color":"16776960","size":"18","text":"Collision Detection"},"typeID":"TextInput","w":"181","x":"753","y":"1483","zOrder":"150"},{"ID":"418","h":"52","measuredH":"51","measuredW":"70","properties":{"color":"2848996","curvature":"1","direction":"top","p0":{"x":0,"y":0},"p1":{"x":0.5941874416744434,"y":0.047193707505665906},"p2":{"x":70,"y":51},"rightArrow":"false","shape":"bezier"},"typeID":"Arrow","w":"71","x":"830","y":"1146","zOrder":"151"},{"ID":"419","h":"129","measuredH":"128","measuredW":"87","properties":{"color":"2848996","curvature":"1","direction":"bottom","p0":{"x":87,"y":0},"p1":{"x":0.3969026548672566,"y":-0.14646017699115044},"p2":{"x":0,"y":128},"rightArrow":"false","shape":"bezier"},"typeID":"Arrow","w":"88","x":"987","y":"1092","zOrder":"152"},{"ID":"420","h":"86","measuredH":"85","measuredW":"88","properties":{"color":"2848996","curvature":"1","direction":"bottom","p0":{"x":88,"y":1},"p1":{"x":0.36628895184135973,"y":-0.1158640226628895},"p2":{"x":0,"y":85},"rightArrow":"false","shape":"bezier"},"typeID":"Arrow","w":"89","x":"987","y":"1134","zOrder":"153"},{"ID":"421","h":"44","measuredH":"43","measuredW":"86","properties":{"color":"2848996","curvature":"1","direction":"bottom","p0":{"x":86,"y":0},"p1":{"x":0.3584569732937686,"y":-0.05163204747774481},"p2":{"x":0,"y":43},"rightArrow":"false","shape":"bezier"},"typeID":"Arrow","w":"87","x":"987","y":"1176","zOrder":"154"},{"ID":"422","h":"5","measuredH":"4","measuredW":"86","properties":{"color":"2848996","curvature":"0","direction":"bottom","p0":{"x":86,"y":0},"p1":{"x":0.44024125707634504,"y":0.009629120152372822},"p2":{"x":0,"y":4},"rightArrow":"false","shape":"bezier"},"typeID":"Arrow","w":"87","x":"987","y":"1215","zOrder":"155"},{"ID":"423","h":"37","measuredH":"36","measuredW":"87","properties":{"color":"2848996","curvature":"0","direction":"top","p0":{"x":87,"y":36},"p1":{"x":0.4402412570763451,"y":0.009629120152372848},"p2":{"x":0,"y":0},"rightArrow":"false","shape":"bezier"},"typeID":"Arrow","w":"88","x":"987","y":"1219","zOrder":"156"},{"ID":"424","h":"72","measuredH":"71","measuredW":"86","properties":{"color":"2848996","curvature":"1","direction":"top","p0":{"x":86,"y":71},"p1":{"x":0.45227365833674726,"y":0.07210159770585825},"p2":{"x":0,"y":0},"rightArrow":"false","shape":"bezier"},"typeID":"Arrow","w":"87","x":"987","y":"1219","zOrder":"157"},{"ID":"425","h":"114","measuredH":"113","measuredW":"88","properties":{"color":"2848996","curvature":"1","direction":"top","p0":{"x":88,"y":113},"p1":{"x":0.45227365833674726,"y":0.07210159770585825},"p2":{"x":0,"y":0},"rightArrow":"false","shape":"bezier"},"typeID":"Arrow","w":"89","x":"987","y":"1219","zOrder":"158"},{"ID":"426","h":"152","measuredH":"150","measuredW":"88","properties":{"color":"2848996","curvature":"1","direction":"top","p0":{"x":88,"y":150},"p1":{"x":0.37165663072398825,"y":0.11202912757316905},"p2":{"x":0,"y":0},"rightArrow":"false","shape":"bezier"},"typeID":"Arrow","w":"90","x":"987","y":"1219","zOrder":"159"},{"ID":"428","h":"70","measuredH":"69","measuredW":"24","properties":{"color":"2848996","curvature":"1","direction":"bottom","p0":{"x":0,"y":69},"p1":{"x":0.3694709453599306,"y":-0.2740676496097138},"p2":{"x":14,"y":0},"rightArrow":"false","shape":"bezier"},"typeID":"Arrow","w":"25","x":"941","y":"1243","zOrder":"160"},{"ID":"429","h":"107","measuredH":"106","measuredW":"45","properties":{"color":"2848996","curvature":"1","direction":"bottom","p0":{"x":0,"y":104},"p1":{"x":0.2257432211695524,"y":-0.40264619405423063},"p2":{"x":16,"y":0},"rightArrow":"false","shape":"bezier"},"typeID":"Arrow","w":"46","x":"939","y":"1243","zOrder":"161"},{"ID":"430","h":"148","measuredH":"147","measuredW":"62","properties":{"color":"2848996","curvature":"1","direction":"bottom","p0":{"x":0,"y":145},"p1":{"x":0.2257432211695524,"y":-0.40264619405423063},"p2":{"x":17,"y":0},"rightArrow":"false","shape":"bezier"},"typeID":"Arrow","w":"63","x":"938","y":"1243","zOrder":"162"},{"ID":"431","h":"185","measuredH":"184","measuredW":"77","properties":{"color":"2848996","curvature":"1","direction":"bottom","p0":{"x":0,"y":183},"p1":{"x":0.2257432211695524,"y":-0.40264619405423063},"p2":{"x":15,"y":0},"rightArrow":"false","shape":"bezier"},"typeID":"Arrow","w":"78","x":"940","y":"1243","zOrder":"163"},{"ID":"432","h":"220","measuredH":"219","measuredW":"91","properties":{"color":"2848996","curvature":"1","direction":"bottom","p0":{"x":0,"y":218},"p1":{"x":0.22574322116955237,"y":-0.40264619405423074},"p2":{"x":15,"y":0},"rightArrow":"false","shape":"bezier"},"typeID":"Arrow","w":"92","x":"940","y":"1243","zOrder":"164"},{"ID":"435","h":"256","measuredH":"255","measuredW":"105","properties":{"color":"2848996","curvature":"1","direction":"bottom","p0":{"x":0,"y":254},"p1":{"x":0.2257432211695523,"y":-0.40264619405423085},"p2":{"x":15,"y":0},"rightArrow":"false","shape":"bezier"},"typeID":"Arrow","w":"106","x":"940","y":"1243","zOrder":"165"}]},"measuredH":"2003","measuredW":"1373","mockupH":"1765","mockupW":"1333","version":"1.0"}}