{"mockup":{"controls":{"control":[{"ID":"0","measuredH":"40","measuredW":"282","properties":{"bold":"true","size":"32","text":"Game Tester (QA)"},"typeID":"Label","x":"486","y":"320","zOrder":"0"},{"ID":"1","h":"74","measuredH":"73","measuredW":"18","properties":{"color":"2848996","curvature":"-1","direction":"bottom","leftArrow":"false","p0":{"y":0,"x":8,"length":8},"p1":{"y":0.19319066147859923,"x":0.45894941634241254,"length":0.49795300826843075},"p2":{"y":73,"x":0,"length":73},"rightArrow":"false","shape":"bezier","stroke":"dotted"},"typeID":"Arrow","w":"19","x":"631","y":"238","zOrder":"1"},{"ID":"2","h":"55","measuredH":"55","measuredW":"7","properties":{"color":"2848996","curvature":"-1","direction":"top","leftArrow":"false","p0":{"y":0,"x":4.375,"length":4.375},"p1":{"y":-0.09187132451972774,"x":0.46469002705671125,"length":0.4736846646398595},"p2":{"y":54.01785714285714,"x":6.125,"length":54.364000177563476},"rightArrow":"false","shape":"bezier"},"typeID":"Arrow","w":"7","x":"617","y":"368","zOrder":"2"},{"ID":"3","measuredH":"26","measuredW":"147","properties":{"bold":"true","size":"18","text":"Learn the Basics"},"typeID":"Label","x":"635","y":"766","zOrder":"3"},{"ID":"4","h":"178","measuredH":"177","measuredW":"77","properties":{"color":"2848996","curvature":"-1","direction":"bottom","leftArrow":"false","p0":{"y":0,"x":77,"length":77},"p1":{"y":0.07623957307911507,"x":0.5018133775452049,"length":0.5075718061384143},"p2":{"y":177,"x":0,"length":177},"rightArrow":"true","shape":"bezier"},"typeID":"Arrow","w":"78","x":"629","y":"808","zOrder":"4"},{"ID":"5","h":"87","measuredH":"86","measuredW":"104","properties":{"color":"2848996","curvature":"1","direction":"top","p0":{"y":4,"x":0,"length":4},"p1":{"y":0.19315849486887074,"x":0.36693272519954395,"length":0.41466833609810577},"p2":{"y":86,"x":104,"length":134.9518432626987},"rightArrow":"false","shape":"bezier"},"typeID":"Arrow","w":"105","x":"515","y":"906","zOrder":"5"},{"ID":"6","h":"146","measuredH":"145","measuredW":"18","properties":{"color":"2848996","curvature":"-1","direction":"top","leftArrow":"false","p0":{"y":0,"x":15,"length":15},"p1":{"y":-0.11320754716981142,"x":0.5188679245283017,"length":0.5310742620768892},"p2":{"y":145,"x":18,"length":146.11296999240005},"rightArrow":"false","shape":"bezier"},"typeID":"Arrow","w":"19","x":"611","y":"1000","zOrder":"6"},{"ID":"7","measuredH":"26","measuredW":"134","properties":{"bold":"true","size":"18","text":"Getting Deeper"},"typeID":"Label","w":"134","x":"602","y":"1329","zOrder":"7"},{"ID":"8","h":"72","measuredH":"71","measuredW":"20","properties":{"color":"2848996","curvature":"-1","direction":"bottom","leftArrow":"false","p0":{"y":0,"x":18,"length":18},"p1":{"y":0.1252820900112502,"x":0.4593818672454052,"length":0.4761589041816419},"p2":{"y":70.98591549295774,"x":0,"length":70.98591549295774},"rightArrow":"true","shape":"bezier"},"typeID":"Arrow","w":"21","x":"648","y":"1360","zOrder":"8"},{"ID":"9","h":"36","measuredH":"35","measuredW":"164","properties":{"color":"2848996","curvature":"1","direction":"bottom","p0":{"y":9,"x":164,"length":164.24676556937126},"p1":{"y":-0.11433256805510005,"x":0.4920301738274845,"length":0.5051392165282543},"p2":{"y":35,"x":0,"length":35},"rightArrow":"false","shape":"bezier"},"typeID":"Arrow","w":"165","x":"650","y":"1394","zOrder":"9"},{"ID":"10","h":"19","measuredH":"18","measuredW":"146","properties":{"color":"2848996","curvature":"-1","direction":"top","leftArrow":"false","p0":{"y":18,"x":146,"length":147.10540438746634},"p1":{"y":-0.09745143953685839,"x":0.49980984596946293,"length":0.5092216267950765},"p2":{"y":12,"x":0,"length":12},"rightArrow":"true","shape":"bezier"},"typeID":"Arrow","w":"147","x":"501","y":"1415","zOrder":"10"},{"ID":"11","h":"303","measuredH":"302","measuredW":"36","properties":{"color":"2848996","curvature":"-1","direction":"bottom","leftArrow":"false","p0":{"y":0,"x":33,"length":33},"p1":{"y":0.04938508096555654,"x":0.4885713623052967,"length":0.49106095577517467},"p2":{"y":302,"x":0,"length":302},"rightArrow":"false","shape":"bezier"},"typeID":"Arrow","w":"37","x":"617","y":"1439","zOrder":"11"},{"ID":"12","measuredH":"48","measuredW":"48","properties":{"color":"2848996","icon":{"ID":"flag-checkered","size":"large"}},"typeID":"Icon","x":"618","y":"2341","zOrder":"12"},{"ID":"13","measuredH":"26","measuredW":"114","properties":{"bold":"true","color":"2848996","size":"18","text":"Start Testing"},"typeID":"Label","x":"580","y":"2392","zOrder":"13"},{"ID":"14","measuredH":"48","measuredW":"48","properties":{"color":"2848996","icon":{"ID":"circle","size":"large"}},"typeID":"Icon","x":"602","y":"962","zOrder":"14"},{"ID":"15","measuredH":"48","measuredW":"48","properties":{"color":"2848996","icon":{"ID":"circle","size":"large"}},"typeID":"Icon","x":"624","y":"1405","zOrder":"15"},{"ID":"16","measuredH":"25","measuredW":"69","properties":{"bold":"true","size":"17","text":"Legends"},"typeID":"Label","x":"857","y":"244","zOrder":"16"},{"ID":"17","measuredH":"32","measuredW":"234","properties":{"align":"center","color":"16776960","size":"18","text":"Personal Recommendation!"},"typeID":"TextInput","w":"240","x":"857","y":"281","zOrder":"17"},{"ID":"18","measuredH":"32","measuredW":"109","properties":{"align":"center","color":"15658734","size":"18","text":"Possibilities"},"typeID":"TextInput","w":"240","x":"857","y":"317","zOrder":"18"},{"ID":"19","measuredH":"32","measuredW":"87","properties":{"align":"center","color":"16770457","size":"18","text":"Pick any!"},"typeID":"TextInput","w":"240","x":"857","y":"353","zOrder":"19"},{"ID":"20","measuredH":"32","measuredW":"171","properties":{"align":"center","color":"16776960","size":"18","text":"Game Mathematics"},"typeID":"TextInput","w":"185","x":"325","y":"893","zOrder":"20"},{"ID":"21","measuredH":"32","measuredW":"135","properties":{"align":"center","color":"16776960","size":"18","text":"Linear Algebra"},"typeID":"TextInput","w":"154","x":"396","y":"780","zOrder":"21"},{"ID":"22","h":"51","measuredH":"50","measuredW":"30","properties":{"color":"2848996","curvature":"1","direction":"top","leftArrow":"false","p0":{"y":0,"x":0,"length":0},"p1":{"y":0.10294117647058833,"x":0.4617647058823525,"length":0.47309991482958896},"p2":{"y":50,"x":30,"length":58.309518948453004},"rightArrow":"true","shape":"bezier"},"typeID":"Arrow","w":"31","x":"424","y":"928","zOrder":"22"},{"ID":"23","measuredH":"32","measuredW":"218","properties":{"align":"center","color":"16776960","size":"18","text":"Probability and Statistics"},"typeID":"TextInput","w":"235","x":"338","y":"982","zOrder":"23"},{"ID":"24","h":"72","measuredH":"71","measuredW":"19","properties":{"color":"2848996","curvature":"-1","direction":"bottom","p0":{"y":0,"x":18,"length":18},"p1":{"y":0.08627551675439711,"x":0.43869559635383243,"length":0.4470987486579256},"p2":{"y":71,"x":0,"length":71},"rightArrow":"false","shape":"bezier","text":""},"typeID":"Arrow","w":"20","x":"455","y":"818","zOrder":"24"},{"ID":"25","h":"61","measuredH":"60","measuredW":"35","properties":{"color":"2848996","curvature":"1","direction":"top","p0":{"y":0,"x":0,"length":0},"p1":{"y":0.011398963730569948,"x":0.5233160621761657,"length":0.523440194583583},"p2":{"y":60,"x":35,"length":69.46221994724903},"rightArrow":"false","shape":"bezier"},"typeID":"Arrow","w":"36","x":"357","y":"828","zOrder":"25"},{"ID":"26","measuredH":"32","measuredW":"85","properties":{"align":"center","color":"15658734","size":"18","text":"Calculus"},"typeID":"TextInput","w":"110","x":"266","y":"790","zOrder":"26"},{"ID":"27","h":"69","measuredH":"68","measuredW":"139","properties":{"color":"2848996","curvature":"-1","direction":"bottom","p0":{"y":0,"x":139,"length":139},"p1":{"y":0.15020192606399502,"x":0.4723516620068346,"length":0.49565785698801623},"p2":{"y":68,"x":0,"length":68},"rightArrow":"false","shape":"bezier"},"typeID":"Arrow","w":"140","x":"636","y":"918","zOrder":"27"},{"ID":"28","measuredH":"32","measuredW":"130","properties":{"align":"center","color":"16776960","size":"18","text":"Game Physics"},"typeID":"TextInput","x":"768","y":"881","zOrder":"28"},{"ID":"29","h":"48","measuredH":"47","measuredW":"189","properties":{"color":"2848996","curvature":"1","direction":"bottom","p0":{"y":1,"x":189,"length":189.0026454841307},"p1":{"y":-0.166299687101634,"x":0.8463900799629157,"length":0.8625727525198859},"p2":{"y":47,"x":9,"length":47.853944456021594},"rightArrow":"false","shape":"bezier"},"typeID":"Arrow","w":"190","x":"788","y":"830","zOrder":"29"},{"ID":"30","measuredH":"32","measuredW":"181","properties":{"align":"center","color":"16776960","size":"18","text":"Classical Mechanics"},"typeID":"TextInput","x":"981","y":"808","zOrder":"30"},{"ID":"31","h":"25","measuredH":"24","measuredW":"226","properties":{"color":"2848996","curvature":"-1","direction":"bottom","p0":{"y":0,"x":226,"length":226},"p1":{"y":0.02530261616556035,"x":0.5234673955486137,"length":0.5240785595569336},"p2":{"y":24,"x":0,"length":24},"rightArrow":"false","shape":"bezier"},"typeID":"Arrow","w":"227","x":"906","y":"876","zOrder":"31"},{"ID":"32","h":"23","measuredH":"22","measuredW":"288","properties":{"color":"2848996","curvature":"1","direction":"top","p0":{"y":0,"x":288,"length":288},"p1":{"y":0.0791249036237471,"x":0.5984965304548959,"length":0.6037042714276714},"p2":{"y":0,"x":0,"length":0},"rightArrow":"false","shape":"bezier"},"typeID":"Arrow","w":"289","x":"870","y":"923","zOrder":"32"},{"ID":"33","measuredH":"32","measuredW":"144","properties":{"align":"center","color":"15658734","size":"18","text":"Fluid Mechanics"},"typeID":"TextInput","w":"156","x":"1170","y":"899","zOrder":"33"},{"ID":"34","measuredH":"32","measuredW":"69","properties":{"align":"center","color":"15658734","size":"18","text":"Optics"},"typeID":"TextInput","x":"1144","y":"856","zOrder":"34"},{"ID":"35","measuredH":"48","measuredW":"48","properties":{"color":"2848996","icon":{"ID":"circle","size":"large"}},"typeID":"Icon","x":"602","y":"1121","zOrder":"35"},{"ID":"36","h":"127","measuredH":"126","measuredW":"210","properties":{"color":"2848996","curvature":"1","direction":"bottom","p0":{"y":4,"x":210,"length":210.03809178337153},"p1":{"y":-0.13629017776979707,"x":0.3896570299874302,"length":0.4128045706810281},"p2":{"y":126,"x":0,"length":126},"rightArrow":"false","shape":"bezier"},"typeID":"Arrow","w":"211","x":"629","y":"1013","zOrder":"36"},{"ID":"37","measuredH":"32","measuredW":"220","properties":{"align":"center","color":"16776960","size":"18","text":"Programming Languages"},"typeID":"TextInput","w":"242","x":"776","y":"1193","zOrder":"37"},{"ID":"38","h":"37","measuredH":"36","measuredW":"150","properties":{"color":"2848996","curvature":"-1","direction":"bottom","leftArrow":"false","p0":{"y":0,"x":150,"length":150},"p1":{"y":0.22553867090043095,"x":0.521161261056929,"length":0.5678703655747335},"p2":{"y":5,"x":0,"length":5},"rightArrow":"true","shape":"bezier"},"typeID":"Arrow","w":"151","x":"464","y":"1147","zOrder":"38"},{"ID":"39","measuredH":"32","measuredW":"133","properties":{"align":"center","color":"16776960","size":"18","text":"Game Engines"},"typeID":"TextInput","w":"156","x":"303","y":"1135","zOrder":"39"},{"ID":"40","h":"49","measuredH":"48","measuredW":"15","properties":{"color":"2848996","curvature":"1","direction":"top","p0":{"y":0,"x":0,"length":0},"p1":{"y":0.22069557750107344,"x":0.5186775440103049,"length":0.5636780398322202},"p2":{"y":48,"x":8,"length":48.662100242385755},"rightArrow":"false","shape":"bezier"},"typeID":"Arrow","w":"16","x":"836","y":"1141","zOrder":"40"},{"ID":"41","measuredH":"32","measuredW":"101","properties":{"align":"center","color":"16770457","size":"18","text":"JavaScript"},"typeID":"TextInput","x":"746","y":"1101","zOrder":"41"},{"ID":"42","h":"34","measuredH":"33","measuredW":"42","properties":{"color":"2848996","curvature":"1","direction":"bottom","p0":{"y":0,"x":42,"length":42},"p1":{"y":-0.16506849315068492,"x":0.5568493150684934,"length":0.580800109438082},"p2":{"y":33,"x":0,"length":33},"rightArrow":"false","shape":"bezier"},"typeID":"Arrow","w":"43","x":"964","y":"1152","zOrder":"42"},{"ID":"43","measuredH":"32","measuredW":"72","properties":{"align":"center","color":"15658734","size":"18","text":"C/C++"},"typeID":"TextInput","x":"1014","y":"1135","zOrder":"43"},{"ID":"46","measuredH":"32","measuredW":"70","properties":{"align":"center","color":"16770457","size":"18","text":"Python"},"typeID":"TextInput","w":"75","x":"885","y":"1110","zOrder":"44"},{"ID":"47","measuredH":"32","measuredW":"39","properties":{"align":"center","color":"15658734","size":"18","text":"C#"},"typeID":"TextInput","x":"1067","y":"1204","zOrder":"45"},{"ID":"48","h":"20","measuredH":"19","measuredW":"33","properties":{"color":"2848996","curvature":"-1","direction":"top","p0":{"y":19,"x":33,"length":38.07886552931954},"p1":{"y":-0.2435074001675509,"x":0.6366936609885511,"length":0.6816705009602247},"p2":{"y":5,"x":0,"length":5},"rightArrow":"false","shape":"bezier"},"typeID":"Arrow","w":"34","x":"1022","y":"1193","zOrder":"46"},{"ID":"49","h":"47","measuredH":"46","measuredW":"44","properties":{"color":"2848996","curvature":"-1","direction":"top","p0":{"y":46,"x":44,"length":63.655321851358195},"p1":{"y":-0.1052256532066509,"x":0.4515439429928741,"length":0.4636425029549365},"p2":{"y":0,"x":0,"length":0},"rightArrow":"false","shape":"bezier"},"typeID":"Arrow","w":"45","x":"899","y":"1230","zOrder":"47"},{"ID":"50","h":"28","measuredH":"27","measuredW":"54","properties":{"color":"2848996","curvature":"1","direction":"top","p0":{"y":0,"x":0,"length":0},"p1":{"y":0.07007299270072993,"x":0.6072992700729928,"length":0.6113285759206961},"p2":{"y":27,"x":54,"length":60.37383539249432},"rightArrow":"false","shape":"bezier"},"typeID":"Arrow","w":"55","x":"327","y":"1103","zOrder":"48"},{"ID":"51","measuredH":"32","measuredW":"99","properties":{"align":"center","color":"16770457","size":"18","text":"CryEngine"},"typeID":"TextInput","w":"104","x":"218","y":"1085","zOrder":"49"},{"ID":"52","measuredH":"32","measuredW":"57","properties":{"align":"center","color":"16770457","size":"18","text":"Unity"},"typeID":"TextInput","w":"73","x":"157","y":"1161","zOrder":"50"},{"ID":"53","h":"27","measuredH":"26","measuredW":"64","properties":{"color":"2848996","curvature":"1","direction":"bottom","p0":{"y":26,"x":0,"length":26},"p1":{"y":-0.04316848281642917,"x":0.5293378038558256,"length":0.5310951218939794},"p2":{"y":0,"x":64,"length":64},"rightArrow":"false","shape":"bezier"},"typeID":"Arrow","w":"65","x":"235","y":"1151","zOrder":"51"},{"ID":"54","h":"53","measuredH":"52","measuredW":"29","properties":{"color":"2848996","curvature":"1","direction":"bottom","p0":{"y":16,"x":29,"length":33.12099032335839},"p1":{"y":-0.7264150943396184,"x":0.04245283018867917,"length":0.7276545417129378},"p2":{"y":52,"x":9,"length":52.773099207835045},"rightArrow":"false","shape":"bezier"},"typeID":"Arrow","w":"30","x":"405","y":"1078","zOrder":"52"},{"ID":"55","measuredH":"32","measuredW":"104","properties":{"align":"center","color":"16770457","size":"18","text":"Cocos2d-x"},"typeID":"TextInput","w":"109","x":"439","y":"1078","zOrder":"53"},{"ID":"56","h":"164","measuredH":"163","measuredW":"31","properties":{"color":"2848996","curvature":"-1","direction":"top","leftArrow":"false","p0":{"y":0,"x":3,"length":3},"p1":{"y":-0.07949034895882853,"x":0.508700199676714,"length":0.5148733909697849},"p2":{"y":163,"x":31,"length":165.92166826548},"rightArrow":"false","shape":"bezier"},"typeID":"Arrow","w":"32","x":"623","y":"1161","zOrder":"54"},{"ID":"57","h":"71","measuredH":"70","measuredW":"71","properties":{"color":"2848996","curvature":"-1","direction":"bottom","leftArrow":"false","p0":{"y":0,"x":71,"length":71},"p1":{"y":0.24105306458247622,"x":0.4833401892225421,"length":0.5401150974211759},"p2":{"y":70,"x":0,"length":70},"rightArrow":"true","shape":"bezier"},"typeID":"Arrow","w":"72","x":"266","y":"1173","zOrder":"55"},{"ID":"58","measuredH":"32","measuredW":"114","properties":{"align":"center","color":"16770457","size":"18","text":"GameMaker"},"typeID":"TextInput","w":"125","x":"137","y":"1227","zOrder":"56"},{"ID":"59","h":"95","measuredH":"94","measuredW":"19","properties":{"color":"2848996","curvature":"0","direction":"bottom","p0":{"y":94,"x":0,"length":94},"p1":{"y":-0.00994475138121545,"x":0.5889502762430939,"length":0.5890342315747454},"p2":{"y":0,"x":19,"length":19},"rightArrow":"false","shape":"bezier"},"typeID":"Arrow","w":"20","x":"348","y":"1173","zOrder":"57"},{"ID":"60","measuredH":"32","measuredW":"96","properties":{"align":"center","color":"16770457","size":"18","text":"Construct"},"typeID":"TextInput","w":"104","x":"278","y":"1273","zOrder":"58"},{"ID":"61","h":"51","measuredH":"50","measuredW":"41","properties":{"color":"2848996","curvature":"1","direction":"top","p0":{"y":50,"x":41,"length":64.66065264130884},"p1":{"y":0.03999319264805988,"x":0.47702518720217835,"length":0.47869874105063},"p2":{"y":0,"x":0,"length":0},"rightArrow":"false","shape":"bezier"},"typeID":"Arrow","w":"42","x":"425","y":"1173","zOrder":"59"},{"ID":"62","measuredH":"32","measuredW":"110","properties":{"align":"center","color":"16770457","size":"18","text":"GameSalad"},"typeID":"TextInput","w":"115","x":"471","y":"1208","zOrder":"60"},{"ID":"63","h":"84","measuredH":"83","measuredW":"31","properties":{"color":"2848996","curvature":"1","direction":"top","p0":{"y":83,"x":31,"length":88.60022573334675},"p1":{"y":0.039993192648059825,"x":0.47702518720217824,"length":0.4786987410506299},"p2":{"y":0,"x":0,"length":0},"rightArrow":"false","shape":"bezier"},"typeID":"Arrow","w":"32","x":"396","y":"1173","zOrder":"61"},{"ID":"64","measuredH":"32","measuredW":"68","properties":{"align":"center","color":"16770457","size":"18","text":"Unreal"},"typeID":"TextInput","w":"95","x":"406","y":"1260","zOrder":"62"},{"ID":"65","h":"57","measuredH":"56","measuredW":"31","properties":{"color":"2848996","curvature":"1","direction":"top","p0":{"y":56,"x":31,"length":64.00781202322104},"p1":{"y":0.5203534237929947,"x":0.46828652571789187,"length":0.7000428242772192},"p2":{"y":0,"x":29,"length":29},"rightArrow":"false","shape":"bezier"},"typeID":"Arrow","w":"32","x":"768","y":"1229","zOrder":"63"},{"ID":"66","measuredH":"32","measuredW":"73","properties":{"align":"center","color":"15658734","size":"18","text":"HTML5"},"typeID":"TextInput","w":"92","x":"807","y":"1278","zOrder":"64"},{"ID":"67","measuredH":"32","measuredW":"85","properties":{"align":"center","color":"16770457","size":"18","text":"Graphics"},"typeID":"TextInput","w":"96","x":"823","y":"1390","zOrder":"65"},{"ID":"68","measuredH":"32","measuredW":"192","properties":{"align":"center","color":"15658734","size":"18","text":"Discrete Mathematics"},"typeID":"TextInput","w":"204","x":"87","y":"839","zOrder":"66"},{"ID":"69","h":"33","measuredH":"32","measuredW":"54","properties":{"color":"2848996","curvature":"1","direction":"top","p0":{"y":0,"x":0,"length":0},"p1":{"y":0.17297297297297304,"x":0.5711711711711713,"length":0.5967882004163255},"p2":{"y":32,"x":54,"length":62.76941930590086},"rightArrow":"false","shape":"bezier"},"typeID":"Arrow","w":"55","x":"296","y":"856","zOrder":"67"},{"ID":"70","measuredH":"32","measuredW":"220","properties":{"align":"center","color":"15658734","size":"18","text":"Engineering Mathematics"},"typeID":"TextInput","w":"233","x":"30","y":"906","zOrder":"68"},{"ID":"71","measuredH":"32","measuredW":"170","properties":{"align":"center","color":"15658734","size":"18","text":"Numerical Analysis"},"typeID":"TextInput","w":"178","x":"125","y":"963","zOrder":"69"},{"ID":"72","h":"16","measuredH":"15","measuredW":"50","properties":{"color":"2848996","curvature":"1","direction":"bottom","p0":{"y":15,"x":0,"length":15},"p1":{"y":-0.06605504587155964,"x":0.6201834862385321,"length":0.62369129037375},"p2":{"y":0,"x":50,"length":50},"rightArrow":"false","shape":"bezier"},"typeID":"Arrow","w":"51","x":"270","y":"907","zOrder":"70"},{"ID":"73","h":"51","measuredH":"50","measuredW":"59","properties":{"color":"2848996","curvature":"1","direction":"bottom","p0":{"y":50,"x":0,"length":50},"p1":{"y":-0.0660550458715596,"x":0.620183486238532,"length":0.6236912903737499},"p2":{"y":0,"x":59,"length":59},"rightArrow":"false","shape":"bezier"},"typeID":"Arrow","w":"60","x":"308","y":"929","zOrder":"71"},{"ID":"90","measuredH":"32","measuredW":"158","properties":{"align":"center","color":"16776960","size":"18","text":"Computer Theory"},"typeID":"TextInput","w":"172","x":"325","y":"1413","zOrder":"72"},{"ID":"91","measuredH":"32","measuredW":"164","properties":{"align":"center","color":"16776960","size":"18","text":"Operating System"},"typeID":"TextInput","w":"172","x":"78","y":"1394","zOrder":"73"},{"ID":"92","h":"18","measuredH":"17","measuredW":"63","properties":{"color":"2848996","curvature":"-1","direction":"top","leftArrow":"false","p0":{"y":17,"x":63,"length":65.25335240430181},"p1":{"y":-0.09745143953685835,"x":0.4998098459694631,"length":0.5092216267950767},"p2":{"y":1,"x":0,"length":1},"rightArrow":"true","shape":"bezier"},"typeID":"Arrow","w":"64","x":"254","y":"1410","zOrder":"74"},{"ID":"93","h":"48","measuredH":"47","measuredW":"34","properties":{"color":"2848996","curvature":"-1","direction":"top","p0":{"y":0,"x":33,"length":33},"p1":{"y":-0.6969981238273927,"x":0.26547842401500954,"length":0.7458452776792238},"p2":{"y":47,"x":34,"length":58.008620049092706},"rightArrow":"false","shape":"bezier"},"typeID":"Arrow","w":"35","x":"292","y":"1361","zOrder":"75"},{"ID":"94","measuredH":"32","measuredW":"201","properties":{"align":"center","color":"16776960","size":"18","text":"Computer Architecture"},"typeID":"TextInput","w":"209","x":"332","y":"1345","zOrder":"76"},{"ID":"96","measuredH":"32","measuredW":"87","properties":{"align":"center","color":"16776960","size":"18","text":"Windows"},"typeID":"TextInput","w":"96","x":"67","y":"1477","zOrder":"77"},{"ID":"97","measuredH":"32","measuredW":"57","properties":{"align":"center","color":"15658734","size":"18","text":"Linux"},"typeID":"TextInput","w":"92","x":"204","y":"1483","zOrder":"78"},{"ID":"98","measuredH":"32","measuredW":"49","properties":{"align":"center","color":"15658734","size":"18","text":"Mac"},"typeID":"TextInput","w":"71","x":"241","y":"1445","zOrder":"79"},{"ID":"99","h":"59","measuredH":"58","measuredW":"26","properties":{"color":"2848996","curvature":"1","direction":"top","p0":{"y":58,"x":26,"length":63.56099432828282},"p1":{"y":0.14900990099009906,"x":0.3599009900990098,"length":0.38952878361852367},"p2":{"y":0,"x":0,"length":0},"rightArrow":"false","shape":"bezier"},"typeID":"Arrow","w":"27","x":"168","y":"1436","zOrder":"80"},{"ID":"100","h":"32","measuredH":"31","measuredW":"30","properties":{"color":"2848996","curvature":"1","direction":"top","p0":{"y":31,"x":30,"length":43.139309220245984},"p1":{"y":0.31818181818181857,"x":0.6363636363636364,"length":0.7114761746590241},"p2":{"y":0,"x":4,"length":4},"rightArrow":"false","shape":"bezier"},"typeID":"Arrow","w":"31","x":"199","y":"1431","zOrder":"81"},{"ID":"101","h":"32","measuredH":"31","measuredW":"28","properties":{"color":"2848996","curvature":"1","direction":"top","p0":{"y":31,"x":28,"length":41.773197148410844},"p1":{"y":0.09684813753581668,"x":0.5713467048710593,"length":0.5794968670417242},"p2":{"y":0,"x":0,"length":0},"rightArrow":"false","shape":"bezier"},"typeID":"Arrow","w":"29","x":"422","y":"1450","zOrder":"82"},{"ID":"102","measuredH":"32","measuredW":"172","properties":{"align":"center","color":"16776960","size":"18","text":"Computer Graphics"},"typeID":"TextInput","w":"172","x":"455","y":"1468","zOrder":"83"},{"ID":"103","h":"97","measuredH":"96","measuredW":"63","properties":{"color":"2848996","curvature":"1","direction":"bottom","p0":{"y":96,"x":0,"length":96},"p1":{"y":-0.25472963907151497,"x":0.4588085334764526,"length":0.524778486041794},"p2":{"y":0,"x":61,"length":61},"rightArrow":"false","shape":"bezier"},"typeID":"Arrow","w":"64","x":"297","y":"1451","zOrder":"84"},{"ID":"104","measuredH":"32","measuredW":"182","properties":{"align":"center","color":"16776960","size":"18","text":"Artificial Intelligence"},"typeID":"TextInput","w":"204","x":"87","y":"1531","zOrder":"85"},{"ID":"105","h":"152","measuredH":"151","measuredW":"70","properties":{"color":"2848996","curvature":"1","direction":"bottom","p0":{"y":151,"x":0,"length":151},"p1":{"y":-0.18421144028062364,"x":0.45465911853575514,"length":0.4905596485627121},"p2":{"y":0,"x":68,"length":68},"rightArrow":"false","shape":"bezier"},"typeID":"Arrow","w":"71","x":"312","y":"1449","zOrder":"86"},{"ID":"106","measuredH":"32","measuredW":"204","properties":{"align":"center","color":"15658734","size":"18","text":"Database Management"},"typeID":"TextInput","w":"212","x":"93","y":"1585","zOrder":"87"},{"ID":"107","h":"92","measuredH":"91","measuredW":"39","properties":{"color":"2848996","curvature":"1","direction":"top","p0":{"y":91,"x":39,"length":99.00505037623081},"p1":{"y":0.10477453580901856,"x":0.39655172413793105,"length":0.4101596924013391},"p2":{"y":0,"x":0,"length":0},"rightArrow":"false","shape":"bezier","text":""},"typeID":"Arrow","w":"40","x":"402","y":"1450","zOrder":"88"},{"ID":"108","measuredH":"32","measuredW":"190","properties":{"align":"center","color":"15658734","size":"18","text":"System Programming"},"typeID":"TextInput","w":"195","x":"447","y":"1531","zOrder":"89"},{"ID":"109","h":"222","measuredH":"221","measuredW":"35","properties":{"color":"2848996","curvature":"-1","direction":"top","leftArrow":"false","p0":{"y":0,"x":15,"length":15},"p1":{"y":-0.10749073583906824,"x":0.5205664372683961,"length":0.5315483739995216},"p2":{"y":221,"x":35,"length":223.75432956704995},"rightArrow":"false","shape":"bezier"},"typeID":"Arrow","w":"36","x":"600","y":"1751","zOrder":"90"},{"ID":"110","measuredH":"48","measuredW":"48","properties":{"color":"2848996","icon":{"ID":"circle","size":"large"}},"typeID":"Icon","x":"596","y":"1710","zOrder":"91"},{"ID":"111","measuredH":"32","measuredW":"147","properties":{"align":"center","color":"16776960","size":"18","text":"Graphics Theory"},"typeID":"TextInput","w":"153","x":"821","y":"1617","zOrder":"92"},{"ID":"112","measuredH":"32","measuredW":"87","properties":{"align":"center","color":"16776960","size":"18","text":"Game AI"},"typeID":"TextInput","w":"124","x":"297","y":"1742","zOrder":"93"},{"ID":"113","measuredH":"26","measuredW":"178","properties":{"bold":"true","size":"18","text":"Maximize Your Skills!"},"typeID":"Label","w":"184","x":"540","y":"1980","zOrder":"94"},{"ID":"114","h":"311","measuredH":"310","measuredW":"61","properties":{"color":"2848996","curvature":"-1","direction":"bottom","leftArrow":"false","p0":{"y":0,"x":11,"length":11},"p1":{"y":0.18007160667476507,"x":0.5022377085864075,"length":0.5335433435594118},"p2":{"y":310,"x":0,"length":310},"rightArrow":"false","shape":"bezier"},"typeID":"Arrow","w":"62","x":"650","y":"2016","zOrder":"95"},{"ID":"115","measuredH":"48","measuredW":"48","properties":{"color":"2848996","icon":{"ID":"circle","size":"large"}},"typeID":"Icon","x":"683","y":"2106","zOrder":"96"},{"ID":"116","h":"27","measuredH":"26","measuredW":"191","properties":{"color":"2848996","curvature":"-1","direction":"bottom","leftArrow":"false","p0":{"y":0,"x":191,"length":191},"p1":{"y":0.055974774969007705,"x":0.4523527192367811,"length":0.4558027622050366},"p2":{"y":25,"x":0,"length":25},"rightArrow":"true","shape":"bezier"},"typeID":"Arrow","w":"192","x":"426","y":"1735","zOrder":"97"},{"ID":"117","h":"121","measuredH":"120","measuredW":"74","properties":{"color":"2848996","curvature":"-1","direction":"bottom","leftArrow":"false","p0":{"y":120,"x":0,"length":120},"p1":{"y":0.2046159280920046,"x":0.6105899438709425,"length":0.6439625436197924},"p2":{"y":0,"x":74,"length":74},"rightArrow":"true","shape":"bezier"},"typeID":"Arrow","w":"75","x":"369","y":"1616","zOrder":"98"},{"ID":"118","measuredH":"32","measuredW":"98","properties":{"align":"center","color":"16776960","size":"18","text":"Movement"},"typeID":"TextInput","w":"125","x":"448","y":"1599","zOrder":"99"},{"ID":"119","h":"92","measuredH":"91","measuredW":"96","properties":{"color":"2848996","curvature":"-1","direction":"bottom","leftArrow":"false","p0":{"y":91,"x":0,"length":91},"p1":{"y":0.315,"x":0.7466666666666667,"length":0.8103925660512387},"p2":{"y":19,"x":96,"length":97.86214794290998},"rightArrow":"true","shape":"bezier"},"typeID":"Arrow","w":"97","x":"392","y":"1646","zOrder":"100"},{"ID":"120","measuredH":"32","measuredW":"104","properties":{"align":"center","color":"16776960","size":"18","text":"Pathfinding"},"typeID":"TextInput","w":"125","x":"455","y":"1670","zOrder":"101"},{"ID":"121","h":"64","measuredH":"63","measuredW":"36","properties":{"color":"2848996","curvature":"-1","direction":"top","leftArrow":"false","p0":{"y":63,"x":36,"length":72.56031973468694},"p1":{"y":-0.10754098360655731,"x":0.3429508196721311,"length":0.3594166494040759},"p2":{"y":0,"x":0,"length":0},"rightArrow":"true","shape":"bezier","text":""},"typeID":"Arrow","w":"37","x":"308","y":"1674","zOrder":"102"},{"ID":"122","measuredH":"32","measuredW":"149","properties":{"align":"center","color":"16776960","size":"18","text":"Decision Making"},"typeID":"TextInput","w":"169","x":"149","y":"1638","zOrder":"103"},{"ID":"123","measuredH":"32","measuredW":"216","properties":{"align":"center","color":"16770457","size":"18","text":"Tactical and Strategic AI"},"typeID":"TextInput","w":"230","x":"47","y":"1694","zOrder":"104"},{"ID":"124","h":"29","measuredH":"28","measuredW":"64","properties":{"color":"2848996","curvature":"1","direction":"top","leftArrow":"false","p0":{"y":28,"x":64,"length":69.85699678629192},"p1":{"y":0.17704918032786884,"x":0.5475409836065573,"length":0.5754542040715374},"p2":{"y":0,"x":0,"length":0},"rightArrow":"true","shape":"bezier"},"typeID":"Arrow","w":"65","x":"228","y":"1732","zOrder":"105"},{"ID":"125","measuredH":"32","measuredW":"88","properties":{"align":"center","color":"16770457","size":"18","text":"Learning"},"typeID":"TextInput","w":"99","x":"93","y":"1758","zOrder":"106"},{"ID":"126","measuredH":"32","measuredW":"125","properties":{"align":"center","color":"16776960","size":"18","text":"Board Games"},"typeID":"TextInput","w":"137","x":"114","y":"1819","zOrder":"107"},{"ID":"127","measuredH":"32","measuredW":"206","properties":{"align":"center","color":"16776960","size":"18","text":"Execution Management"},"typeID":"TextInput","w":"214","x":"154","y":"1884","zOrder":"108"},{"ID":"128","h":"15","measuredH":"14","measuredW":"120","properties":{"color":"2848996","curvature":"1","direction":"top","leftArrow":"false","p0":{"y":6,"x":120,"length":120.14990636700472},"p1":{"y":0.08650897941305302,"x":0.3738501971090671,"length":0.3837287758268545},"p2":{"y":0,"x":0,"length":0},"rightArrow":"true","shape":"bezier"},"typeID":"Arrow","w":"121","x":"197","y":"1775","zOrder":"109"},{"ID":"129","h":"55","measuredH":"54","measuredW":"70","properties":{"color":"2848996","curvature":"-1","direction":"bottom","leftArrow":"false","p0":{"y":0,"x":70,"length":70},"p1":{"y":0.13712695518664234,"x":0.49467421552634105,"length":0.5133287263979684},"p2":{"y":54,"x":0,"length":54},"rightArrow":"true","shape":"bezier"},"typeID":"Arrow","w":"71","x":"261","y":"1782","zOrder":"110"},{"ID":"130","measuredH":"32","measuredW":"173","properties":{"align":"center","color":"16776960","size":"18","text":"Event Management"},"typeID":"TextInput","w":"193","x":"318","y":"1932","zOrder":"111"},{"ID":"131","measuredH":"32","measuredW":"154","properties":{"align":"center","color":"16770457","size":"18","text":"Content Creation"},"typeID":"TextInput","w":"157","x":"424","y":"1837","zOrder":"112"},{"ID":"132","h":"99","measuredH":"98","measuredW":"40","properties":{"color":"2848996","curvature":"-1","direction":"bottom","leftArrow":"false","p0":{"y":0,"x":40,"length":40},"p1":{"y":0.10400601843144625,"x":0.4882452510814369,"length":0.499200037132949},"p2":{"y":98,"x":0,"length":98},"rightArrow":"true","shape":"bezier"},"typeID":"Arrow","w":"41","x":"310","y":"1782","zOrder":"113"},{"ID":"133","h":"145","measuredH":"144","measuredW":"35","properties":{"color":"2848996","curvature":"-1","direction":"top","leftArrow":"false","p0":{"y":0,"x":0,"length":0},"p1":{"y":-0.012830635609948638,"x":0.4942755625740234,"length":0.49444206634147},"p2":{"y":144,"x":35,"length":148.1924424523734},"rightArrow":"true","shape":"bezier"},"typeID":"Arrow","w":"36","x":"368","y":"1781","zOrder":"114"},{"ID":"134","h":"51","measuredH":"50","measuredW":"109","properties":{"color":"2848996","curvature":"1","direction":"top","leftArrow":"false","p0":{"y":0,"x":0,"length":0},"p1":{"y":0.08906691800188495,"x":0.5761074458058433,"length":0.5829517175506794},"p2":{"y":50,"x":109,"length":119.9208072020865},"rightArrow":"true","shape":"bezier"},"typeID":"Arrow","w":"110","x":"393","y":"1781","zOrder":"115"},{"ID":"135","h":"96","measuredH":"95","measuredW":"184","properties":{"color":"2848996","curvature":"-1","direction":"bottom","leftArrow":"false","p0":{"y":95,"x":0,"length":95},"p1":{"y":0.14936476282238006,"x":0.5526227340966636,"length":0.5724523723537686},"p2":{"y":3,"x":184,"length":184.0244548966251},"rightArrow":"true","shape":"bezier"},"typeID":"Arrow","w":"185","x":"631","y":"1628","zOrder":"116"},{"ID":"136","measuredH":"32","measuredW":"168","properties":{"align":"center","color":"16770457","size":"18","text":"Rendering Pipeline"},"typeID":"TextInput","w":"179","x":"724","y":"1525","zOrder":"117"},{"ID":"137","measuredH":"32","measuredW":"82","properties":{"align":"center","color":"16770457","size":"18","text":"Shading"},"typeID":"TextInput","w":"97","x":"1073","y":"1534","zOrder":"118"},{"ID":"138","measuredH":"32","measuredW":"106","properties":{"align":"center","color":"16770457","size":"18","text":"Transforms"},"typeID":"TextInput","w":"116","x":"1073","y":"1493","zOrder":"119"},{"ID":"139","measuredH":"32","measuredW":"168","properties":{"align":"center","color":"16770457","size":"18","text":"Visual Appearance"},"typeID":"TextInput","w":"172","x":"1073","y":"1574","zOrder":"120"},{"ID":"140","measuredH":"32","measuredW":"92","properties":{"align":"center","color":"16770457","size":"18","text":"Texturing"},"typeID":"TextInput","w":"105","x":"1073","y":"1613","zOrder":"121"},{"ID":"141","measuredH":"32","measuredW":"283","properties":{"align":"center","color":"16770457","size":"18","text":"Area and Environmental Lighting"},"typeID":"TextInput","w":"293","x":"1073","y":"1652","zOrder":"122"},{"ID":"142","measuredH":"32","measuredW":"162","properties":{"align":"center","color":"15658734","size":"18","text":"Global Illumination"},"typeID":"TextInput","w":"177","x":"1073","y":"1691","zOrder":"123"},{"ID":"143","measuredH":"32","measuredW":"188","properties":{"align":"center","color":"16770457","size":"18","text":"Image-Based Effects"},"typeID":"TextInput","w":"202","x":"1073","y":"1731","zOrder":"124"},{"ID":"144","measuredH":"32","measuredW":"253","properties":{"align":"center","color":"16770457","size":"18","text":"Non-Photorealistic Rendering"},"typeID":"TextInput","w":"269","x":"1073","y":"1768","zOrder":"125"},{"ID":"145","measuredH":"32","measuredW":"254","properties":{"align":"center","color":"16770457","size":"18","text":"Curves and Curved Surfaces"},"typeID":"TextInput","w":"271","x":"656","y":"1748","zOrder":"126"},{"ID":"146","measuredH":"32","measuredW":"189","properties":{"align":"center","color":"15658734","size":"18","text":"Polygonal Techniques"},"typeID":"TextInput","w":"206","x":"720","y":"1710","zOrder":"127"},{"ID":"147","measuredH":"32","measuredW":"206","properties":{"align":"center","color":"15658734","size":"18","text":"Acceleration Algorithms"},"typeID":"TextInput","w":"217","x":"709","y":"1786","zOrder":"128"},{"ID":"148","measuredH":"32","measuredW":"185","properties":{"align":"center","color":"15658734","size":"18","text":"Pipeline Optimization"},"typeID":"TextInput","w":"203","x":"723","y":"1824","zOrder":"129"},{"ID":"149","measuredH":"32","measuredW":"229","properties":{"align":"center","color":"16770457","size":"18","text":"Intersection Test Methods"},"typeID":"TextInput","w":"241","x":"686","y":"1861","zOrder":"130"},{"ID":"150","measuredH":"32","measuredW":"166","properties":{"align":"center","color":"16770457","size":"18","text":"Collision Detection"},"typeID":"TextInput","w":"181","x":"746","y":"1898","zOrder":"131"},{"ID":"151","h":"52","measuredH":"51","measuredW":"70","properties":{"color":"2848996","curvature":"1","direction":"top","p0":{"y":0,"x":0,"length":0},"p1":{"y":0.047193707505665906,"x":0.5941874416744434,"length":0.5960586899557379},"p2":{"y":51,"x":70,"length":86.6083136886985},"rightArrow":"false","shape":"bezier"},"typeID":"Arrow","w":"71","x":"823","y":"1561","zOrder":"132"},{"ID":"152","h":"129","measuredH":"128","measuredW":"87","properties":{"color":"2848996","curvature":"1","direction":"bottom","p0":{"y":0,"x":87,"length":87},"p1":{"y":-0.14646017699115044,"x":0.3969026548672566,"length":0.4230629987188146},"p2":{"y":128,"x":0,"length":128},"rightArrow":"false","shape":"bezier"},"typeID":"Arrow","w":"88","x":"980","y":"1507","zOrder":"133"},{"ID":"153","h":"86","measuredH":"85","measuredW":"88","properties":{"color":"2848996","curvature":"1","direction":"bottom","p0":{"y":1,"x":88,"length":88.0056816347672},"p1":{"y":-0.11586402266288953,"x":0.36628895184135973,"length":0.3841771310068684},"p2":{"y":85,"x":0,"length":85},"rightArrow":"false","shape":"bezier"},"typeID":"Arrow","w":"89","x":"980","y":"1549","zOrder":"134"},{"ID":"154","h":"44","measuredH":"43","measuredW":"86","properties":{"color":"2848996","curvature":"1","direction":"bottom","p0":{"y":0,"x":86,"length":86},"p1":{"y":-0.05163204747774484,"x":0.3584569732937686,"length":0.3621564165242328},"p2":{"y":43,"x":0,"length":43},"rightArrow":"false","shape":"bezier"},"typeID":"Arrow","w":"87","x":"980","y":"1591","zOrder":"135"},{"ID":"155","h":"5","measuredH":"4","measuredW":"86","properties":{"color":"2848996","curvature":"0","direction":"bottom","p0":{"y":0,"x":86,"length":86},"p1":{"y":0.009629120152372819,"x":0.44024125707634515,"length":0.44034655032947567},"p2":{"y":4,"x":0,"length":4},"rightArrow":"false","shape":"bezier"},"typeID":"Arrow","w":"87","x":"980","y":"1630","zOrder":"136"},{"ID":"156","h":"37","measuredH":"36","measuredW":"87","properties":{"color":"2848996","curvature":"0","direction":"top","p0":{"y":36,"x":87,"length":94.15412895885129},"p1":{"y":0.009629120152372847,"x":0.4402412570763451,"length":0.4403465503294756},"p2":{"y":0,"x":0,"length":0},"rightArrow":"false","shape":"bezier"},"typeID":"Arrow","w":"88","x":"980","y":"1634","zOrder":"137"},{"ID":"157","h":"72","measuredH":"71","measuredW":"86","properties":{"color":"2848996","curvature":"1","direction":"top","p0":{"y":71,"x":86,"length":111.5212984142491},"p1":{"y":0.07210159770585826,"x":0.45227365833674704,"length":0.45798482771489496},"p2":{"y":0,"x":0,"length":0},"rightArrow":"false","shape":"bezier"},"typeID":"Arrow","w":"87","x":"980","y":"1634","zOrder":"138"},{"ID":"158","h":"114","measuredH":"113","measuredW":"88","properties":{"color":"2848996","curvature":"1","direction":"top","p0":{"y":113,"x":88,"length":143.22360140703069},"p1":{"y":0.07210159770585826,"x":0.4522736583367474,"length":0.4579848277148953},"p2":{"y":0,"x":0,"length":0},"rightArrow":"false","shape":"bezier"},"typeID":"Arrow","w":"89","x":"980","y":"1634","zOrder":"139"},{"ID":"159","h":"152","measuredH":"150","measuredW":"88","properties":{"color":"2848996","curvature":"1","direction":"top","p0":{"y":150,"x":88,"length":173.90802166662698},"p1":{"y":0.11202912757316905,"x":0.37165663072398825,"length":0.38817415754518275},"p2":{"y":0,"x":0,"length":0},"rightArrow":"false","shape":"bezier"},"typeID":"Arrow","w":"90","x":"980","y":"1634","zOrder":"140"},{"ID":"160","h":"70","measuredH":"69","measuredW":"24","properties":{"color":"2848996","curvature":"1","direction":"bottom","p0":{"y":69,"x":0,"length":69},"p1":{"y":-0.27406764960971397,"x":0.36947094535993075,"length":0.4600237559384883},"p2":{"y":0,"x":14,"length":14},"rightArrow":"false","shape":"bezier"},"typeID":"Arrow","w":"25","x":"934","y":"1658","zOrder":"141"},{"ID":"161","h":"107","measuredH":"106","measuredW":"45","properties":{"color":"2848996","curvature":"1","direction":"bottom","p0":{"y":104,"x":0,"length":104},"p1":{"y":-0.4026461940542306,"x":0.22574322116955245,"length":0.46161018131142056},"p2":{"y":0,"x":16,"length":16},"rightArrow":"false","shape":"bezier"},"typeID":"Arrow","w":"46","x":"932","y":"1658","zOrder":"142"},{"ID":"162","h":"148","measuredH":"147","measuredW":"62","properties":{"color":"2848996","curvature":"1","direction":"bottom","p0":{"y":145,"x":0,"length":145},"p1":{"y":-0.40264619405423063,"x":0.2257432211695523,"length":0.46161018131142056},"p2":{"y":0,"x":17,"length":17},"rightArrow":"false","shape":"bezier"},"typeID":"Arrow","w":"63","x":"931","y":"1658","zOrder":"143"},{"ID":"163","h":"185","measuredH":"184","measuredW":"77","properties":{"color":"2848996","curvature":"1","direction":"bottom","p0":{"y":183,"x":0,"length":183},"p1":{"y":-0.4026461940542307,"x":0.2257432211695523,"length":0.4616101813114206},"p2":{"y":0,"x":15,"length":15},"rightArrow":"false","shape":"bezier"},"typeID":"Arrow","w":"78","x":"933","y":"1658","zOrder":"144"},{"ID":"164","h":"220","measuredH":"219","measuredW":"91","properties":{"color":"2848996","curvature":"1","direction":"bottom","p0":{"y":218,"x":0,"length":218},"p1":{"y":-0.40264619405423085,"x":0.22574322116955234,"length":0.4616101813114208},"p2":{"y":0,"x":15,"length":15},"rightArrow":"false","shape":"bezier"},"typeID":"Arrow","w":"92","x":"933","y":"1658","zOrder":"145"},{"ID":"165","h":"256","measuredH":"255","measuredW":"105","properties":{"color":"2848996","curvature":"1","direction":"bottom","p0":{"y":254,"x":0,"length":254},"p1":{"y":-0.40264619405423085,"x":0.22574322116955223,"length":0.46161018131142073},"p2":{"y":0,"x":15,"length":15},"rightArrow":"false","shape":"bezier"},"typeID":"Arrow","w":"106","x":"933","y":"1658","zOrder":"146"},{"ID":"166","h":"33","measuredH":"32","measuredW":"44","properties":{"color":"2848996","curvature":"-1","direction":"top","p0":{"y":0,"x":0,"length":0},"p1":{"y":-0.1696988707653702,"x":0.5147427854454204,"length":0.5419943190727666},"p2":{"y":32,"x":44,"length":54.405882034941776},"rightArrow":"false","shape":"bezier"},"typeID":"Arrow","w":"45","x":"168","y":"1071","zOrder":"147"},{"ID":"167","measuredH":"32","measuredW":"182","properties":{"align":"center","color":"15658734","size":"18","text":"Amazon Lumberyard"},"typeID":"TextInput","w":"195","x":"67","y":"1031","zOrder":"148"},{"ID":"180","h":"67","measuredH":"140","measuredW":"200","properties":{"color":"16776960","text":""},"typeID":"TextArea","w":"373","x":"440","y":"435","zOrder":"149"},{"ID":"181","measuredH":"26","measuredW":"114","properties":{"bold":"true","size":"18","text":"Video Games"},"typeID":"Label","x":"452","y":"446","zOrder":"150"},{"ID":"182","measuredH":"26","measuredW":"349","properties":{"size":"18","text":"Play games, have fun and gain experience!"},"typeID":"Label","w":"356","x":"451","y":"470","zOrder":"151"},{"ID":"183","h":"91","measuredH":"90","measuredW":"179","properties":{"color":"2848996","curvature":"-1","direction":"bottom","p0":{"y":90,"x":11,"length":90.6697303403953},"p1":{"y":0.4120134804731382,"x":0.24225203198308332,"length":0.4779551810489367},"p2":{"y":26,"x":179,"length":180.87841220001906},"rightArrow":"false","shape":"bezier"},"typeID":"Arrow","w":"180","x":"252","y":"447","zOrder":"152"},{"ID":"185","h":"68","measuredH":"140","measuredW":"200","properties":{"color":"16776960","text":""},"typeID":"TextArea","w":"413","x":"204","y":"544","zOrder":"153"},{"ID":"186","measuredH":"26","measuredW":"83","properties":{"bold":"true","size":"18","text":"Platforms"},"typeID":"Label","x":"216","y":"555","zOrder":"154"},{"ID":"189","h":"33","measuredH":"80","measuredW":"275","properties":{"size":"18","text":"Try as many as possible to know the differences"},"typeID":"Paragraph","w":"398","x":"213","y":"579","zOrder":"155"},{"ID":"190","h":"64","measuredH":"140","measuredW":"200","properties":{"color":"16776960","text":""},"typeID":"TextArea","w":"405","x":"788","y":"561","zOrder":"156"},{"ID":"191","measuredH":"26","measuredW":"85","properties":{"bold":"true","size":"18","text":"Gameplay"},"typeID":"Label","x":"800","y":"572","zOrder":"157"},{"ID":"192","h":"29","measuredH":"80","measuredW":"275","properties":{"size":"18","text":"Play different genres to have broad knowledge"},"typeID":"Paragraph","w":"389","x":"799","y":"596","zOrder":"158"},{"ID":"193","h":"92","measuredH":"91","measuredW":"79","properties":{"color":"2848996","curvature":"-1","direction":"top","p0":{"y":91,"x":56,"length":106.85036265731624},"p1":{"y":-0.6720722807830419,"x":0.5721070311595042,"length":0.8826027451232303},"p2":{"y":14,"x":0,"length":14},"rightArrow":"false","shape":"bezier"},"typeID":"Arrow","w":"80","x":"822","y":"461","zOrder":"159"},{"ID":"194","h":"236","measuredH":"235","measuredW":"54","properties":{"color":"2848996","curvature":"1","direction":"top","leftArrow":"false","p0":{"y":0,"x":0,"length":0},"p1":{"y":0.07730674502410748,"x":0.5006920628647468,"length":0.5066249842259833},"p2":{"y":235,"x":53,"length":240.9024698918631},"rightArrow":"false","shape":"bezier"},"typeID":"Arrow","w":"55","x":"656","y":"516","zOrder":"160"},{"ID":"195","h":"25","measuredH":"24","measuredW":"35","properties":{"color":"2848996","curvature":"-1","direction":"top","p0":{"y":0,"x":0,"length":0},"p1":{"y":-0.189894503053859,"x":0.47307051637978903,"length":0.5097603709174658},"p2":{"y":24,"x":35,"length":42.43819034784589},"rightArrow":"false","shape":"bezier"},"typeID":"Arrow","w":"36","x":"161","y":"553","zOrder":"161"},{"ID":"196","measuredH":"32","measuredW":"39","properties":{"align":"center","color":"16770457","size":"18","text":"PC"},"typeID":"TextInput","w":"49","x":"131","y":"512","zOrder":"162"},{"ID":"197","h":"33","measuredH":"32","measuredW":"32","properties":{"color":"2848996","curvature":"-1","direction":"bottom","p0":{"y":32,"x":0,"length":32},"p1":{"y":0.31060094530722476,"x":0.5705604321404457,"length":0.6496246254184287},"p2":{"y":2,"x":32,"length":32.0624390837628},"rightArrow":"false","shape":"bezier"},"typeID":"Arrow","w":"33","x":"162","y":"592","zOrder":"163"},{"ID":"198","measuredH":"32","measuredW":"66","properties":{"align":"center","color":"16770457","size":"18","text":"Mobile"},"typeID":"TextInput","x":"120","y":"632","zOrder":"164"},{"ID":"199","h":"25","measuredH":"24","measuredW":"13","properties":{"color":"2848996","curvature":"1","direction":"bottom","p0":{"y":24,"x":0,"length":24},"p1":{"y":-0.06597774244833067,"x":0.5747217806041336,"length":0.5784964888392704},"p2":{"y":0,"x":13,"length":13},"rightArrow":"false","shape":"bezier"},"typeID":"Arrow","w":"14","x":"131","y":"672","zOrder":"165"},{"ID":"200","measuredH":"32","measuredW":"123","properties":{"align":"center","color":"15658734","size":"18","text":"Smartphones"},"typeID":"TextInput","x":"30","y":"701","zOrder":"166"},{"ID":"201","h":"23","measuredH":"22","measuredW":"19","properties":{"color":"2848996","curvature":"-1","direction":"top","p0":{"y":22,"x":19,"length":29.068883707497267},"p1":{"y":-0.06386066763425259,"x":0.5457184325108854,"length":0.5494422557947561},"p2":{"y":0,"x":0,"length":0},"rightArrow":"false","shape":"bezier"},"typeID":"Arrow","w":"20","x":"178","y":"672","zOrder":"167"},{"ID":"202","measuredH":"32","measuredW":"100","properties":{"align":"center","color":"15658734","size":"18","text":"Handhelds"},"typeID":"TextInput","x":"173","y":"701","zOrder":"168"},{"ID":"203","measuredH":"32","measuredW":"123","properties":{"align":"center","color":"16770457","size":"18","text":"PlayStation 4"},"typeID":"TextInput","x":"281","y":"670","zOrder":"169"},{"ID":"204","h":"42","measuredH":"41","measuredW":"27","properties":{"color":"2848996","curvature":"-1","direction":"top","p0":{"y":41,"x":27,"length":49.09175083453431},"p1":{"y":-0.08852459016393448,"x":0.4262295081967213,"length":0.4353253917718463},"p2":{"y":0,"x":0,"length":0},"rightArrow":"false","shape":"bezier"},"typeID":"Arrow","w":"28","x":"317","y":"621","zOrder":"170"},{"ID":"205","measuredH":"32","measuredW":"95","properties":{"align":"center","color":"16770457","size":"18","text":"Xbox One"},"typeID":"TextInput","x":"424","y":"670","zOrder":"171"},{"ID":"206","h":"42","measuredH":"41","measuredW":"15","properties":{"color":"2848996","curvature":"-1","direction":"bottom","p0":{"y":41,"x":0,"length":41},"p1":{"y":0.015529411764705842,"x":0.6498823529411765,"length":0.6500678697598564},"p2":{"y":0,"x":15,"length":15},"rightArrow":"false","shape":"bezier"},"typeID":"Arrow","w":"16","x":"462","y":"622","zOrder":"172"},{"ID":"207","measuredH":"32","measuredW":"120","properties":{"align":"center","color":"15658734","size":"18","text":"Old consoles"},"typeID":"TextInput","x":"534","y":"639","zOrder":"173"},{"ID":"208","h":"42","measuredH":"41","measuredW":"16","properties":{"color":"2848996","curvature":"-1","direction":"top","p0":{"y":41,"x":4,"length":41.19465984809196},"p1":{"y":-0.34492895639392446,"x":0.41891229789318957,"length":0.5426449099412564},"p2":{"y":0,"x":0,"length":0},"rightArrow":"false","shape":"bezier"},"typeID":"Arrow","w":"17","x":"625","y":"589","zOrder":"174"},{"ID":"209","h":"52","measuredH":"51","measuredW":"14","properties":{"color":"2848996","curvature":"1","direction":"top","p0":{"y":51,"x":14,"length":52.88667128870941},"p1":{"y":0.2745098039215687,"x":0.5686274509803921,"length":0.6314212622786125},"p2":{"y":0,"x":14,"length":14},"rightArrow":"false","shape":"bezier"},"typeID":"Arrow","w":"15","x":"764","y":"599","zOrder":"175"},{"ID":"210","measuredH":"32","measuredW":"99","properties":{"align":"center","color":"16770457","size":"18","text":"Platformer"},"typeID":"TextInput","x":"757","y":"658","zOrder":"176"},{"ID":"211","h":"56","measuredH":"55","measuredW":"16","properties":{"color":"2848996","curvature":"0","direction":"top","p0":{"y":55,"x":16,"length":57.28001396647874},"p1":{"y":-0.006705272782688204,"x":0.39804937519049066,"length":0.39810584744842703},"p2":{"y":0,"x":0,"length":0},"rightArrow":"false","shape":"bezier"},"typeID":"Arrow","w":"17","x":"885","y":"639","zOrder":"177"},{"ID":"212","measuredH":"32","measuredW":"79","properties":{"align":"center","color":"16770457","size":"18","text":"Shooter"},"typeID":"TextInput","x":"857","y":"701","zOrder":"178"},{"ID":"213","measuredH":"32","measuredW":"57","properties":{"align":"center","color":"16770457","size":"18","text":"MMO"},"typeID":"TextInput","x":"950","y":"680","zOrder":"179"},{"ID":"214","h":"40","measuredH":"39","measuredW":"18","properties":{"color":"2848996","curvature":"-1","direction":"top","p0":{"y":39,"x":18,"length":42.95346318982906},"p1":{"y":-0.06504065040650406,"x":0.5853658536585366,"length":0.5889681390658482},"p2":{"y":0,"x":0,"length":0},"rightArrow":"false","shape":"bezier"},"typeID":"Arrow","w":"19","x":"956","y":"634","zOrder":"180"},{"ID":"215","measuredH":"32","measuredW":"51","properties":{"align":"center","color":"16770457","size":"18","text":"RPG"},"typeID":"TextInput","x":"1018","y":"701","zOrder":"181"},{"ID":"216","h":"60","measuredH":"59","measuredW":"8","properties":{"color":"2848996","curvature":"-1","direction":"top","p0":{"y":59,"x":5,"length":59.21148537234985},"p1":{"y":-0.09420505200594351,"x":0.4638930163447251,"length":0.47336172472734833},"p2":{"y":0,"x":0,"length":0},"rightArrow":"false","shape":"bezier"},"typeID":"Arrow","w":"9","x":"1045","y":"634","zOrder":"182"},{"ID":"217","measuredH":"32","measuredW":"97","properties":{"align":"center","color":"16770457","size":"18","text":"Adventure"},"typeID":"TextInput","x":"1245","y":"516","zOrder":"183"},{"ID":"218","h":"26","measuredH":"25","measuredW":"39","properties":{"color":"2848996","curvature":"1","direction":"bottom","p0":{"y":0,"x":39,"length":39},"p1":{"y":-0.049180327868852444,"x":0.6256830601092896,"length":0.627612935141567},"p2":{"y":25,"x":0,"length":25},"rightArrow":"false","shape":"bezier"},"typeID":"Arrow","w":"40","x":"1198","y":"545","zOrder":"184"},{"ID":"219","h":"8","measuredH":"7","measuredW":"57","properties":{"color":"2848996","curvature":"1","direction":"bottom","p0":{"y":0,"x":57,"length":57},"p1":{"y":-0.025782688766114163,"x":0.4898710865561692,"length":0.490549109145794},"p2":{"y":7,"x":0,"length":7},"rightArrow":"false","shape":"bezier"},"typeID":"Arrow","w":"58","x":"1201","y":"579","zOrder":"185"},{"ID":"220","measuredH":"32","measuredW":"81","properties":{"align":"center","color":"16770457","size":"18","text":"Fighting"},"typeID":"TextInput","x":"1264","y":"562","zOrder":"186"},{"ID":"221","h":"30","measuredH":"29","measuredW":"44","properties":{"color":"2848996","curvature":"1","direction":"top","p0":{"y":29,"x":44,"length":52.69724850502159},"p1":{"y":0.16847951862994695,"x":0.5855126128211063,"length":0.6092703570422391},"p2":{"y":0,"x":0,"length":0},"rightArrow":"false","shape":"bezier"},"typeID":"Arrow","w":"45","x":"1193","y":"631","zOrder":"187"},{"ID":"222","measuredH":"32","measuredW":"97","properties":{"align":"center","color":"16770457","size":"18","text":"Simulation"},"typeID":"TextInput","x":"1245","y":"651","zOrder":"188"},{"ID":"223","measuredH":"32","measuredW":"83","properties":{"align":"center","color":"16770457","size":"18","text":"Strategy"},"typeID":"TextInput","x":"1080","y":"690","zOrder":"189"},{"ID":"224","h":"52","measuredH":"51","measuredW":"8","properties":{"color":"2848996","curvature":"-1","direction":"bottom","p0":{"y":51,"x":5,"length":51.24451190127583},"p1":{"y":0.12015355086372367,"x":0.5639155470249521,"length":0.5765740368431554},"p2":{"y":0,"x":8,"length":8},"rightArrow":"false","shape":"bezier"},"typeID":"Arrow","w":"9","x":"1099","y":"629","zOrder":"190"},{"ID":"225","measuredH":"32","measuredW":"62","properties":{"align":"center","color":"16770457","size":"18","text":"Music"},"typeID":"TextInput","x":"1170","y":"672","zOrder":"191"},{"ID":"226","h":"37","measuredH":"36","measuredW":"35","properties":{"color":"2848996","curvature":"-1","direction":"top","p0":{"y":36,"x":35,"length":50.20956084253277},"p1":{"y":-0.05160744500846018,"x":0.4441624365482233,"length":0.447150532170941},"p2":{"y":0,"x":0,"length":0},"rightArrow":"false","shape":"bezier"},"typeID":"Arrow","w":"36","x":"1144","y":"632","zOrder":"192"},{"ID":"227","measuredH":"32","measuredW":"59","properties":{"align":"center","color":"16770457","size":"18","text":"Sport"},"typeID":"TextInput","x":"1275","y":"609","zOrder":"193"},{"ID":"228","h":"17","measuredH":"16","measuredW":"63","properties":{"color":"2848996","curvature":"1","direction":"top","p0":{"y":15,"x":63,"length":64.76109943476871},"p1":{"y":0.12510662496445832,"x":0.5635484788171737,"length":0.5772681834183728},"p2":{"y":0,"x":0,"length":0},"rightArrow":"false","shape":"bezier"},"typeID":"Arrow","w":"64","x":"1204","y":"612","zOrder":"194"},{"ID":"229","h":"47","measuredH":"46","measuredW":"50","properties":{"color":"2848996","curvature":"1","direction":"bottom","p0":{"y":0,"x":50,"length":50},"p1":{"y":-0.17837837837837825,"x":0.7297297297297294,"length":0.7512152316908409},"p2":{"y":46,"x":3,"length":46.09772228646444},"rightArrow":"false","shape":"bezier","text":""},"typeID":"Arrow","w":"51","x":"1168","y":"508","zOrder":"195"},{"ID":"230","measuredH":"32","measuredW":"73","properties":{"align":"center","color":"16770457","size":"18","text":"Racing"},"typeID":"TextInput","x":"1225","y":"476","zOrder":"196"},{"ID":"231","h":"41","measuredH":"40","measuredW":"9","properties":{"color":"2848996","curvature":"1","direction":"bottom","p0":{"y":0,"x":9,"length":9},"p1":{"y":-0.08322183569708322,"x":0.5191329943805192,"length":0.5257612954481117},"p2":{"y":40,"x":1,"length":40.01249804748511},"rightArrow":"false","shape":"bezier"},"typeID":"Arrow","w":"10","x":"908","y":"1148","zOrder":"197"},{"ID":"232","measuredH":"32","measuredW":"52","properties":{"align":"center","color":"15658734","size":"18","text":"Java"},"typeID":"TextInput","x":"1039","y":"1260","zOrder":"198"},{"ID":"233","measuredH":"32","measuredW":"45","properties":{"align":"center","color":"15658734","size":"18","text":"Lua"},"typeID":"TextInput","x":"923","y":"1285","zOrder":"199"},{"ID":"234","h":"45","measuredH":"44","measuredW":"61","properties":{"color":"2848996","curvature":"1","direction":"top","p0":{"y":44,"x":61,"length":75.21303078589507},"p1":{"y":0.156319126972423,"x":0.4624686624391683,"length":0.48817305660564053},"p2":{"y":0,"x":0,"length":0},"rightArrow":"false","shape":"bezier"},"typeID":"Arrow","w":"62","x":"968","y":"1229","zOrder":"200"},{"ID":"235","measuredH":"32","measuredW":"197","properties":{"align":"center","color":"16776960","size":"18","text":"Testing Methodologies"},"typeID":"TextInput","w":"203","x":"847","y":"1007","zOrder":"201"},{"ID":"236","h":"42","measuredH":"41","measuredW":"186","properties":{"color":"2848996","curvature":"1","direction":"bottom","p0":{"y":0,"x":186,"length":186},"p1":{"y":-0.0376079561364909,"x":0.5199752370516919,"length":0.5213334878096049},"p2":{"y":41,"x":0,"length":41},"rightArrow":"false","shape":"bezier"},"typeID":"Arrow","w":"187","x":"1054","y":"980","zOrder":"202"},{"ID":"237","measuredH":"32","measuredW":"114","properties":{"align":"center","color":"16776960","size":"18","text":"Unit Testing"},"typeID":"TextInput","w":"126","x":"1248","y":"1053","zOrder":"203"},{"ID":"240","h":"42","measuredH":"41","measuredW":"20","properties":{"color":"2848996","curvature":"-1","direction":"bottom","p0":{"y":41,"x":0,"length":41},"p1":{"y":0.08691071898867551,"x":0.4877534895970502,"length":0.4954361106027984},"p2":{"y":0,"x":20,"length":20},"rightArrow":"false","shape":"bezier"},"typeID":"Arrow","w":"21","x":"111","y":"1432","zOrder":"204"},{"ID":"241","h":"45","measuredH":"44","measuredW":"18","properties":{"color":"2848996","curvature":"1","direction":"top","p0":{"y":0,"x":0,"length":0},"p1":{"y":0.21095890410958903,"x":0.5041095890410958,"length":0.54647061859381},"p2":{"y":44,"x":15,"length":46.486557196677836},"rightArrow":"false","shape":"bezier"},"typeID":"Arrow","w":"19","x":"131","y":"1345","zOrder":"205"},{"ID":"242","h":"46","measuredH":"45","measuredW":"22","properties":{"color":"2848996","curvature":"1","direction":"bottom","p0":{"y":0,"x":22,"length":22},"p1":{"y":-0.4186046511627907,"x":0.4186046511627907,"length":0.591996374946877},"p2":{"y":45,"x":15,"length":47.43416490252569},"rightArrow":"false","shape":"bezier"},"typeID":"Arrow","w":"23","x":"178","y":"1344","zOrder":"206"},{"ID":"243","measuredH":"32","measuredW":"44","properties":{"align":"center","color":"16770457","size":"18","text":"iOS"},"typeID":"TextInput","w":"58","x":"67","y":"1326","zOrder":"207"},{"ID":"244","measuredH":"32","measuredW":"77","properties":{"align":"center","color":"16770457","size":"18","text":"Android"},"typeID":"TextInput","w":"88","x":"204","y":"1326","zOrder":"208"},{"ID":"245","h":"41","measuredH":"40","measuredW":"183","properties":{"color":"2848996","curvature":"1","direction":"top","p0":{"y":40,"x":183,"length":187.3205808233575},"p1":{"y":0.026167020293955477,"x":0.523206259014627,"length":0.523860193585221},"p2":{"y":0,"x":0,"length":0},"rightArrow":"false","shape":"bezier"},"typeID":"Arrow","w":"184","x":"1057","y":"1024","zOrder":"209"},{"ID":"248","h":"65","measuredH":"140","measuredW":"200","properties":{"color":"16776960","text":""},"typeID":"TextArea","w":"242","x":"1248","y":"1094","zOrder":"210"},{"ID":"249","measuredH":"26","measuredW":"151","properties":{"bold":"false","italic":"false","size":"18","text":"Functional Testing"},"typeID":"Label","w":"151","x":"1260","y":"1105","zOrder":"211"},{"ID":"250","h":"30","measuredH":"80","measuredW":"275","properties":{"italic":"false","size":"18","text":"(UI, game mechanics, etc.)"},"typeID":"Paragraph","w":"389","x":"1248","y":"1129","zOrder":"212"},{"ID":"254","measuredH":"32","measuredW":"186","properties":{"align":"center","color":"16776960","size":"18","text":"Compatibility Testing"},"typeID":"TextInput","w":"193","x":"1248","y":"1174","zOrder":"213"},{"ID":"255","h":"93","measuredH":"92","measuredW":"185","properties":{"color":"2848996","curvature":"1","direction":"top","p0":{"y":92,"x":185,"length":206.6131651178114},"p1":{"y":0.04884162196350347,"x":0.43517065286139284,"length":0.4379029585968067},"p2":{"y":0,"x":0,"length":0},"rightArrow":"false","shape":"bezier"},"typeID":"Arrow","w":"186","x":"1054","y":"1024","zOrder":"214"},{"ID":"256","measuredH":"32","measuredW":"173","properties":{"align":"center","color":"16776960","size":"18","text":"Regression Testing"},"typeID":"TextInput","w":"186","x":"1248","y":"1214","zOrder":"215"},{"ID":"257","h":"160","measuredH":"159","measuredW":"188","properties":{"color":"2848996","curvature":"1","direction":"top","p0":{"y":159,"x":188,"length":246.22144504490262},"p1":{"y":0.06334020618556699,"x":0.4145154639175258,"length":0.419326902960437},"p2":{"y":0,"x":0,"length":0},"rightArrow":"false","shape":"bezier"},"typeID":"Arrow","w":"189","x":"1054","y":"1024","zOrder":"216"},{"ID":"258","h":"65","measuredH":"140","measuredW":"200","properties":{"color":"15658734","text":""},"typeID":"TextArea","w":"348","x":"1248","y":"1257","zOrder":"217"},{"ID":"259","measuredH":"26","measuredW":"48","properties":{"bold":"false","italic":"false","size":"18","text":"Other"},"typeID":"Label","w":"48","x":"1260","y":"1268","zOrder":"218"},{"ID":"260","h":"30","measuredH":"80","measuredW":"275","properties":{"italic":"false","size":"18","text":"(Localization Testing, Beta Testing, etc.)"},"typeID":"Paragraph","w":"389","x":"1248","y":"1292","zOrder":"219"},{"ID":"261","h":"200","measuredH":"199","measuredW":"186","properties":{"color":"2848996","curvature":"1","direction":"top","p0":{"y":199,"x":186,"length":272.3912627086265},"p1":{"y":0.0994795821295046,"x":0.4212145051587878,"length":0.4328023181740404},"p2":{"y":0,"x":0,"length":0},"rightArrow":"false","shape":"bezier"},"typeID":"Arrow","w":"187","x":"1054","y":"1026","zOrder":"220"},{"ID":"262","measuredH":"32","measuredW":"202","properties":{"align":"center","color":"16776960","size":"18","text":"Requirements Analysis"},"typeID":"TextInput","w":"207","x":"1248","y":"968","zOrder":"221"},{"ID":"264","measuredH":"32","measuredW":"127","properties":{"align":"center","color":"16776960","size":"18","text":"Test Planning"},"typeID":"TextInput","w":"135","x":"1248","y":"1010","zOrder":"222"},{"ID":"266","h":"251","measuredH":"250","measuredW":"185","properties":{"color":"2848996","curvature":"1","direction":"top","p0":{"y":250,"x":185,"length":311.0064308016797},"p1":{"y":0.09936571562467464,"x":0.42135578640670757,"length":0.4329136682758107},"p2":{"y":0,"x":0,"length":0},"rightArrow":"false","shape":"bezier"},"typeID":"Arrow","w":"186","x":"1055","y":"1023","zOrder":"223"},{"ID":"267","h":"7","measuredH":"6","measuredW":"182","properties":{"color":"2848996","curvature":"-1","direction":"top","p0":{"y":6,"x":182,"length":182.0988742414406},"p1":{"y":-0.02579706290442772,"x":0.5004880104978707,"length":0.5011524090599703},"p2":{"y":4,"x":0,"length":4},"rightArrow":"false","shape":"bezier"},"typeID":"Arrow","w":"183","x":"1058","y":"1018","zOrder":"224"},{"ID":"268","h":"62","measuredH":"61","measuredW":"143","properties":{"color":"2848996","curvature":"1","direction":"top","p0":{"y":61,"x":143,"length":155.46703830716015},"p1":{"y":0.14201183431952663,"x":0.5241617357001974,"length":0.5430588239399488},"p2":{"y":0,"x":0,"length":0},"rightArrow":"false","shape":"bezier"},"typeID":"Arrow","w":"144","x":"629","y":"1147","zOrder":"225"},{"ID":"270","measuredH":"32","measuredW":"88","properties":{"align":"center","color":"15658734","size":"18","text":"Software"},"typeID":"TextInput","w":"96","x":"983","y":"1337","zOrder":"226"},{"ID":"271","h":"33","measuredH":"32","measuredW":"94","properties":{"color":"2848996","curvature":"1","direction":"bottom","p0":{"y":2,"x":94,"length":94.02127418834527},"p1":{"y":-0.10522565320665087,"x":0.4515439429928741,"length":0.4636425029549365},"p2":{"y":32,"x":0,"length":32},"rightArrow":"false","shape":"bezier"},"typeID":"Arrow","w":"95","x":"879","y":"1352","zOrder":"227"},{"ID":"272","h":"10","measuredH":"9","measuredW":"104","properties":{"color":"2848996","curvature":"1","direction":"top","p0":{"y":0,"x":104,"length":104},"p1":{"y":0.09333333333333334,"x":0.7200000000000001,"length":0.7260241808033058},"p2":{"y":0,"x":0,"length":0},"rightArrow":"false","shape":"bezier"},"typeID":"Arrow","w":"105","x":"878","y":"1430","zOrder":"228"},{"ID":"273","h":"65","measuredH":"140","measuredW":"200","properties":{"color":"15658734","size":"18","text":""},"typeID":"TextArea","w":"275","x":"994","y":"1392","zOrder":"229"},{"ID":"274","measuredH":"26","measuredW":"30","properties":{"bold":"false","italic":"false","size":"18","text":"API"},"typeID":"Label","w":"151","x":"1006","y":"1403","zOrder":"230"},{"ID":"275","h":"30","measuredH":"80","measuredW":"275","properties":{"italic":"false","size":"18","text":"(DirectX, OpenGL, Vulkan, etc.)"},"typeID":"Paragraph","w":"389","x":"1005","y":"1427","zOrder":"231"},{"ID":"276","h":"40","measuredH":"39","measuredW":"54","properties":{"color":"2848996","curvature":"1","direction":"bottom","p0":{"y":0,"x":54,"length":54},"p1":{"y":-0.10106820049301544,"x":0.6166803615447825,"length":0.6249075527355226},"p2":{"y":39,"x":0,"length":39},"rightArrow":"false","shape":"bezier"},"typeID":"Arrow","w":"55","x":"1063","y":"1291","zOrder":"232"},{"ID":"277","measuredH":"32","measuredW":"56","properties":{"align":"center","color":"16770457","size":"18","text":"Maya"},"typeID":"TextInput","w":"66","x":"1126","y":"1273","zOrder":"233"},{"ID":"278","h":"14","measuredH":"13","measuredW":"37","properties":{"color":"2848996","curvature":"0","direction":"bottom","p0":{"y":0,"x":37,"length":37},"p1":{"y":5.543896507881146e-17,"x":0.49999999999999994,"length":0.49999999999999994},"p2":{"y":13,"x":0,"length":13},"rightArrow":"false","shape":"bezier"},"typeID":"Arrow","w":"38","x":"1086","y":"1339","zOrder":"234"},{"ID":"279","measuredH":"32","measuredW":"89","properties":{"align":"center","color":"16770457","size":"18","text":"3DS Max"},"typeID":"TextInput","w":"98","x":"1130","y":"1314","zOrder":"235"},{"ID":"280","measuredH":"32","measuredW":"77","properties":{"align":"center","color":"16770457","size":"18","text":"Blender"},"typeID":"TextInput","w":"87","x":"1126","y":"1351","zOrder":"236"},{"ID":"281","h":"9","measuredH":"8","measuredW":"57","properties":{"color":"2848996","curvature":"1","direction":"top","p0":{"y":2,"x":57,"length":57.0350769263968},"p1":{"y":0.13439490445859872,"x":0.7630573248407643,"length":0.7748022143344581},"p2":{"y":0,"x":1,"length":1},"rightArrow":"false","shape":"bezier"},"typeID":"Arrow","w":"58","x":"1062","y":"1374","zOrder":"237"}]},"measuredH":"2418","measuredW":"1637","mockupH":"2180","mockupW":"1607","version":"1.0"}}
