{"mockup":{"controls":{"control":[{"ID":"0","measuredH":"40","measuredW":"371","properties":{"bold":"true","size":"32","text":"Game Developer in 2018"},"typeID":"Label","x":"441","y":"74","zOrder":"0"},{"ID":"1","h":"130","measuredH":"127","measuredW":"54","properties":{"color":"2848996","curvature":"-1","direction":"top","leftArrow":"false","p0":{"x":28,"y":0},"p1":{"x":0.45561826577732173,"y":-0.30750812382418335},"p2":{"x":58,"y":129},"shape":"bezier"},"typeID":"Arrow","w":"59","x":"605","y":"230","zOrder":"1"},{"ID":"2","h":"130","measuredH":"129","measuredW":"131","properties":{"color":"2848996","curvature":"1","direction":"bottom","leftArrow":"false","p0":{"x":138,"y":0},"p1":{"x":0.5684088130944218,"y":-0.21788259145523384},"p2":{"x":1,"y":129},"shape":"bezier"},"typeID":"Arrow","w":"139","x":"461","y":"229","zOrder":"2"},{"ID":"3","measuredH":"32","measuredW":"167","properties":{"align":"center","color":"16767334","size":"18","text":"Client Programmer"},"typeID":"TextInput","x":"378","y":"365","zOrder":"3"},{"ID":"4","measuredH":"28","measuredW":"167","properties":{"bold":"true","size":"20","text":"Choose your path"},"typeID":"Label","x":"539","y":"189","zOrder":"4"},{"ID":"8","measuredH":"25","measuredW":"175","properties":{"bold":"true","size":"17","text":"Required for any path"},"typeID":"Label","x":"67","y":"45","zOrder":"5"},{"ID":"10","measuredH":"25","measuredW":"69","properties":{"bold":"true","size":"17","text":"Legends"},"typeID":"Label","x":"926","y":"41","zOrder":"6"},{"ID":"11","measuredH":"32","measuredW":"234","properties":{"align":"center","color":"16776960","size":"18","text":"Personal Recommendation!"},"typeID":"TextInput","w":"240","x":"926","y":"84","zOrder":"7"},{"ID":"12","measuredH":"32","measuredW":"109","properties":{"align":"center","color":"15658734","size":"18","text":"Possibilities"},"typeID":"TextInput","w":"240","x":"926","y":"120","zOrder":"8"},{"ID":"13","measuredH":"32","measuredW":"87","properties":{"align":"center","color":"16770457","size":"18","text":"Pick any!"},"typeID":"TextInput","w":"240","x":"926","y":"156","zOrder":"9"},{"ID":"14","h":"47","measuredH":"46","measuredW":"0","properties":{"color":"6710886","curvature":"0","direction":"top","leftArrow":"false","p0":{"length":0,"x":0,"y":0},"p1":{"length":0.5,"x":0.5,"y":0},"p2":{"length":46,"x":0,"y":46},"rightArrow":"false","shape":"bezier"},"typeID":"Arrow","w":"1","x":"614","y":"135","zOrder":"10"},{"ID":"15","measuredH":"32","measuredW":"175","properties":{"align":"center","color":"16767334","size":"18","text":"Server Programmer"},"typeID":"TextInput","x":"574","y":"365","zOrder":"11"},{"ID":"16","h":"70","measuredH":"69","measuredW":"0","properties":{"color":"2848996","curvature":"0","direction":"top","leftArrow":"false","p0":{"y":0,"x":0,"length":0},"p1":{"y":0.004661280298321849,"x":0.5621504039776257,"length":0.5621697290198284},"p2":{"y":69,"x":0,"length":69},"rightArrow":"false","shape":"bezier","stroke":"dotted"},"typeID":"Arrow","w":"1","x":"461","y":"407","zOrder":"12"},{"ID":"18","measuredH":"32","measuredW":"90","properties":{"align":"center","color":"16767334","size":"18","text":"Designer"},"typeID":"TextInput","w":"112","x":"789","y":"348","zOrder":"13"},{"ID":"19","h":"70","measuredH":"69","measuredW":"0","properties":{"color":"2848996","curvature":"1","direction":"top","leftArrow":"false","p0":{"y":0,"x":0,"length":0},"p1":{"y":0.01304347826086956,"x":0.4608695652173913,"length":0.46105410579324535},"p2":{"y":69,"x":0,"length":69},"rightArrow":"false","shape":"bezier","stroke":"dotted"},"typeID":"Arrow","w":"1","x":"661","y":"407","zOrder":"14"},{"ID":"20","h":"77","measuredH":"76","measuredW":"0","properties":{"color":"2848996","curvature":"1","direction":"top","leftArrow":"false","p0":{"y":0,"x":0,"length":0},"p1":{"y":0.01247548058061985,"x":0.4537465672812867,"length":0.4539180376844135},"p2":{"y":76,"x":0,"length":76},"rightArrow":"false","shape":"bezier","stroke":"dotted"},"typeID":"Arrow","w":"1","x":"845","y":"389","zOrder":"15"},{"ID":"26","measuredH":"32","measuredW":"32","properties":{"color":"2848996","icon":{"ID":"circle","size":"medium"}},"typeID":"Icon","x":"926","y":"200","zOrder":"16"},{"ID":"27","measuredH":"28","measuredW":"187","properties":{"size":"20","text":"Now build something"},"typeID":"Label","x":"964","y":"203","zOrder":"17"},{"ID":"29","measuredH":"32","measuredW":"179","properties":{"align":"center","color":"16776960","size":"18","text":"Git - Version Control"},"typeID":"TextInput","w":"258","x":"67","y":"84","zOrder":"18"},{"ID":"30","measuredH":"32","measuredW":"166","properties":{"align":"center","color":"16776960","size":"18","text":"Learn to Research"},"typeID":"TextInput","w":"258","x":"67","y":"123","zOrder":"19"},{"ID":"31","h":"121","measuredH":"140","measuredW":"200","properties":{"color":"15658734","text":" \nCreate your profile. Explore the relevant opensource projects. Make it your habit to look under the hood for the projects you like. Create and contribute to opensource projects."},"typeID":"TextArea","w":"258","x":"67","y":"222","zOrder":"20"},{"ID":"32","measuredH":"32","measuredW":"67","properties":{"align":"center","borderStyle":"rectangle","color":"16776960","size":"18","text":"Github"},"typeID":"TextInput","w":"258","x":"67","y":"197","zOrder":"21"},{"ID":"33","measuredH":"32","measuredW":"186","properties":{"align":"center","color":"16776960","size":"18","text":"Communication Skills"},"typeID":"TextInput","w":"258","x":"67","y":"160","zOrder":"22"},{"ID":"34","h":"193","measuredH":"140","measuredW":"200","properties":{"color":"15658734","text":" \nIf you encounter problems while programming, you can look up information on MSDN, Google, or various reference sites, or ask questions at Stackoverflow, Gamedev. When you ask a question, you have to be clear about what the problem is, what kind of attempt you made, and which part has been encountered. That way you can clearly hear the answer you want."},"typeID":"TextArea","w":"258","x":"67","y":"373","zOrder":"23"},{"ID":"35","measuredH":"32","measuredW":"255","properties":{"align":"center","borderStyle":"rectangle","color":"16776960","size":"18","text":"Question/Answer and Search"},"typeID":"TextInput","w":"258","x":"67","y":"348","zOrder":"24"},{"ID":"36","measuredH":"32","measuredW":"60","properties":{"align":"center","color":"16767334","size":"18","text":"Artist"},"typeID":"TextInput","w":"112","x":"942","y":"341","zOrder":"25"},{"ID":"37","h":"109","measuredH":"129","measuredW":"58","properties":{"color":"2848996","curvature":"1","direction":"top","leftArrow":"false","p0":{"x":0,"y":0},"p1":{"x":0.488598722031073,"y":0.03872374073045114},"p2":{"x":185,"y":108},"shape":"bezier"},"typeID":"Arrow","w":"186","x":"656","y":"231","zOrder":"26"},{"ID":"38","h":"107","measuredH":"108","measuredW":"180","properties":{"color":"2848996","curvature":"1","direction":"top","leftArrow":"false","p0":{"x":0,"y":0},"p1":{"x":0.70162318605922,"y":0.1322127547612783},"p2":{"x":303,"y":106},"shape":"bezier"},"typeID":"Arrow","w":"304","x":"697","y":"228","zOrder":"27"},{"ID":"39","h":"77","measuredH":"76","measuredW":"0","properties":{"color":"2848996","curvature":"1","direction":"top","leftArrow":"false","p0":{"y":0,"x":0,"length":0},"p1":{"y":0.01247548058061985,"x":0.4537465672812867,"length":0.4539180376844135},"p2":{"y":76,"x":0,"length":76},"rightArrow":"false","shape":"bezier","stroke":"dotted"},"typeID":"Arrow","w":"1","x":"1001","y":"383","zOrder":"28"}]},"measuredH":"566","measuredW":"1166","mockupH":"525","mockupW":"1099","version":"1.0"}}