﻿{"mockup":{"controls":{"control":[{"ID":"191","measuredH":"40","measuredW":"104","properties":{"bold":"true","size":"32","text":"Server"},"typeID":"Label","x":"644","y":"138","zOrder":"0"},{"ID":"192","h":"105","measuredH":"104","measuredW":"13","properties":{"color":"2848996","curvature":"-1","direction":"bottom","leftArrow":"false","p0":{"length":2.153846153846154,"x":2.153846153846154,"y":0},"p1":{"length":0.47968169900301993,"x":0.4656914408114247,"y":0.11500440997371852},"p2":{"length":104,"x":0,"y":104},"rightArrow":"false","shape":"bezier","stroke":"dotted"},"typeID":"Arrow","w":"14","x":"708","y":"30","zOrder":"1"},{"ID":"193","measuredH":"25","measuredW":"69","properties":{"bold":"true","size":"17","text":"Legends"},"typeID":"Label","x":"1271","y":"36","zOrder":"2"},{"ID":"194","measuredH":"32","measuredW":"234","properties":{"align":"center","color":"16776960","size":"18","text":"Personal Recommendation!"},"typeID":"TextInput","w":"240","x":"1271","y":"73","zOrder":"3"},{"ID":"195","measuredH":"32","measuredW":"109","properties":{"align":"center","color":"15658734","size":"18","text":"Possibilities"},"typeID":"TextInput","w":"240","x":"1271","y":"109","zOrder":"4"},{"ID":"196","measuredH":"32","measuredW":"87","properties":{"align":"center","color":"16770457","size":"18","text":"Pick any!"},"typeID":"TextInput","w":"240","x":"1271","y":"145","zOrder":"5"},{"ID":"197","h":"58","measuredH":"57","measuredW":"12","properties":{"color":"2848996","curvature":"-1","direction":"top","leftArrow":"false","p0":{"length":3.25,"x":3.25,"y":0},"p1":{"length":0.4746972411561411,"x":0.4614622793164176,"y":-0.1113105364704893},"p2":{"length":58.23235307322248,"x":11.916666666666668,"y":57},"rightArrow":"false","shape":"bezier"},"typeID":"Arrow","w":"13","x":"689","y":"193","zOrder":"6"},{"ID":"198","measuredH":"26","measuredW":"147","properties":{"bold":"true","size":"18","text":"Learn the Basics"},"typeID":"Label","x":"653","y":"260","zOrder":"7"},{"ID":"199","h":"98","measuredH":"97","measuredW":"18","properties":{"color":"2848996","curvature":"-1","direction":"bottom","leftArrow":"false","p0":{"length":4.222222222222222,"x":4.222222222222222,"y":0},"p1":{"length":0.5059327689741254,"x":0.4789487386317376,"y":0.16302169329538116},"p2":{"length":97,"x":0,"y":97},"rightArrow":"true","shape":"bezier"},"typeID":"Arrow","w":"19","x":"717","y":"298","zOrder":"8"},{"ID":"200","h":"85","measuredH":"84","measuredW":"111","properties":{"color":"2848996","curvature":"1","direction":"top","p0":{"length":5,"x":0,"y":5},"p1":{"length":0.41603944813682064,"x":0.36870912170414866,"y":0.19272365183896223},"p2":{"length":139.20129309744215,"x":111,"y":84},"rightArrow":"false","shape":"bezier"},"typeID":"Arrow","w":"112","x":"603","y":"315","zOrder":"9"},{"ID":"201","h":"516","measuredH":"515","measuredW":"59","properties":{"color":"2848996","curvature":"1","direction":"bottom","leftArrow":"false","p0":{"length":59,"x":59,"y":0},"p1":{"length":0.5328055657730675,"x":0.522502660497618,"y":-0.10427243495607796},"p2":{"length":517.4214916294065,"x":50,"y":515},"rightArrow":"false","shape":"bezier"},"typeID":"Arrow","w":"60","x":"654","y":"398","zOrder":"10"},{"ID":"202","measuredH":"48","measuredW":"48","properties":{"color":"2848996","icon":{"ID":"circle","size":"large"}},"typeID":"Icon","x":"690","y":"372","zOrder":"11"},{"ID":"203","measuredH":"32","measuredW":"51","properties":{"align":"center","color":"16776960","size":"18","text":"TCP"},"typeID":"TextInput","w":"87","x":"511","y":"303","zOrder":"12"},{"ID":"204","measuredH":"32","measuredW":"172","properties":{"align":"center","color":"16776960","size":"18","text":"Segment Structure"},"typeID":"TextInput","w":"197","x":"426","y":"122","zOrder":"13"},{"ID":"205","h":"137","measuredH":"136","measuredW":"18","properties":{"color":"2848996","curvature":"0","direction":"bottom","p0":{"length":18,"x":18,"y":0},"p1":{"length":0.3657179329271082,"x":0.3656732081015846,"y":-0.0057193829362997195},"p2":{"length":136,"x":0,"y":136},"rightArrow":"false","shape":"bezier","text":""},"typeID":"Arrow","w":"19","x":"572","y":"160","zOrder":"14"},{"ID":"206","measuredH":"32","measuredW":"127","properties":{"align":"center","color":"16776960","size":"18","text":"Operations #1"},"typeID":"TextInput","w":"145","x":"411","y":"181","zOrder":"15"},{"ID":"207","measuredH":"32","measuredW":"328","properties":{"align":"center","color":"16776960","size":"18","text":"Connection Establishment/Termination"},"typeID":"TextInput","w":"340","x":"322","y":"45","zOrder":"16"},{"ID":"208","h":"83","measuredH":"82","measuredW":"59","properties":{"color":"2848996","curvature":"0","direction":"top","p0":{"length":0,"x":0,"y":0},"p1":{"length":0.45321929054475224,"x":0.45313304721030057,"y":0.008841201716738198},"p2":{"length":101.01980003939822,"x":59,"y":82},"rightArrow":"false","shape":"bezier"},"typeID":"Arrow","w":"60","x":"480","y":"217","zOrder":"17"},{"ID":"209","measuredH":"32","measuredW":"150","properties":{"align":"center","color":"15658734","size":"18","text":"Resource Usage"},"typeID":"TextInput","w":"165","x":"130","y":"24","zOrder":"18"},{"ID":"210","h":"116","measuredH":"115","measuredW":"28","properties":{"color":"2848996","curvature":"0","direction":"top","p0":{"length":0,"x":0,"y":0},"p1":{"length":0.41802488790721987,"x":0.4180169890784496,"y":0.0025697765722035347},"p2":{"length":118.35962149314268,"x":28,"y":115},"rightArrow":"false","shape":"bezier"},"typeID":"Arrow","w":"29","x":"378","y":"82","zOrder":"19"},{"ID":"211","h":"138","measuredH":"137","measuredW":"179","properties":{"color":"2848996","curvature":"-1","direction":"top","p0":{"length":0,"x":0,"y":0},"p1":{"length":0.3623981441439247,"x":0.3621531194646723,"y":-0.013324148789608343},"p2":{"length":225.41073621280776,"x":179,"y":137},"rightArrow":"false","shape":"bezier"},"typeID":"Arrow","w":"180","x":"227","y":"60","zOrder":"20"},{"ID":"212","measuredH":"32","measuredW":"127","properties":{"align":"center","color":"16776960","size":"18","text":"Data Transfer"},"typeID":"TextInput","w":"143","x":"168","y":"154","zOrder":"21"},{"ID":"213","measuredH":"32","measuredW":"190","properties":{"align":"center","color":"16776960","size":"18","text":"Reliable Transmission"},"typeID":"TextInput","w":"190","x":"295","y":"257","zOrder":"22"},{"ID":"214","h":"30","measuredH":"29","measuredW":"91","properties":{"color":"2848996","curvature":"0","direction":"top","p0":{"length":0,"x":0,"y":0},"p1":{"length":0.5034413472192094,"x":0.5033983775487831,"y":0.0065775049331287},"p2":{"length":95.50916186418976,"x":91,"y":29},"rightArrow":"false","shape":"bezier"},"typeID":"Arrow","w":"92","x":"315","y":"170","zOrder":"23"},{"ID":"215","h":"39","measuredH":"38","measuredW":"27","properties":{"color":"2848996","curvature":"0","direction":"bottom","p0":{"length":38,"x":0,"y":38},"p1":{"length":0.35103636048550707,"x":0.3510282161645146,"y":-0.0023912003825921884},"p2":{"length":27,"x":27,"y":0},"rightArrow":"false","shape":"bezier"},"typeID":"Arrow","w":"28","x":"137","y":"173","zOrder":"24"},{"ID":"216","measuredH":"32","measuredW":"140","properties":{"align":"center","color":"16776960","size":"18","text":"Error Detection"},"typeID":"TextInput","w":"152","x":"84","y":"216","zOrder":"25"},{"ID":"217","measuredH":"32","measuredW":"115","properties":{"align":"center","color":"16776960","size":"18","text":"Flow Control"},"typeID":"TextInput","w":"127","x":"84","y":"90","zOrder":"26"},{"ID":"218","measuredH":"32","measuredW":"172","properties":{"align":"center","color":"16776960","size":"18","text":"Congestion Control"},"typeID":"TextInput","w":"192","x":"72","y":"276","zOrder":"27"},{"ID":"219","h":"41","measuredH":"40","measuredW":"43","properties":{"color":"2848996","curvature":"0","direction":"top","p0":{"length":0,"x":0,"y":0},"p1":{"length":0.6024979412483218,"x":0.6024934763699623,"y":0.002319512902290519},"p2":{"length":58.728187440104094,"x":43,"y":40},"rightArrow":"false","shape":"bezier"},"typeID":"Arrow","w":"44","x":"216","y":"109","zOrder":"28"},{"ID":"220","h":"83","measuredH":"82","measuredW":"8","properties":{"color":"2848996","curvature":"0","direction":"bottom","p0":{"length":82,"x":0,"y":82},"p1":{"length":0.35103636048550685,"x":0.35102821616451435,"y":-0.002391200382592206},"p2":{"length":8,"x":8,"y":0},"rightArrow":"false","shape":"bezier"},"typeID":"Arrow","w":"9","x":"245","y":"190","zOrder":"29"},{"ID":"221","h":"61","measuredH":"60","measuredW":"127","properties":{"color":"2848996","curvature":"0","direction":"top","p0":{"length":140.45995870709916,"x":127,"y":60},"p1":{"length":0.35103636048550696,"x":0.35102821616451446,"y":-0.002391200382592191},"p2":{"length":0,"x":0,"y":0},"rightArrow":"false","shape":"bezier"},"typeID":"Arrow","w":"128","x":"255","y":"191","zOrder":"30"},{"ID":"222","measuredH":"32","measuredW":"131","properties":{"align":"center","color":"16776960","size":"18","text":"Operations #2"},"typeID":"TextInput","w":"145","x":"322","y":"380","zOrder":"31"},{"ID":"223","h":"56","measuredH":"55","measuredW":"57","properties":{"color":"2848996","curvature":"1","direction":"bottom","p0":{"length":55,"x":0,"y":55},"p1":{"length":0.5554897155354307,"x":0.5391978122151323,"y":-0.1335460346399271},"p2":{"length":57,"x":57,"y":0},"rightArrow":"false","shape":"bezier"},"typeID":"Arrow","w":"58","x":"471","y":"342","zOrder":"32"},{"ID":"224","measuredH":"32","measuredW":"212","properties":{"align":"center","color":"15658734","size":"18","text":"Maximum Segment Size"},"typeID":"TextInput","w":"229","x":"114","y":"324","zOrder":"33"},{"ID":"225","h":"33","measuredH":"32","measuredW":"47","properties":{"color":"2848996","curvature":"1","direction":"top","p0":{"length":0,"x":0,"y":0},"p1":{"length":0.5508478407361461,"x":0.525208784410764,"y":0.1660995978966904},"p2":{"length":56.859475903318,"x":47,"y":32},"rightArrow":"false","shape":"bezier"},"typeID":"Arrow","w":"48","x":"347","y":"342","zOrder":"34"},{"ID":"226","measuredH":"32","measuredW":"244","properties":{"align":"center","color":"16776960","size":"18","text":"Selective Acknowledgement"},"typeID":"TextInput","w":"259","x":"306","y":"467","zOrder":"35"},{"ID":"227","h":"46","measuredH":"45","measuredW":"11","properties":{"color":"2848996","curvature":"0","direction":"top","p0":{"length":46.32493928760188,"x":11,"y":45},"p1":{"length":0.4782181866205581,"x":0.478210566910914,"y":0.002699575780948611},"p2":{"length":0,"x":0,"y":0},"rightArrow":"false","shape":"bezier"},"typeID":"Arrow","w":"12","x":"397","y":"417","zOrder":"36"},{"ID":"228","measuredH":"32","measuredW":"144","properties":{"align":"center","color":"16776960","size":"18","text":"Window Scaling"},"typeID":"TextInput","w":"154","x":"84","y":"396","zOrder":"37"},{"ID":"229","measuredH":"32","measuredW":"106","properties":{"align":"center","color":"16776960","size":"18","text":"Timestamp"},"typeID":"TextInput","w":"115","x":"69","y":"457","zOrder":"38"},{"ID":"230","measuredH":"32","measuredW":"159","properties":{"align":"center","color":"16776960","size":"18","text":"Out-of-Band Data"},"typeID":"TextInput","w":"168","x":"104","y":"515","zOrder":"39"},{"ID":"231","h":"19","measuredH":"18","measuredW":"76","properties":{"color":"2848996","curvature":"0","direction":"bottom","p0":{"length":18,"x":0,"y":18},"p1":{"length":0.5034413472192094,"x":0.5033983775487831,"y":0.006577504933128765},"p2":{"length":76,"x":76,"y":0},"rightArrow":"false","shape":"bezier"},"typeID":"Arrow","w":"77","x":"242","y":"395","zOrder":"40"},{"ID":"232","h":"117","measuredH":"116","measuredW":"60","properties":{"color":"2848996","curvature":"0","direction":"bottom","p0":{"length":116,"x":0,"y":116},"p1":{"length":0.5034413472192094,"x":0.5033983775487831,"y":0.00657750493312881},"p2":{"length":60,"x":60,"y":0},"rightArrow":"false","shape":"bezier"},"typeID":"Arrow","w":"61","x":"258","y":"395","zOrder":"41"},{"ID":"233","h":"80","measuredH":"79","measuredW":"129","properties":{"color":"2848996","curvature":"0","direction":"bottom","p0":{"length":79,"x":0,"y":79},"p1":{"length":0.5034413472192094,"x":0.5033983775487831,"y":0.006577504933128774},"p2":{"length":129,"x":129,"y":0},"rightArrow":"false","shape":"bezier"},"typeID":"Arrow","w":"130","x":"189","y":"395","zOrder":"42"},{"ID":"234","measuredH":"32","measuredW":"112","properties":{"align":"center","color":"16776960","size":"18","text":"Vulnerability"},"typeID":"TextInput","w":"135","x":"511","y":"539","zOrder":"43"},{"ID":"235","h":"193","measuredH":"192","measuredW":"59","properties":{"color":"2848996","curvature":"1","direction":"bottom","p0":{"length":192,"x":0,"y":192},"p1":{"length":0.559403556436442,"x":0.4860570687418935,"y":-0.27691309987029833},"p2":{"length":12,"x":12,"y":0},"rightArrow":"false","shape":"bezier"},"typeID":"Arrow","w":"60","x":"588","y":"342","zOrder":"44"},{"ID":"236","measuredH":"32","measuredW":"156","properties":{"align":"center","color":"16776960","size":"18","text":"Denial of Service"},"typeID":"TextInput","w":"166","x":"311","y":"524","zOrder":"45"},{"ID":"237","measuredH":"32","measuredW":"187","properties":{"align":"center","color":"16776960","size":"18","text":"Connection Hijacking"},"typeID":"TextInput","w":"207","x":"324","y":"592","zOrder":"46"},{"ID":"238","measuredH":"32","measuredW":"51","properties":{"align":"center","color":"16776960","size":"18","text":"Veto"},"typeID":"TextInput","w":"83","x":"541","y":"626","zOrder":"47"},{"ID":"239","h":"14","measuredH":"13","measuredW":"26","properties":{"color":"2848996","curvature":"0","direction":"top","p0":{"length":0,"x":0,"y":0},"p1":{"length":0.45321929054475224,"x":0.45313304721030057,"y":0.008841201716738105},"p2":{"length":29.068883707497267,"x":26,"y":13},"rightArrow":"false","shape":"bezier"},"typeID":"Arrow","w":"27","x":"481","y":"542","zOrder":"48"},{"ID":"240","h":"43","measuredH":"42","measuredW":"3","properties":{"color":"2848996","curvature":"0","direction":"top","p0":{"length":42.1070065428546,"x":3,"y":42},"p1":{"length":0.4782181866205581,"x":0.47821056691091407,"y":0.0026995757809486053},"p2":{"length":0,"x":0,"y":0},"rightArrow":"false","shape":"bezier"},"typeID":"Arrow","w":"4","x":"580","y":"579","zOrder":"49"},{"ID":"241","h":"28","measuredH":"27","measuredW":"42","properties":{"color":"2848996","curvature":"0","direction":"bottom","p0":{"length":27,"x":0,"y":27},"p1":{"length":0.47821818662055793,"x":0.4782105669109139,"y":0.002699575780948638},"p2":{"length":42,"x":42,"y":0},"rightArrow":"false","shape":"bezier"},"typeID":"Arrow","w":"43","x":"537","y":"578","zOrder":"50"},{"ID":"242","measuredH":"32","measuredW":"100","properties":{"align":"center","color":"16776960","size":"18","text":"Checksum"},"typeID":"TextInput","w":"115","x":"497","y":"410","zOrder":"51"},{"ID":"243","h":"64","measuredH":"63","measuredW":"15","properties":{"color":"2848996","curvature":"1","direction":"bottom","p0":{"length":63,"x":0,"y":63},"p1":{"length":0.5554897155354308,"x":0.5391978122151324,"y":-0.13354603463992712},"p2":{"length":12,"x":12,"y":0},"rightArrow":"false","shape":"bezier"},"typeID":"Arrow","w":"16","x":"552","y":"342","zOrder":"52"},{"ID":"244","measuredH":"32","measuredW":"51","properties":{"align":"center","color":"16776960","size":"18","text":"UDP"},"typeID":"TextInput","w":"87","x":"846","y":"324","zOrder":"53"},{"ID":"245","measuredH":"32","measuredW":"151","properties":{"align":"center","color":"16776960","size":"18","text":"Packet Structure"},"typeID":"TextInput","w":"180","x":"825","y":"228","zOrder":"54"},{"ID":"246","h":"59","measuredH":"58","measuredW":"171","properties":{"color":"2848996","curvature":"-1","direction":"bottom","p0":{"length":171,"x":171,"y":0},"p1":{"length":0.5104736096282456,"x":0.4516813581456085,"y":0.23783872020894536},"p2":{"length":35,"x":0,"y":35},"rightArrow":"false","shape":"bezier","text":""},"typeID":"Arrow","w":"172","x":"715","y":"361","zOrder":"55"},{"ID":"247","h":"52","measuredH":"51","measuredW":"21","properties":{"color":"2848996","curvature":"1","direction":"bottom","p0":{"length":21,"x":21,"y":0},"p1":{"length":0.5442303917125929,"x":0.539447731755424,"y":-0.07199211045364892},"p2":{"length":51,"x":0,"y":51},"rightArrow":"false","shape":"bezier","text":""},"typeID":"Arrow","w":"22","x":"886","y":"266","zOrder":"56"},{"ID":"248","measuredH":"32","measuredW":"100","properties":{"align":"center","color":"16776960","size":"18","text":"Checksum"},"typeID":"TextInput","w":"115","x":"1047","y":"242","zOrder":"57"},{"ID":"249","h":"72","measuredH":"71","measuredW":"24","properties":{"color":"2848996","curvature":"1","direction":"top","p0":{"length":74.94664769020693,"x":24,"y":71},"p1":{"length":0.4522431367975195,"x":0.4181714502946207,"y":0.17221060634860294},"p2":{"length":3,"x":3,"y":0},"rightArrow":"false","shape":"bezier"},"typeID":"Arrow","w":"25","x":"903","y":"362","zOrder":"58"},{"ID":"250","h":"82","measuredH":"81","measuredW":"106","properties":{"color":"2848996","curvature":"0","direction":"bottom","p0":{"length":106,"x":106,"y":0},"p1":{"length":0.44176986649484423,"x":0.4417359574086259,"y":-0.005473470120236897},"p2":{"length":81,"x":0,"y":81},"rightArrow":"false","shape":"bezier","text":""},"typeID":"Arrow","w":"107","x":"936","y":"259","zOrder":"59"},{"ID":"251","measuredH":"32","measuredW":"92","properties":{"align":"center","color":"16776960","size":"18","text":"Reliability"},"typeID":"TextInput","w":"113","x":"933","y":"419","zOrder":"60"},{"ID":"252","measuredH":"32","measuredW":"172","properties":{"align":"center","color":"16776960","size":"18","text":"Congestion Control"},"typeID":"TextInput","w":"186","x":"1069","y":"308","zOrder":"61"},{"ID":"253","h":"17","measuredH":"16","measuredW":"128","properties":{"color":"2848996","curvature":"-1","direction":"bottom","p0":{"length":128,"x":128,"y":0},"p1":{"length":0.4875950544482569,"x":0.4874692324904899,"y":0.01107630342358471},"p2":{"length":16,"x":0,"y":16},"rightArrow":"false","shape":"bezier"},"typeID":"Arrow","w":"129","x":"937","y":"323","zOrder":"62"},{"ID":"254","h":"120","measuredH":"118","measuredW":"139","properties":{"color":"2848996","curvature":"1","direction":"top","p0":{"length":182.33211456021672,"x":139,"y":118},"p1":{"length":0.4681392671922499,"x":0.4651351460984086,"y":0.052949686980272345},"p2":{"length":0,"x":0,"y":0},"rightArrow":"false","shape":"bezier","text":""},"typeID":"Arrow","w":"141","x":"715","y":"396","zOrder":"63"},{"ID":"255","measuredH":"32","measuredW":"119","properties":{"align":"center","color":"16776960","size":"18","text":"TCP vs UDP"},"typeID":"TextInput","w":"137","x":"857","y":"499","zOrder":"64"},{"ID":"256","h":"92","measuredH":"91","measuredW":"118","properties":{"color":"2848996","curvature":"0","direction":"bottom","p0":{"length":118,"x":118,"y":0},"p1":{"length":0.4362023167721568,"x":0.4361630263454177,"y":-0.0058545372663814455},"p2":{"length":91,"x":0,"y":91},"rightArrow":"false","shape":"bezier"},"typeID":"Arrow","w":"119","x":"997","y":"424","zOrder":"65"},{"ID":"257","measuredH":"32","measuredW":"189","properties":{"align":"center","color":"16776960","size":"18","text":"Reliable vs Unreliable"},"typeID":"TextInput","w":"212","x":"1121","y":"410","zOrder":"66"},{"ID":"258","measuredH":"32","measuredW":"213","properties":{"align":"center","color":"16776960","size":"18","text":"Ordered vs Not Ordered"},"typeID":"TextInput","w":"237","x":"1121","y":"455","zOrder":"67"},{"ID":"259","measuredH":"32","measuredW":"247","properties":{"align":"center","color":"16776960","size":"18","text":"Heavyweight vs Lightweight"},"typeID":"TextInput","w":"271","x":"1121","y":"501","zOrder":"68"},{"ID":"260","measuredH":"32","measuredW":"178","properties":{"align":"center","color":"16776960","size":"18","text":"Packet vs Datagram"},"typeID":"TextInput","w":"201","x":"1121","y":"547","zOrder":"69"},{"ID":"261","measuredH":"32","measuredW":"215","properties":{"align":"center","color":"16776960","size":"18","text":"Streaming vs Broadcast"},"typeID":"TextInput","w":"238","x":"1121","y":"592","zOrder":"70"},{"ID":"262","h":"46","measuredH":"45","measuredW":"117","properties":{"color":"2848996","curvature":"0","direction":"bottom","p0":{"length":117,"x":117,"y":0},"p1":{"length":0.4362023167721568,"x":0.43616302634541776,"y":-0.005854537266381465},"p2":{"length":45,"x":0,"y":45},"rightArrow":"false","shape":"bezier"},"typeID":"Arrow","w":"118","x":"998","y":"471","zOrder":"71"},{"ID":"263","h":"2","measuredH":"1","measuredW":"117","properties":{"color":"2848996","curvature":"0","direction":"top","p0":{"length":117.00427342623004,"x":117,"y":1},"p1":{"length":0.4362023167721569,"x":0.4361630263454178,"y":-0.005854537266381465},"p2":{"length":1,"x":0,"y":1},"rightArrow":"false","shape":"bezier"},"typeID":"Arrow","w":"118","x":"1000","y":"515","zOrder":"72"},{"ID":"264","h":"50","measuredH":"49","measuredW":"118","properties":{"color":"2848996","curvature":"0","direction":"top","p0":{"length":127.76932339180638,"x":118,"y":49},"p1":{"length":0.4362023167721568,"x":0.4361630263454177,"y":-0.005854537266381433},"p2":{"length":0,"x":0,"y":0},"rightArrow":"false","shape":"bezier"},"typeID":"Arrow","w":"119","x":"999","y":"515","zOrder":"73"},{"ID":"265","h":"94","measuredH":"93","measuredW":"117","properties":{"color":"2848996","curvature":"0","direction":"top","p0":{"length":149.4590244849738,"x":117,"y":93},"p1":{"length":0.4362023167721567,"x":0.4361630263454177,"y":-0.005854537266381145},"p2":{"length":0,"x":0,"y":0},"rightArrow":"false","shape":"bezier"},"typeID":"Arrow","w":"118","x":"997","y":"515","zOrder":"74"},{"ID":"266","measuredH":"32","measuredW":"93","properties":{"align":"center","color":"16776960","size":"18","text":"Datagram"},"typeID":"TextInput","w":"115","x":"1026","y":"361","zOrder":"75"},{"ID":"267","h":"38","measuredH":"37","measuredW":"86","properties":{"color":"2848996","curvature":"0","direction":"top","p0":{"length":93.62157870918436,"x":86,"y":37},"p1":{"length":0.4404012069082084,"x":0.4403879064460925,"y":0.0034227039361095267},"p2":{"length":0,"x":0,"y":0},"rightArrow":"false","shape":"bezier"},"typeID":"Arrow","w":"87","x":"936","y":"340","zOrder":"76"},{"ID":"268","measuredH":"32","measuredW":"32","properties":{"align":"center","color":"16776960","size":"18","text":"IP"},"typeID":"TextInput","w":"62","x":"884","y":"675","zOrder":"77"},{"ID":"269","h":"297","measuredH":"296","measuredW":"165","properties":{"color":"2848996","curvature":"1","direction":"top","p0":{"length":338.88198535773483,"x":165,"y":296},"p1":{"length":0.42861718644558106,"x":0.4029854605314188,"y":0.14599798326280505},"p2":{"length":0,"x":0,"y":0},"rightArrow":"false","shape":"bezier","text":""},"typeID":"Arrow","w":"166","x":"714","y":"395","zOrder":"78"},{"ID":"270","measuredH":"32","measuredW":"203","properties":{"align":"center","color":"16776960","size":"18","text":"Datagram Construction"},"typeID":"TextInput","w":"211","x":"1151","y":"651","zOrder":"79"},{"ID":"271","measuredH":"32","measuredW":"129","properties":{"align":"center","color":"16776960","size":"18","text":"IP Addressing"},"typeID":"TextInput","w":"145","x":"1151","y":"695","zOrder":"80"},{"ID":"272","measuredH":"32","measuredW":"78","properties":{"align":"center","color":"16776960","size":"18","text":"Routing"},"typeID":"TextInput","w":"96","x":"1151","y":"738","zOrder":"81"},{"ID":"273","measuredH":"32","measuredW":"92","properties":{"align":"center","color":"16776960","size":"18","text":"Reliability"},"typeID":"TextInput","w":"104","x":"949","y":"583","zOrder":"82"},{"ID":"274","measuredH":"32","measuredW":"127","properties":{"align":"center","color":"16776960","size":"18","text":"Link Capacity"},"typeID":"TextInput","w":"141","x":"976","y":"748","zOrder":"83"},{"ID":"275","measuredH":"32","measuredW":"95","properties":{"align":"center","color":"16776960","size":"18","text":"Capability"},"typeID":"TextInput","w":"115","x":"809","y":"565","zOrder":"84"},{"ID":"276","measuredH":"32","measuredW":"83","properties":{"align":"center","color":"16776960","size":"18","text":"Security"},"typeID":"TextInput","w":"99","x":"726","y":"702","zOrder":"85"},{"ID":"277","measuredH":"32","measuredW":"83","properties":{"align":"center","color":"16776960","size":"18","text":"Function"},"typeID":"TextInput","w":"93","x":"984","y":"667","zOrder":"86"},{"ID":"278","measuredH":"32","measuredW":"54","properties":{"align":"center","color":"16776960","size":"18","text":"IPv4"},"typeID":"TextInput","w":"62","x":"778","y":"841","zOrder":"87"},{"ID":"279","measuredH":"32","measuredW":"54","properties":{"align":"center","color":"15658734","size":"18","text":"IPv6"},"typeID":"TextInput","w":"62","x":"870","y":"841","zOrder":"88"},{"ID":"280","h":"72","measuredH":"71","measuredW":"28","properties":{"color":"2848996","curvature":"1","direction":"bottom","p0":{"length":28,"x":28,"y":0},"p1":{"length":0.5442303917125932,"x":0.5394477317554244,"y":-0.07199211045364885},"p2":{"length":71,"x":0,"y":71},"rightArrow":"false","shape":"bezier","text":""},"typeID":"Arrow","w":"29","x":"916","y":"600","zOrder":"89"},{"ID":"281","h":"71","measuredH":"70","measuredW":"46","properties":{"color":"2848996","curvature":"-1","direction":"top","p0":{"length":0,"x":0,"y":0},"p1":{"length":0.544230391712593,"x":0.5394477317554242,"y":-0.07199211045364885},"p2":{"length":83.7615663654877,"x":46,"y":70},"rightArrow":"false","shape":"bezier","text":""},"typeID":"Arrow","w":"47","x":"870","y":"601","zOrder":"90"},{"ID":"282","h":"11","measuredH":"10","measuredW":"29","properties":{"color":"2848996","curvature":"0","direction":"bottom","p0":{"length":29,"x":29,"y":0},"p1":{"length":0.4782181866205581,"x":0.47821056691091407,"y":0.00269957578094854},"p2":{"length":10,"x":0,"y":10},"rightArrow":"false","shape":"bezier"},"typeID":"Arrow","w":"30","x":"950","y":"681","zOrder":"91"},{"ID":"283","h":"54","measuredH":"53","measuredW":"55","properties":{"color":"2848996","curvature":"0","direction":"top","p0":{"length":76.38062581571324,"x":55,"y":53},"p1":{"length":0.4782181866205582,"x":0.4782105669109142,"y":0.0026995757809485216},"p2":{"length":0,"x":0,"y":0},"rightArrow":"false","shape":"bezier"},"typeID":"Arrow","w":"56","x":"917","y":"711","zOrder":"92"},{"ID":"284","h":"21","measuredH":"20","measuredW":"48","properties":{"color":"2848996","curvature":"0","direction":"bottom","p0":{"length":20,"x":0,"y":20},"p1":{"length":0.4782181866205582,"x":0.47821056691091424,"y":0.0026995757809486058},"p2":{"length":48,"x":48,"y":0},"rightArrow":"false","shape":"bezier"},"typeID":"Arrow","w":"49","x":"831","y":"698","zOrder":"93"},{"ID":"285","h":"15","measuredH":"14","measuredW":"64","properties":{"color":"2848996","curvature":"0","direction":"bottom","p0":{"length":64,"x":64,"y":0},"p1":{"length":0.4782181866205581,"x":0.478210566910914,"y":0.0026995757809485446},"p2":{"length":14,"x":0,"y":14},"rightArrow":"false","shape":"bezier"},"typeID":"Arrow","w":"65","x":"1082","y":"667","zOrder":"94"},{"ID":"286","h":"31","measuredH":"30","measuredW":"65","properties":{"color":"2848996","curvature":"0","direction":"top","p0":{"length":71.58910531638176,"x":65,"y":30},"p1":{"length":0.4782181866205581,"x":0.478210566910914,"y":0.0026995757809485576},"p2":{"length":0,"x":0,"y":0},"rightArrow":"false","shape":"bezier"},"typeID":"Arrow","w":"66","x":"1082","y":"681","zOrder":"95"},{"ID":"287","h":"73","measuredH":"72","measuredW":"65","properties":{"color":"2848996","curvature":"0","direction":"top","p0":{"length":97,"x":65,"y":72},"p1":{"length":0.4782181866205581,"x":0.47821056691091407,"y":0.002699575780948525},"p2":{"length":0,"x":0,"y":0},"rightArrow":"false","shape":"bezier"},"typeID":"Arrow","w":"66","x":"1082","y":"682","zOrder":"96"},{"ID":"288","measuredH":"32","measuredW":"90","properties":{"align":"center","color":"16776960","size":"18","text":"Category"},"typeID":"TextInput","w":"108","x":"800","y":"764","zOrder":"97"},{"ID":"289","h":"49","measuredH":"48","measuredW":"53","properties":{"color":"2848996","curvature":"0","direction":"bottom","p0":{"length":48,"x":0,"y":48},"p1":{"length":0.4782181866205582,"x":0.4782105669109142,"y":0.002699575780948528},"p2":{"length":53,"x":53,"y":0},"rightArrow":"false","shape":"bezier"},"typeID":"Arrow","w":"54","x":"863","y":"711","zOrder":"98"},{"ID":"290","h":"38","measuredH":"37","measuredW":"41","properties":{"color":"2848996","curvature":"0","direction":"bottom","p0":{"length":37,"x":0,"y":37},"p1":{"length":0.4782181866205582,"x":0.4782105669109142,"y":0.0026995757809485156},"p2":{"length":41,"x":41,"y":0},"rightArrow":"false","shape":"bezier"},"typeID":"Arrow","w":"42","x":"813","y":"799","zOrder":"99"},{"ID":"291","h":"39","measuredH":"38","measuredW":"45","properties":{"color":"2848996","curvature":"0","direction":"top","p0":{"length":58.89821729050889,"x":45,"y":38},"p1":{"length":0.4782181866205582,"x":0.4782105669109142,"y":0.0026995757809484856},"p2":{"length":0,"x":0,"y":0},"rightArrow":"false","shape":"bezier"},"typeID":"Arrow","w":"46","x":"854","y":"799","zOrder":"100"},{"ID":"292","measuredH":"32","measuredW":"49","properties":{"align":"center","color":"16776960","size":"18","text":"TLS"},"typeID":"TextInput","w":"69","x":"702","y":"780","zOrder":"101"},{"ID":"293","h":"39","measuredH":"38","measuredW":"36","properties":{"color":"2848996","curvature":"0","direction":"bottom","p0":{"length":38,"x":0,"y":38},"p1":{"length":0.4782181866205581,"x":0.47821056691091407,"y":0.002699575780948603},"p2":{"length":36,"x":36,"y":0},"rightArrow":"false","shape":"bezier"},"typeID":"Arrow","w":"37","x":"739","y":"738","zOrder":"102"},{"ID":"294","measuredH":"32","measuredW":"136","properties":{"align":"center","color":"16776960","size":"18","text":"Multi-thread #1"},"typeID":"TextInput","w":"149","x":"355","y":"1203","zOrder":"103"},{"ID":"295","measuredH":"32","measuredW":"128","properties":{"align":"center","color":"16776960","size":"18","text":"Asynchronous"},"typeID":"TextInput","w":"161","x":"274","y":"1556","zOrder":"104"},{"ID":"296","measuredH":"32","measuredW":"51","properties":{"align":"center","color":"16776960","size":"18","text":"DNS"},"typeID":"TextInput","w":"83","x":"1164","y":"841","zOrder":"105"},{"ID":"297","measuredH":"32","measuredW":"143","properties":{"align":"center","color":"16776960","size":"18","text":"Synchronization"},"typeID":"TextInput","w":"150","x":"122","y":"1183","zOrder":"106"},{"ID":"298","measuredH":"32","measuredW":"81","properties":{"align":"center","color":"16776960","size":"18","text":"Reactor"},"typeID":"TextInput","w":"101","x":"457","y":"1445","zOrder":"107"},{"ID":"299","measuredH":"32","measuredW":"85","properties":{"align":"center","color":"16776960","size":"18","text":"Proactor"},"typeID":"TextInput","w":"108","x":"90","y":"1577","zOrder":"108"},{"ID":"300","measuredH":"32","measuredW":"191","properties":{"align":"center","color":"16776960","size":"18","text":"Thread Local Storage"},"typeID":"TextInput","w":"204","x":"398","y":"1107","zOrder":"109"},{"ID":"301","measuredH":"32","measuredW":"114","properties":{"align":"center","color":"16776960","size":"18","text":"Serialization"},"typeID":"TextInput","w":"128","x":"962","y":"1233","zOrder":"110"},{"ID":"302","measuredH":"32","measuredW":"64","properties":{"align":"center","color":"16776960","size":"18","text":"Mutex"},"typeID":"TextInput","w":"87","x":"35","y":"1127","zOrder":"111"},{"ID":"303","measuredH":"32","measuredW":"160","properties":{"align":"center","color":"16776960","size":"18","text":"Condition Variable"},"typeID":"TextInput","w":"169","x":"35","y":"1299","zOrder":"112"},{"ID":"304","measuredH":"32","measuredW":"83","properties":{"align":"center","color":"16776960","size":"18","text":"Spinlock"},"typeID":"TextInput","w":"100","x":"84","y":"1052","zOrder":"113"},{"ID":"305","measuredH":"32","measuredW":"50","properties":{"align":"center","color":"16776960","size":"18","text":"ARP"},"typeID":"TextInput","w":"83","x":"1164","y":"797","zOrder":"114"},{"ID":"306","measuredH":"32","measuredW":"59","properties":{"align":"center","color":"16776960","size":"18","text":"IOCP"},"typeID":"TextInput","w":"80","x":"52","y":"1651","zOrder":"115"},{"ID":"307","measuredH":"32","measuredW":"52","properties":{"align":"center","color":"16776960","size":"18","text":"epoll"},"typeID":"TextInput","w":"83","x":"623","y":"1445","zOrder":"116"},{"ID":"308","measuredH":"32","measuredW":"75","properties":{"align":"center","color":"15658734","size":"18","text":"kqueue"},"typeID":"TextInput","w":"94","x":"539","y":"1520","zOrder":"117"},{"ID":"309","measuredH":"32","measuredW":"56","properties":{"align":"center","color":"15658734","size":"18","text":"Fiber"},"typeID":"TextInput","w":"118","x":"543","y":"1270","zOrder":"118"},{"ID":"310","measuredH":"32","measuredW":"111","properties":{"align":"center","color":"16776960","size":"18","text":"Task-based"},"typeID":"TextInput","w":"131","x":"218","y":"1651","zOrder":"119"},{"ID":"311","measuredH":"32","measuredW":"87","properties":{"align":"center","color":"16776960","size":"18","text":"Reactive"},"typeID":"TextInput","w":"110","x":"406","y":"1754","zOrder":"120"},{"ID":"312","measuredH":"32","measuredW":"180","properties":{"align":"center","color":"16776960","size":"18","text":"Finite State Machine"},"typeID":"TextInput","w":"189","x":"922","y":"1376","zOrder":"121"},{"ID":"313","measuredH":"32","measuredW":"127","properties":{"align":"center","color":"16776960","size":"18","text":"Behavior Tree"},"typeID":"TextInput","w":"151","x":"1053","y":"1299","zOrder":"122"},{"ID":"314","measuredH":"32","measuredW":"61","properties":{"align":"center","color":"15658734","size":"18","text":"Scala"},"typeID":"TextInput","w":"87","x":"1118","y":"1034","zOrder":"123"},{"ID":"315","measuredH":"32","measuredW":"101","properties":{"align":"center","color":"15658734","size":"18","text":"JavaScript"},"typeID":"TextInput","w":"118","x":"968","y":"868","zOrder":"124"},{"ID":"316","measuredH":"32","measuredW":"93","properties":{"align":"center","color":"16776960","size":"18","text":"Database"},"typeID":"TextInput","w":"122","x":"886","y":"1573","zOrder":"125"},{"ID":"317","measuredH":"32","measuredW":"76","properties":{"align":"center","color":"16776960","size":"18","text":"RDBMS"},"typeID":"TextInput","w":"122","x":"976","y":"1467","zOrder":"126"},{"ID":"318","measuredH":"32","measuredW":"74","properties":{"align":"center","color":"16776960","size":"18","text":"NoSQL"},"typeID":"TextInput","w":"122","x":"1082","y":"1595","zOrder":"127"},{"ID":"319","measuredH":"32","measuredW":"76","properties":{"align":"center","color":"16776960","size":"18","text":"MySQL"},"typeID":"TextInput","w":"90","x":"1162","y":"1437","zOrder":"128"},{"ID":"320","measuredH":"32","measuredW":"146","properties":{"align":"center","color":"16776960","size":"18","text":"MS-SQL Server"},"typeID":"TextInput","w":"159","x":"1162","y":"1392","zOrder":"129"},{"ID":"321","measuredH":"32","measuredW":"61","properties":{"align":"center","color":"16776960","size":"18","text":"Redis"},"typeID":"TextInput","w":"122","x":"1304","y":"1760","zOrder":"130"},{"ID":"322","measuredH":"32","measuredW":"97","properties":{"align":"center","color":"16776960","size":"18","text":"Document"},"typeID":"TextInput","w":"122","x":"994","y":"1683","zOrder":"131"},{"ID":"323","measuredH":"32","measuredW":"96","properties":{"align":"center","color":"16776960","size":"18","text":"Key-Value"},"typeID":"TextInput","w":"122","x":"1166","y":"1683","zOrder":"132"},{"ID":"324","measuredH":"32","measuredW":"113","properties":{"align":"center","color":"15658734","size":"18","text":"Memcached"},"typeID":"TextInput","w":"118","x":"1168","y":"1792","zOrder":"133"},{"ID":"325","measuredH":"32","measuredW":"55","properties":{"align":"center","color":"16776960","size":"18","text":"ORM"},"typeID":"TextInput","w":"73","x":"778","y":"1376","zOrder":"134"},{"ID":"326","measuredH":"32","measuredW":"92","properties":{"align":"center","color":"15658734","size":"18","text":"MongoDB"},"typeID":"TextInput","w":"118","x":"858","y":"1760","zOrder":"135"},{"ID":"327","measuredH":"32","measuredW":"106","properties":{"align":"center","color":"15658734","size":"18","text":"CouchBase"},"typeID":"TextInput","w":"118","x":"996","y":"1792","zOrder":"136"},{"ID":"328","measuredH":"32","measuredW":"87","properties":{"align":"center","color":"16776960","size":"18","text":"Sharding"},"typeID":"TextInput","w":"112","x":"345","y":"1331","zOrder":"137"},{"ID":"329","measuredH":"32","measuredW":"156","properties":{"align":"center","color":"16776960","size":"18","text":"async-await (C#)"},"typeID":"TextInput","w":"175","x":"97","y":"1760","zOrder":"138"},{"ID":"330","measuredH":"32","measuredW":"245","properties":{"align":"center","color":"15658734","size":"18","text":"Thread Building Block (C++)"},"typeID":"TextInput","w":"255","x":"17","y":"1717","zOrder":"139"},{"ID":"331","measuredH":"32","measuredW":"132","properties":{"align":"center","color":"15658734","size":"18","text":"goroutine (Go)"},"typeID":"TextInput","w":"158","x":"114","y":"1844","zOrder":"140"},{"ID":"332","measuredH":"32","measuredW":"63","properties":{"align":"center","color":"16776960","size":"18","text":"DHCP"},"typeID":"TextInput","w":"83","x":"1164","y":"885","zOrder":"141"},{"ID":"333","measuredH":"32","measuredW":"110","properties":{"align":"center","color":"16776960","size":"18","text":"Transaction"},"typeID":"TextInput","w":"129","x":"968","y":"815","zOrder":"142"},{"ID":"334","h":"120","measuredH":"119","measuredW":"47","properties":{"color":"2848996","curvature":"1","direction":"top","p0":{"length":127.94530081249565,"x":47,"y":119},"p1":{"length":0.4260417295030517,"x":0.3987507807620239,"y":0.1500312304809494},"p2":{"length":1,"x":1,"y":0},"rightArrow":"false","shape":"bezier"},"typeID":"Arrow","w":"48","x":"916","y":"711","zOrder":"143"},{"ID":"335","h":"17","measuredH":"16","measuredW":"60","properties":{"color":"2848996","curvature":"0","direction":"bottom","p0":{"length":60,"x":60,"y":0},"p1":{"length":0.4782181866205581,"x":0.47821056691091407,"y":0.0026995757809485247},"p2":{"length":16,"x":0,"y":16},"rightArrow":"false","shape":"bezier"},"typeID":"Arrow","w":"61","x":"1102","y":"813","zOrder":"144"},{"ID":"336","h":"31","measuredH":"30","measuredW":"57","properties":{"color":"2848996","curvature":"0","direction":"top","p0":{"length":64.41273166075166,"x":57,"y":30},"p1":{"length":0.4782181866205581,"x":0.47821056691091407,"y":0.002699575780948529},"p2":{"length":0,"x":0,"y":0},"rightArrow":"false","shape":"bezier"},"typeID":"Arrow","w":"58","x":"1102","y":"829","zOrder":"145"},{"ID":"337","h":"73","measuredH":"72","measuredW":"56","properties":{"color":"2848996","curvature":"0","direction":"top","p0":{"length":91.21403400793103,"x":56,"y":72},"p1":{"length":0.4782181866205581,"x":0.47821056691091407,"y":0.0026995757809485303},"p2":{"length":0,"x":0,"y":0},"rightArrow":"false","shape":"bezier"},"typeID":"Arrow","w":"57","x":"1102","y":"829","zOrder":"146"},{"ID":"338","measuredH":"48","measuredW":"48","properties":{"color":"2848996","icon":{"ID":"circle","size":"large"}},"typeID":"Icon","x":"680","y":"889","zOrder":"147"},{"ID":"339","measuredH":"32","measuredW":"183","properties":{"align":"center","color":"16776960","size":"18","text":"Socket Programming"},"typeID":"TextInput","w":"214","x":"366","y":"802","zOrder":"148"},{"ID":"340","h":"118","measuredH":"117","measuredW":"230","properties":{"color":"2848996","curvature":"-1","direction":"top","p0":{"length":0,"x":0,"y":0},"p1":{"length":0.5626372858602123,"x":0.4345436914125631,"y":-0.3573968322379053},"p2":{"length":240.7093683262037,"x":230,"y":71},"rightArrow":"false","shape":"bezier"},"typeID":"Arrow","w":"231","x":"474","y":"842","zOrder":"149"},{"ID":"341","measuredH":"32","measuredW":"101","properties":{"align":"center","color":"16776960","size":"18","text":"Descriptor"},"typeID":"TextInput","w":"121","x":"540","y":"885","zOrder":"150"},{"ID":"342","measuredH":"32","measuredW":"158","properties":{"align":"center","color":"16776960","size":"18","text":"Byte Manipulation"},"typeID":"TextInput","w":"174","x":"281","y":"654","zOrder":"151"},{"ID":"343","measuredH":"32","measuredW":"176","properties":{"align":"center","color":"16776960","size":"18","text":"Address Conversion"},"typeID":"TextInput","w":"198","x":"434","y":"711","zOrder":"152"},{"ID":"344","measuredH":"32","measuredW":"83","properties":{"align":"center","color":"16776960","size":"18","text":"Function"},"typeID":"TextInput","w":"102","x":"264","y":"755","zOrder":"153"},{"ID":"345","h":"50","measuredH":"49","measuredW":"58","properties":{"color":"2848996","curvature":"0","direction":"bottom","p0":{"length":58,"x":58,"y":0},"p1":{"length":0.514322194771616,"x":0.5143104943625325,"y":-0.003469210754553339},"p2":{"length":49,"x":0,"y":49},"rightArrow":"false","shape":"bezier"},"typeID":"Arrow","w":"59","x":"472","y":"747","zOrder":"154"},{"ID":"346","h":"107","measuredH":"106","measuredW":"105","properties":{"color":"2848996","curvature":"-1","direction":"top","p0":{"length":0,"x":0,"y":0},"p1":{"length":0.3923746671844088,"x":0.3921568627450981,"y":-0.013071895424836616},"p2":{"length":149.20120642943877,"x":105,"y":106},"rightArrow":"false","shape":"bezier"},"typeID":"Arrow","w":"106","x":"367","y":"690","zOrder":"155"},{"ID":"347","h":"60","measuredH":"59","measuredW":"33","properties":{"color":"2848996","curvature":"-1","direction":"top","p0":{"length":62.96824596572466,"x":22,"y":59},"p1":{"length":0.5210276479795533,"x":0.4081068077940823,"y":-0.3239114746211212},"p2":{"length":0,"x":0,"y":0},"rightArrow":"false","shape":"bezier"},"typeID":"Arrow","w":"34","x":"585","y":"819","zOrder":"156"},{"ID":"348","measuredH":"32","measuredW":"81","properties":{"align":"center","color":"16776960","size":"18","text":"socket()"},"typeID":"TextInput","w":"97","x":"84","y":"584","zOrder":"157"},{"ID":"349","measuredH":"32","measuredW":"62","properties":{"align":"center","color":"16776960","size":"18","text":"bind()"},"typeID":"TextInput","w":"77","x":"104","y":"626","zOrder":"158"},{"ID":"350","measuredH":"32","measuredW":"71","properties":{"align":"center","color":"16776960","size":"18","text":"listen()"},"typeID":"TextInput","w":"83","x":"98","y":"667","zOrder":"159"},{"ID":"351","measuredH":"32","measuredW":"85","properties":{"align":"center","color":"16776960","size":"18","text":"accept()"},"typeID":"TextInput","w":"97","x":"84","y":"708","zOrder":"160"},{"ID":"352","measuredH":"32","measuredW":"64","properties":{"align":"center","color":"16776960","size":"18","text":"recv()"},"typeID":"TextInput","w":"77","x":"104","y":"747","zOrder":"161"},{"ID":"353","measuredH":"32","measuredW":"65","properties":{"align":"center","color":"16776960","size":"18","text":"read()"},"typeID":"TextInput","w":"77","x":"104","y":"787","zOrder":"162"},{"ID":"354","measuredH":"32","measuredW":"68","properties":{"align":"center","color":"16776960","size":"18","text":"send()"},"typeID":"TextInput","w":"77","x":"104","y":"827","zOrder":"163"},{"ID":"355","measuredH":"32","measuredW":"68","properties":{"align":"center","color":"16776960","size":"18","text":"write()"},"typeID":"TextInput","w":"83","x":"98","y":"868","zOrder":"164"},{"ID":"356","measuredH":"32","measuredW":"93","properties":{"align":"center","color":"16776960","size":"18","text":"connect()"},"typeID":"TextInput","w":"97","x":"84","y":"908","zOrder":"165"},{"ID":"357","measuredH":"32","measuredW":"70","properties":{"align":"center","color":"16776960","size":"18","text":"close()"},"typeID":"TextInput","w":"83","x":"98","y":"948","zOrder":"166"},{"ID":"358","measuredH":"32","measuredW":"105","properties":{"align":"center","color":"16776960","size":"18","text":"shutdown()"},"typeID":"TextInput","w":"114","x":"68","y":"988","zOrder":"167"},{"ID":"359","h":"41","measuredH":"40","measuredW":"60","properties":{"color":"2848996","curvature":"-1","direction":"top","p0":{"length":16,"x":16,"y":0},"p1":{"length":0.798400007979205,"x":0.1860643185298622,"y":-0.776416539050536},"p2":{"length":65.39113089708727,"x":60,"y":26},"rightArrow":"false","shape":"bezier"},"typeID":"Arrow","w":"61","x":"301","y":"792","zOrder":"168"},{"ID":"360","h":"169","measuredH":"168","measuredW":"71","properties":{"color":"2848996","curvature":"0","direction":"top","p0":{"length":0,"x":0,"y":0},"p1":{"length":0.3999999999999999,"x":0.3999999999999999,"y":-4.1011334816154887e-16},"p2":{"length":182.3869512876401,"x":71,"y":168},"rightArrow":"false","shape":"bezier"},"typeID":"Arrow","w":"72","x":"188","y":"602","zOrder":"169"},{"ID":"361","h":"125","measuredH":"124","measuredW":"71","properties":{"color":"2848996","curvature":"0","direction":"top","p0":{"length":0,"x":0,"y":0},"p1":{"length":0.3999999999999999,"x":0.3999999999999999,"y":-4.0091356790695765e-16},"p2":{"length":142.88806808127822,"x":71,"y":124},"rightArrow":"false","shape":"bezier"},"typeID":"Arrow","w":"72","x":"188","y":"645","zOrder":"170"},{"ID":"362","h":"84","measuredH":"83","measuredW":"70","properties":{"color":"2848996","curvature":"0","direction":"top","p0":{"length":0,"x":0,"y":0},"p1":{"length":0.4,"x":0.4,"y":-4.2431256762669483e-16},"p2":{"length":108.57716150277643,"x":70,"y":83},"rightArrow":"false","shape":"bezier"},"typeID":"Arrow","w":"71","x":"188","y":"686","zOrder":"171"},{"ID":"363","h":"47","measuredH":"46","measuredW":"69","properties":{"color":"2848996","curvature":"0","direction":"top","p0":{"length":0,"x":0,"y":0},"p1":{"length":0.40000000000000013,"x":0.40000000000000013,"y":-3.967549956839879e-16},"p2":{"length":82.92767933567175,"x":69,"y":46},"rightArrow":"false","shape":"bezier"},"typeID":"Arrow","w":"70","x":"188","y":"723","zOrder":"172"},{"ID":"364","h":"8","measuredH":"7","measuredW":"70","properties":{"color":"2848996","curvature":"0","direction":"top","p0":{"length":0,"x":0,"y":0},"p1":{"length":0.4000000000000001,"x":0.4000000000000001,"y":-3.962614570009853e-16},"p2":{"length":70.34912934784623,"x":70,"y":7},"rightArrow":"false","shape":"bezier"},"typeID":"Arrow","w":"71","x":"187","y":"763","zOrder":"173"},{"ID":"365","h":"33","measuredH":"32","measuredW":"69","properties":{"color":"2848996","curvature":"0","direction":"bottom","p0":{"length":32,"x":0,"y":32},"p1":{"length":0.4000000000000001,"x":0.4000000000000001,"y":-3.9304006126747116e-16},"p2":{"length":69,"x":69,"y":0},"rightArrow":"false","shape":"bezier"},"typeID":"Arrow","w":"70","x":"188","y":"771","zOrder":"174"},{"ID":"366","h":"74","measuredH":"73","measuredW":"70","properties":{"color":"2848996","curvature":"0","direction":"bottom","p0":{"length":73,"x":0,"y":73},"p1":{"length":0.4,"x":0.4,"y":-3.778817560401745e-16},"p2":{"length":70,"x":70,"y":0},"rightArrow":"false","shape":"bezier"},"typeID":"Arrow","w":"71","x":"188","y":"771","zOrder":"175"},{"ID":"367","h":"114","measuredH":"113","measuredW":"70","properties":{"color":"2848996","curvature":"0","direction":"bottom","p0":{"length":113,"x":0,"y":113},"p1":{"length":0.3999999999999999,"x":0.3999999999999999,"y":-3.860552528890691e-16},"p2":{"length":70,"x":70,"y":0},"rightArrow":"false","shape":"bezier"},"typeID":"Arrow","w":"71","x":"188","y":"771","zOrder":"176"},{"ID":"368","h":"157","measuredH":"156","measuredW":"71","properties":{"color":"2848996","curvature":"0","direction":"bottom","p0":{"length":156,"x":0,"y":156},"p1":{"length":0.4,"x":0.4,"y":-4.643912083124187e-16},"p2":{"length":71,"x":71,"y":0},"rightArrow":"false","shape":"bezier"},"typeID":"Arrow","w":"72","x":"188","y":"771","zOrder":"177"},{"ID":"369","h":"199","measuredH":"198","measuredW":"71","properties":{"color":"2848996","curvature":"0","direction":"bottom","p0":{"length":198,"x":0,"y":198},"p1":{"length":0.4000000000000001,"x":0.4000000000000001,"y":-3.905616303240057e-16},"p2":{"length":71,"x":71,"y":0},"rightArrow":"false","shape":"bezier"},"typeID":"Arrow","w":"72","x":"188","y":"770","zOrder":"178"},{"ID":"370","h":"236","measuredH":"235","measuredW":"70","properties":{"color":"2848996","curvature":"0","direction":"bottom","p0":{"length":235,"x":0,"y":235},"p1":{"length":0.4,"x":0.4,"y":-4.235484681853137e-16},"p2":{"length":70,"x":70,"y":0},"rightArrow":"false","shape":"bezier"},"typeID":"Arrow","w":"71","x":"189","y":"770","zOrder":"179"},{"ID":"371","measuredH":"32","measuredW":"83","properties":{"align":"center","color":"16776960","size":"18","text":"Winsock"},"typeID":"TextInput","w":"103","x":"236","y":"960","zOrder":"180"},{"ID":"372","h":"35","measuredH":"34","measuredW":"67","properties":{"color":"2848996","curvature":"0","direction":"bottom","p0":{"length":34,"x":0,"y":34},"p1":{"length":0.4000000000000001,"x":0.4000000000000001,"y":-6.041815999377292e-17},"p2":{"length":67,"x":67,"y":0},"rightArrow":"false","shape":"bezier"},"typeID":"Arrow","w":"68","x":"394","y":"841","zOrder":"181"},{"ID":"373","h":"147","measuredH":"146","measuredW":"31","properties":{"color":"2848996","curvature":"1","direction":"top","leftArrow":"false","p0":{"length":0,"x":0,"y":0},"p1":{"length":0.5532590738644563,"x":0.541725403873264,"y":0.11237966725215412},"p2":{"length":147.95945390545344,"x":24,"y":146},"rightArrow":"false","shape":"bezier"},"typeID":"Arrow","w":"32","x":"704","y":"912","zOrder":"182"},{"ID":"374","measuredH":"26","measuredW":"134","properties":{"bold":"true","size":"18","text":"Getting Deeper"},"typeID":"Label","w":"134","x":"661","y":"1066","zOrder":"183"},{"ID":"375","h":"101","measuredH":"100","measuredW":"25","properties":{"color":"2848996","curvature":"-1","direction":"top","leftArrow":"false","p0":{"x":10,"y":0},"p1":{"x":0.5246943765281173,"y":-0.1687041564792176},"p2":{"x":25,"y":100},"rightArrow":"false","shape":"bezier"},"typeID":"Arrow","w":"26","x":"704","y":"1100","zOrder":"184"},{"ID":"376","measuredH":"48","measuredW":"48","properties":{"color":"2848996","icon":{"ID":"circle","size":"large"}},"typeID":"Icon","x":"704","y":"1175","zOrder":"185"},{"ID":"377","measuredH":"32","measuredW":"111","properties":{"align":"center","color":"16776960","size":"18","text":"BSD Socket"},"typeID":"TextInput","w":"135","x":"355","y":"960","zOrder":"186"},{"ID":"378","measuredH":"32","measuredW":"44","properties":{"align":"center","color":"16776960","size":"18","text":"API"},"typeID":"TextInput","w":"71","x":"315","y":"860","zOrder":"187"},{"ID":"379","h":"56","measuredH":"55","measuredW":"54","properties":{"color":"2848996","curvature":"0","direction":"bottom","p0":{"length":55,"x":0,"y":55},"p1":{"length":0.4,"x":0.4,"y":-1.9135976724729175e-16},"p2":{"length":54,"x":54,"y":0},"rightArrow":"false","shape":"bezier"},"typeID":"Arrow","w":"55","x":"295","y":"898","zOrder":"188"},{"ID":"380","h":"56","measuredH":"55","measuredW":"72","properties":{"color":"2848996","curvature":"0","direction":"top","p0":{"length":90.60353193998566,"x":72,"y":55},"p1":{"length":0.4,"x":0.4,"y":-2.7698096655284695e-17},"p2":{"length":0,"x":0,"y":0},"rightArrow":"false","shape":"bezier"},"typeID":"Arrow","w":"73","x":"350","y":"898","zOrder":"189"},{"ID":"381","h":"66","measuredH":"65","measuredW":"140","properties":{"color":"2848996","curvature":"-1","direction":"top","p0":{"length":154.35349040433132,"x":140,"y":65},"p1":{"length":0.5307664629830215,"x":0.446653351293604,"y":-0.2867295276139161},"p2":{"length":18,"x":0,"y":18},"rightArrow":"false","shape":"bezier"},"typeID":"Arrow","w":"141","x":"704","y":"895","zOrder":"190"},{"ID":"382","h":"33","measuredH":"32","measuredW":"220","properties":{"color":"2848996","curvature":"-1","direction":"bottom","p0":{"x":0,"y":32},"p1":{"x":0.48593954428831154,"y":0.09396292457478804},"p2":{"x":220,"y":13},"rightArrow":"false","shape":"bezier"},"typeID":"Arrow","w":"221","x":"509","y":"1187","zOrder":"191"},{"ID":"383","h":"54","measuredH":"53","measuredW":"232","properties":{"color":"2848996","curvature":"1","direction":"top","p0":{"x":232,"y":50},"p1":{"x":0.45273833671399577,"y":0.07991886409736307},"p2":{"x":0,"y":0},"rightArrow":"false","shape":"bezier"},"typeID":"Arrow","w":"233","x":"728","y":"1200","zOrder":"192"},{"ID":"384","measuredH":"32","measuredW":"51","properties":{"align":"center","color":"16776960","size":"18","text":"XML"},"typeID":"TextInput","w":"77","x":"924","y":"1133","zOrder":"193"},{"ID":"385","measuredH":"32","measuredW":"64","properties":{"align":"center","color":"16776960","size":"18","text":"JSON"},"typeID":"TextInput","w":"90","x":"1045","y":"1149","zOrder":"194"},{"ID":"386","measuredH":"32","measuredW":"60","properties":{"align":"center","color":"16770457","size":"18","text":"YAML"},"typeID":"TextInput","w":"90","x":"1141","y":"1214","zOrder":"195"},{"ID":"387","h":"60","measuredH":"59","measuredW":"63","properties":{"color":"2848996","curvature":"0","direction":"top","p0":{"length":0,"x":0,"y":0},"p1":{"length":0.5143221947716158,"x":0.5143104943625323,"y":-0.0034692107545533993},"p2":{"length":86.31338250816034,"x":63,"y":59},"rightArrow":"false","shape":"bezier"},"typeID":"Arrow","w":"64","x":"962","y":"1170","zOrder":"196"},{"ID":"388","h":"43","measuredH":"42","measuredW":"64","properties":{"color":"2848996","curvature":"0","direction":"bottom","p0":{"length":64,"x":64,"y":0},"p1":{"length":0.5143221947716159,"x":0.5143104943625324,"y":-0.0034692107545533377},"p2":{"length":42,"x":0,"y":42},"rightArrow":"false","shape":"bezier"},"typeID":"Arrow","w":"65","x":"1025","y":"1187","zOrder":"197"},{"ID":"389","h":"21","measuredH":"20","measuredW":"44","properties":{"color":"2848996","curvature":"0","direction":"bottom","p0":{"length":44,"x":44,"y":0},"p1":{"length":0.5143221947716159,"x":0.5143104943625324,"y":-0.0034692107545533455},"p2":{"length":20,"x":0,"y":20},"rightArrow":"false","shape":"bezier"},"typeID":"Arrow","w":"45","x":"1093","y":"1230","zOrder":"198"},{"ID":"390","h":"54","measuredH":"52","measuredW":"69","properties":{"color":"2848996","curvature":"0","direction":"bottom","p0":{"length":69,"x":69,"y":0},"p1":{"length":0.5143221947716159,"x":0.5143104943625324,"y":-0.0034692107545533316},"p2":{"length":52,"x":0,"y":52},"rightArrow":"false","shape":"bezier"},"typeID":"Arrow","w":"71","x":"420","y":"1145","zOrder":"199"},{"ID":"391","measuredH":"32","measuredW":"87","properties":{"align":"center","color":"16776960","size":"18","text":"Windows"},"typeID":"TextInput","w":"107","x":"420","y":"1020","zOrder":"200"},{"ID":"392","measuredH":"32","measuredW":"78","properties":{"align":"center","color":"16776960","size":"18","text":"Pthread"},"typeID":"TextInput","w":"107","x":"572","y":"1006","zOrder":"201"},{"ID":"393","measuredH":"32","measuredW":"164","properties":{"align":"center","color":"16770457","size":"18","text":"Language-specfic"},"typeID":"TextInput","w":"180","x":"198","y":"1034","zOrder":"202"},{"ID":"394","h":"61","measuredH":"60","measuredW":"129","properties":{"color":"2848996","curvature":"0","direction":"bottom","p0":{"length":129,"x":129,"y":0},"p1":{"length":0.5143221947716159,"x":0.5143104943625324,"y":-0.0034692107545533325},"p2":{"length":60,"x":0,"y":60},"rightArrow":"false","shape":"bezier"},"typeID":"Arrow","w":"130","x":"501","y":"1043","zOrder":"203"},{"ID":"395","h":"46","measuredH":"45","measuredW":"18","properties":{"color":"2848996","curvature":"0","direction":"top","p0":{"length":0,"x":0,"y":0},"p1":{"length":0.5143221947716161,"x":0.5143104943625326,"y":-0.0034692107545533676},"p2":{"length":48.46648326421054,"x":18,"y":45},"rightArrow":"false","shape":"bezier"},"typeID":"Arrow","w":"19","x":"482","y":"1057","zOrder":"204"},{"ID":"396","h":"56","measuredH":"55","measuredW":"112","properties":{"color":"2848996","curvature":"-1","direction":"top","p0":{"length":11,"x":11,"y":0},"p1":{"length":0.4271788288583804,"x":0.22259160222591604,"y":-0.36460215364602144},"p2":{"length":123.48279232346503,"x":112,"y":52},"rightArrow":"false","shape":"bezier"},"typeID":"Arrow","w":"113","x":"282","y":"1071","zOrder":"205"},{"ID":"397","measuredH":"32","measuredW":"71","properties":{"align":"center","color":"16776960","size":"18","text":"Barrier"},"typeID":"TextInput","w":"84","x":"180","y":"1100","zOrder":"206"},{"ID":"398","h":"19","measuredH":"18","measuredW":"72","properties":{"color":"2848996","curvature":"0","direction":"top","p0":{"length":0,"x":0,"y":0},"p1":{"length":0.5143221947716157,"x":0.5143104943625322,"y":-0.003469210754553396},"p2":{"length":74.21590126111789,"x":72,"y":18},"rightArrow":"false","shape":"bezier"},"typeID":"Arrow","w":"73","x":"278","y":"1200","zOrder":"207"},{"ID":"399","h":"44","measuredH":"43","measuredW":"25","properties":{"color":"2848996","curvature":"0","direction":"bottom","p0":{"x":25,"y":0},"p1":{"x":0.5143104943625325,"y":-0.003469210754553396},"p2":{"x":0,"y":43},"rightArrow":"false","shape":"bezier"},"typeID":"Arrow","w":"26","x":"198","y":"1136","zOrder":"208"},{"ID":"400","h":"90","measuredH":"89","measuredW":"63","properties":{"color":"2848996","curvature":"0","direction":"top","p0":{"length":0,"x":0,"y":0},"p1":{"length":0.5143221947716159,"x":0.5143104943625324,"y":-0.0034692107545533923},"p2":{"length":109.04127658827184,"x":63,"y":89},"rightArrow":"false","shape":"bezier"},"typeID":"Arrow","w":"64","x":"136","y":"1089","zOrder":"209"},{"ID":"401","h":"36","measuredH":"35","measuredW":"72","properties":{"color":"2848996","curvature":"0","direction":"top","p0":{"length":0,"x":0,"y":0},"p1":{"length":0.5143221947716158,"x":0.5143104943625323,"y":-0.003469210754553411},"p2":{"length":80.05623023850174,"x":72,"y":35},"rightArrow":"false","shape":"bezier"},"typeID":"Arrow","w":"73","x":"126","y":"1144","zOrder":"210"},{"ID":"402","measuredH":"32","measuredW":"106","properties":{"align":"center","color":"16776960","size":"18","text":"Semaphore"},"typeID":"TextInput","w":"116","x":"52","y":"1239","zOrder":"211"},{"ID":"403","h":"72","measuredH":"71","measuredW":"32","properties":{"color":"2848996","curvature":"0","direction":"top","p0":{"x":32,"y":71},"p1":{"x":0.4782105669109142,"y":0.0026995757809485156},"p2":{"x":0,"y":0},"rightArrow":"false","shape":"bezier"},"typeID":"Arrow","w":"33","x":"77","y":"1163","zOrder":"212"},{"ID":"404","h":"98","measuredH":"97","measuredW":"47","properties":{"color":"2848996","curvature":"-1","direction":"top","p0":{"x":7,"y":97},"p1":{"x":0.23001417820918307,"y":-0.4290544225106336},"p2":{"x":0,"y":0},"rightArrow":"false","shape":"bezier"},"typeID":"Arrow","w":"48","x":"201","y":"1219","zOrder":"213"},{"ID":"405","measuredH":"32","measuredW":"174","properties":{"align":"center","color":"16776960","size":"18","text":"Future and Promise"},"typeID":"TextInput","w":"192","x":"52","y":"1348","zOrder":"214"},{"ID":"406","h":"146","measuredH":"145","measuredW":"88","properties":{"color":"2848996","curvature":"-1","direction":"top","p0":{"x":47,"y":145},"p1":{"x":0.20818627872944823,"y":-0.3364465868985108},"p2":{"x":0,"y":0},"rightArrow":"false","shape":"bezier"},"typeID":"Arrow","w":"89","x":"201","y":"1219","zOrder":"215"},{"ID":"407","measuredH":"32","measuredW":"164","properties":{"align":"center","color":"16770457","size":"18","text":"Language-specfic"},"typeID":"TextInput","w":"180","x":"35","y":"1435","zOrder":"216"},{"ID":"408","h":"45","measuredH":"44","measuredW":"32","properties":{"color":"2848996","curvature":"0","direction":"bottom","p0":{"x":0,"y":44},"p1":{"x":0.4,"y":-1.9135976724729175e-16},"p2":{"x":32,"y":0},"rightArrow":"false","shape":"bezier"},"typeID":"Arrow","w":"33","x":"119","y":"1386","zOrder":"217"},{"ID":"409","measuredH":"32","measuredW":"93","properties":{"align":"center","color":"16776960","size":"18","text":"Coroutine"},"typeID":"TextInput","w":"114","x":"254","y":"1413","zOrder":"218"},{"ID":"410","measuredH":"32","measuredW":"81","properties":{"align":"center","color":"15658734","size":"18","text":"Channel"},"typeID":"TextInput","w":"114","x":"254","y":"1457","zOrder":"219"},{"ID":"411","h":"43","measuredH":"41","measuredW":"33","properties":{"color":"2848996","curvature":"0","direction":"top","p0":{"x":33,"y":41},"p1":{"x":0.4,"y":-1.9203857723245952e-16},"p2":{"x":0,"y":0},"rightArrow":"false","shape":"bezier"},"typeID":"Arrow","w":"35","x":"216","y":"1386","zOrder":"220"},{"ID":"412","h":"89","measuredH":"87","measuredW":"31","properties":{"color":"2848996","curvature":"0","direction":"top","p0":{"length":92.35799911215054,"x":31,"y":87},"p1":{"length":0.4000000000000001,"x":0.4000000000000001,"y":-1.5993458999523943e-16},"p2":{"length":0,"x":0,"y":0},"rightArrow":"false","shape":"bezier"},"typeID":"Arrow","w":"33","x":"216","y":"1386","zOrder":"221"},{"ID":"413","h":"47","measuredH":"46","measuredW":"119","properties":{"color":"2848996","curvature":"1","direction":"top","p0":{"length":127.58134659894448,"x":119,"y":46},"p1":{"length":0.6086049218096202,"x":0.5912023100079867,"y":0.14449837193586043},"p2":{"length":0,"x":0,"y":0},"rightArrow":"false","shape":"bezier"},"typeID":"Arrow","w":"120","x":"419","y":"1240","zOrder":"222"},{"ID":"414","h":"86","measuredH":"85","measuredW":"14","properties":{"color":"2848996","curvature":"0","direction":"bottom","p0":{"x":0,"y":85},"p1":{"x":0.4,"y":-1.9203857723245952e-16},"p2":{"x":14,"y":0},"rightArrow":"false","shape":"bezier"},"typeID":"Arrow","w":"15","x":"405","y":"1241","zOrder":"223"},{"ID":"415","measuredH":"32","measuredW":"65","properties":{"align":"center","color":"16776960","size":"18","text":"select"},"typeID":"TextInput","w":"92","x":"474","y":"1348","zOrder":"224"},{"ID":"416","h":"393","measuredH":"392","measuredW":"72","properties":{"color":"2848996","curvature":"-1","direction":"bottom","leftArrow":"false","p0":{"x":45,"y":0},"p1":{"x":0.4459852654972413,"y":0.1149727983351425},"p2":{"x":0,"y":392},"rightArrow":"false","shape":"bezier"},"typeID":"Arrow","w":"73","x":"684","y":"1200","zOrder":"225"},{"ID":"417","measuredH":"48","measuredW":"48","properties":{"color":"2848996","icon":{"ID":"circle","size":"large"}},"typeID":"Icon","x":"660","y":"1569","zOrder":"226"},{"ID":"418","measuredH":"32","measuredW":"140","properties":{"align":"center","color":"16776960","size":"18","text":"Multi-thread #2"},"typeID":"TextInput","w":"149","x":"405","y":"1677","zOrder":"227"},{"ID":"419","h":"98","measuredH":"97","measuredW":"200","properties":{"color":"2848996","curvature":"-1","direction":"bottom","p0":{"x":0,"y":97},"p1":{"x":0.3801420927988773,"y":0.29085167967722125},"p2":{"x":200,"y":17},"rightArrow":"false","shape":"bezier"},"typeID":"Arrow","w":"201","x":"484","y":"1575","zOrder":"228"},{"ID":"420","h":"79","measuredH":"78","measuredW":"114","properties":{"color":"2848996","curvature":"0","direction":"top","p0":{"x":0,"y":0},"p1":{"x":0.5143104943625328,"y":-0.003469210754553318},"p2":{"x":114,"y":78},"rightArrow":"false","shape":"bezier"},"typeID":"Arrow","w":"115","x":"361","y":"1595","zOrder":"229"},{"ID":"421","h":"84","measuredH":"83","measuredW":"94","properties":{"color":"2848996","curvature":"1","direction":"bottom","p0":{"x":94,"y":0},"p1":{"x":0.5339041568844083,"y":-0.231459743129402},"p2":{"x":0,"y":83},"rightArrow":"false","shape":"bezier"},"typeID":"Arrow","w":"95","x":"360","y":"1463","zOrder":"230"},{"ID":"422","h":"58","measuredH":"57","measuredW":"14","properties":{"color":"2848996","curvature":"0","direction":"bottom","p0":{"x":14,"y":0},"p1":{"x":0.5143104943625324,"y":-0.0034692107545533377},"p2":{"x":0,"y":57},"rightArrow":"false","shape":"bezier"},"typeID":"Arrow","w":"15","x":"507","y":"1384","zOrder":"231"},{"ID":"423","h":"3","measuredH":"2","measuredW":"58","properties":{"color":"2848996","curvature":"0","direction":"top","p0":{"x":58,"y":2},"p1":{"x":0.5143104943625325,"y":-0.0034692107545533112},"p2":{"x":0,"y":0},"rightArrow":"false","shape":"bezier"},"typeID":"Arrow","w":"59","x":"562","y":"1460","zOrder":"232"},{"ID":"424","h":"64","measuredH":"63","measuredW":"51","properties":{"color":"2848996","curvature":"1","direction":"top","p0":{"x":51,"y":55},"p1":{"x":0.34263845114813146,"y":0.6843764070238632},"p2":{"x":20,"y":0},"rightArrow":"false","shape":"bezier"},"typeID":"Arrow","w":"52","x":"484","y":"1480","zOrder":"233"},{"ID":"425","h":"23","measuredH":"22","measuredW":"67","properties":{"color":"2848996","curvature":"0","direction":"bottom","p0":{"x":0,"y":22},"p1":{"x":0.5143104943625328,"y":-0.0034692107545532458},"p2":{"x":67,"y":0},"rightArrow":"false","shape":"bezier"},"typeID":"Arrow","w":"68","x":"203","y":"1571","zOrder":"234"},{"ID":"426","measuredH":"32","measuredW":"84","properties":{"align":"center","color":"15658734","size":"18","text":"WSAPoll"},"typeID":"TextInput","w":"98","x":"591","y":"1380","zOrder":"235"},{"ID":"427","h":"45","measuredH":"44","measuredW":"79","properties":{"color":"2848996","curvature":"0","direction":"bottom","p0":{"x":79,"y":0},"p1":{"x":0.5143104943625325,"y":-0.0034692107545533203},"p2":{"x":0,"y":44},"rightArrow":"false","shape":"bezier"},"typeID":"Arrow","w":"80","x":"507","y":"1397","zOrder":"236"},{"ID":"428","measuredH":"32","measuredW":"143","properties":{"align":"center","color":"16776960","size":"18","text":"Overlapped I/O"},"typeID":"TextInput","w":"166","x":"52","y":"1496","zOrder":"237"},{"ID":"429","h":"41","measuredH":"40","measuredW":"11","properties":{"color":"2848996","curvature":"0","direction":"top","p0":{"x":0,"y":0},"p1":{"x":0.5143104943625321,"y":-0.0034692107545533993},"p2":{"x":11,"y":40},"rightArrow":"false","shape":"bezier"},"typeID":"Arrow","w":"12","x":"130","y":"1533","zOrder":"238"},{"ID":"430","h":"34","measuredH":"33","measuredW":"44","properties":{"color":"2848996","curvature":"0","direction":"bottom","p0":{"x":0,"y":33},"p1":{"x":0.514310494362532,"y":-0.0034692107545533832},"p2":{"x":44,"y":0},"rightArrow":"false","shape":"bezier"},"typeID":"Arrow","w":"45","x":"97","y":"1613","zOrder":"239"},{"ID":"431","h":"28","measuredH":"27","measuredW":"47","properties":{"color":"2848996","curvature":"0","direction":"top","p0":{"x":0,"y":0},"p1":{"x":0.5143104943625328,"y":-0.003469210754553256},"p2":{"x":47,"y":27},"rightArrow":"false","shape":"bezier"},"typeID":"Arrow","w":"48","x":"354","y":"1666","zOrder":"240"},{"ID":"432","measuredH":"32","measuredW":"217","properties":{"align":"center","color":"16770457","size":"18","text":"Java Concurrency (Java)"},"typeID":"TextInput","w":"224","x":"48","y":"1802","zOrder":"241"},{"ID":"433","h":"48","measuredH":"47","measuredW":"44","properties":{"color":"2848996","curvature":"1","direction":"bottom","p0":{"x":0,"y":47},"p1":{"x":0.5288671940750715,"y":-0.3534758458172025},"p2":{"x":41,"y":0},"rightArrow":"false","shape":"bezier"},"typeID":"Arrow","w":"45","x":"277","y":"1687","zOrder":"242"},{"ID":"434","h":"90","measuredH":"89","measuredW":"55","properties":{"color":"2848996","curvature":"1","direction":"bottom","p0":{"x":0,"y":89},"p1":{"x":0.5288671940750712,"y":-0.35347584581720237},"p2":{"x":40,"y":0},"rightArrow":"false","shape":"bezier"},"typeID":"Arrow","w":"56","x":"278","y":"1687","zOrder":"243"},{"ID":"435","h":"131","measuredH":"130","measuredW":"69","properties":{"color":"2848996","curvature":"1","direction":"bottom","p0":{"x":0,"y":130},"p1":{"x":0.5288671940750711,"y":-0.35347584581720237},"p2":{"x":41,"y":0},"rightArrow":"false","shape":"bezier"},"typeID":"Arrow","w":"70","x":"278","y":"1688","zOrder":"244"},{"ID":"436","h":"171","measuredH":"170","measuredW":"83","properties":{"color":"2848996","curvature":"1","direction":"bottom","p0":{"x":0,"y":170},"p1":{"x":0.5288671940750711,"y":-0.35347584581720237},"p2":{"x":41,"y":0},"rightArrow":"false","shape":"bezier"},"typeID":"Arrow","w":"84","x":"278","y":"1689","zOrder":"245"},{"ID":"437","h":"36","measuredH":"35","measuredW":"21","properties":{"color":"2848996","curvature":"0","direction":"bottom","p0":{"length":35,"x":0,"y":35},"p1":{"length":0.5143221947716162,"x":0.5143104943625327,"y":-0.00346921075455318},"p2":{"length":21,"x":21,"y":0},"rightArrow":"false","shape":"bezier"},"typeID":"Arrow","w":"22","x":"461","y":"1714","zOrder":"246"},{"ID":"438","h":"526","measuredH":"525","measuredW":"136","properties":{"color":"2848996","curvature":"-1","direction":"top","leftArrow":"false","p0":{"x":2,"y":0},"p1":{"x":0.5465560996532866,"y":-0.09039568216749472},"p2":{"x":136,"y":525},"rightArrow":"false","shape":"bezier"},"typeID":"Arrow","w":"137","x":"682","y":"1592","zOrder":"247"},{"ID":"439","measuredH":"26","measuredW":"178","properties":{"bold":"true","size":"18","text":"Maximize Your Skills!"},"typeID":"Label","w":"184","x":"757","y":"2399","zOrder":"248"},{"ID":"440","measuredH":"32","measuredW":"99","properties":{"align":"center","color":"16770457","size":"18","text":"Synchrony"},"typeID":"TextInput","w":"108","x":"547","y":"1872","zOrder":"249"},{"ID":"441","measuredH":"32","measuredW":"117","properties":{"align":"center","color":"16770457","size":"18","text":"Determinism"},"typeID":"TextInput","w":"127","x":"547","y":"1911","zOrder":"250"},{"ID":"442","measuredH":"32","measuredW":"146","properties":{"align":"center","color":"16770457","size":"18","text":"Update Process"},"typeID":"TextInput","w":"156","x":"547","y":"1950","zOrder":"251"},{"ID":"443","measuredH":"32","measuredW":"66","properties":{"align":"center","color":"16776960","size":"18","text":"OORP"},"typeID":"TextInput","w":"85","x":"301","y":"1893","zOrder":"252"},{"ID":"444","measuredH":"32","measuredW":"48","properties":{"align":"center","color":"16776960","size":"18","text":"FRP"},"typeID":"TextInput","w":"65","x":"321","y":"1932","zOrder":"253"},{"ID":"445","measuredH":"32","measuredW":"63","properties":{"align":"center","color":"16776960","size":"18","text":"Model"},"typeID":"TextInput","w":"93","x":"505","y":"1819","zOrder":"254"},{"ID":"446","measuredH":"32","measuredW":"91","properties":{"align":"center","color":"16776960","size":"18","text":"Approach"},"typeID":"TextInput","w":"110","x":"334","y":"1844","zOrder":"255"},{"ID":"447","h":"49","measuredH":"48","measuredW":"60","properties":{"color":"2848996","curvature":"0","direction":"bottom","p0":{"x":0,"y":48},"p1":{"x":0.5143104943625327,"y":-0.0034692107545531456},"p2":{"x":60,"y":0},"rightArrow":"false","shape":"bezier"},"typeID":"Arrow","w":"61","x":"396","y":"1792","zOrder":"256"},{"ID":"448","h":"44","measuredH":"43","measuredW":"44","properties":{"color":"2848996","curvature":"0","direction":"top","p0":{"length":61.5223536610881,"x":44,"y":43},"p1":{"length":0.5143221947716161,"x":0.5143104943625326,"y":-0.003469210754553286},"p2":{"length":0,"x":0,"y":0},"rightArrow":"false","shape":"bezier"},"typeID":"Arrow","w":"45","x":"456","y":"1792","zOrder":"257"},{"ID":"449","h":"31","measuredH":"30","measuredW":"30","properties":{"color":"2848996","curvature":"1","direction":"bottom","p0":{"length":30,"x":0,"y":30},"p1":{"length":0.6009252125773314,"x":0.5666666666666667,"y":-0.2},"p2":{"length":30,"x":30,"y":0},"rightArrow":"false","shape":"bezier"},"typeID":"Arrow","w":"31","x":"391","y":"1882","zOrder":"258"},{"ID":"450","h":"69","measuredH":"68","measuredW":"39","properties":{"color":"2848996","curvature":"1","direction":"bottom","p0":{"length":68,"x":0,"y":68},"p1":{"length":0.5785234214035124,"x":0.4556213017751479,"y":-0.35650887573964496},"p2":{"length":28,"x":28,"y":0},"rightArrow":"false","shape":"bezier"},"typeID":"Arrow","w":"40","x":"393","y":"1881","zOrder":"259"},{"ID":"451","h":"32","measuredH":"31","measuredW":"34","properties":{"color":"2848996","curvature":"1","direction":"top","p0":{"length":46.01086828130936,"x":34,"y":31},"p1":{"length":1.0373129226744993,"x":0.6389140271493213,"y":0.8171945701357466},"p2":{"length":22,"x":22,"y":0},"rightArrow":"false","shape":"bezier"},"typeID":"Arrow","w":"35","x":"509","y":"1856","zOrder":"260"},{"ID":"452","h":"73","measuredH":"72","measuredW":"53","properties":{"color":"2848996","curvature":"1","direction":"top","p0":{"length":89.40357934669059,"x":53,"y":72},"p1":{"length":0.8253646259679758,"x":0.550185873605948,"y":0.6152416356877324},"p2":{"length":39,"x":39,"y":0},"rightArrow":"false","shape":"bezier"},"typeID":"Arrow","w":"54","x":"491","y":"1856","zOrder":"261"},{"ID":"453","h":"113","measuredH":"112","measuredW":"69","properties":{"color":"2848996","curvature":"1","direction":"top","p0":{"length":131.54847015454038,"x":69,"y":112},"p1":{"length":0.7528950846286854,"x":0.4990240728692259,"y":0.5637605725439168},"p2":{"length":58,"x":58,"y":0},"rightArrow":"false","shape":"bezier"},"typeID":"Arrow","w":"70","x":"474","y":"1855","zOrder":"262"},{"ID":"454","h":"194","measuredH":"193","measuredW":"190","properties":{"color":"2848996","curvature":"1","direction":"top","p0":{"length":270.83020511013905,"x":190,"y":193},"p1":{"length":0.45973799752594746,"x":0.45273833671399566,"y":0.07991886409736303},"p2":{"length":0,"x":0,"y":0},"rightArrow":"false","shape":"bezier"},"typeID":"Arrow","w":"191","x":"727","y":"1200","zOrder":"263"},{"ID":"455","h":"85","measuredH":"84","measuredW":"263","properties":{"color":"2848996","curvature":"1","direction":"top","p0":{"x":263,"y":19},"p1":{"x":0.23248538311621705,"y":0.26479638937326905},"p2":{"x":0,"y":0},"rightArrow":"false","shape":"bezier"},"typeID":"Arrow","w":"264","x":"684","y":"1592","zOrder":"264"},{"ID":"456","h":"56","measuredH":"55","measuredW":"46","properties":{"color":"2848996","curvature":"1","direction":"bottom","p0":{"length":46,"x":46,"y":0},"p1":{"length":0.6622513592533038,"x":0.5294249272767957,"y":-0.39785186842694115},"p2":{"length":55.57877292636101,"x":8,"y":55},"rightArrow":"false","shape":"bezier"},"typeID":"Arrow","w":"47","x":"1003","y":"1315","zOrder":"265"},{"ID":"457","measuredH":"32","measuredW":"52","properties":{"align":"center","color":"16776960","size":"18","text":"SQL"},"typeID":"TextInput","w":"76","x":"840","y":"1445","zOrder":"266"},{"ID":"458","h":"60","measuredH":"59","measuredW":"88","properties":{"color":"2848996","curvature":"0","direction":"bottom","p0":{"x":88,"y":0},"p1":{"x":0.5143104943625321,"y":-0.0034692107545533993},"p2":{"x":0,"y":59},"rightArrow":"false","shape":"bezier"},"typeID":"Arrow","w":"89","x":"945","y":"1506","zOrder":"267"},{"ID":"459","h":"22","measuredH":"21","measuredW":"49","properties":{"color":"2848996","curvature":"0","direction":"top","p0":{"length":0,"x":0,"y":0},"p1":{"length":0.5143221947716156,"x":0.5143104943625321,"y":-0.0034692107545534257},"p2":{"length":53.31041174104736,"x":49,"y":21},"rightArrow":"false","shape":"bezier"},"typeID":"Arrow","w":"50","x":"922","y":"1461","zOrder":"268"},{"ID":"460","measuredH":"32","measuredW":"48","properties":{"align":"center","color":"16776960","size":"18","text":"DAL"},"typeID":"TextInput","w":"73","x":"786","y":"1539","zOrder":"269"},{"ID":"461","h":"47","measuredH":"46","measuredW":"31","properties":{"color":"2848996","curvature":"1","direction":"top","p0":{"length":0,"x":0,"y":0},"p1":{"length":0.6667491698124149,"x":0.4841584158415842,"y":0.4584158415841584},"p2":{"length":49.76946855251722,"x":19,"y":46},"rightArrow":"false","shape":"bezier"},"typeID":"Arrow","w":"32","x":"858","y":"1393","zOrder":"270"},{"ID":"462","h":"51","measuredH":"49","measuredW":"52","properties":{"color":"2848996","curvature":"0","direction":"bottom","p0":{"x":0,"y":49},"p1":{"x":0.5143104943625327,"y":-0.0034692107545531117},"p2":{"x":52,"y":0},"rightArrow":"false","shape":"bezier"},"typeID":"Arrow","w":"54","x":"827","y":"1482","zOrder":"271"},{"ID":"463","measuredH":"32","measuredW":"72","properties":{"align":"center","color":"15658734","size":"18","text":"SQLite"},"typeID":"TextInput","w":"90","x":"1162","y":"1483","zOrder":"272"},{"ID":"464","measuredH":"32","measuredW":"83","properties":{"align":"center","color":"15658734","size":"18","text":"MariaDB"},"typeID":"TextInput","w":"90","x":"1294","y":"1437","zOrder":"273"},{"ID":"465","measuredH":"32","measuredW":"114","properties":{"align":"center","color":"16770457","size":"18","text":"PostgreSQL"},"typeID":"TextInput","w":"134","x":"1162","y":"1528","zOrder":"274"},{"ID":"466","h":"77","measuredH":"76","measuredW":"53","properties":{"color":"2848996","curvature":"0","direction":"bottom","p0":{"x":53,"y":0},"p1":{"x":0.5143104943625321,"y":-0.0034692107545534014},"p2":{"x":0,"y":76},"rightArrow":"false","shape":"bezier"},"typeID":"Arrow","w":"54","x":"1103","y":"1406","zOrder":"275"},{"ID":"467","h":"33","measuredH":"32","measuredW":"55","properties":{"color":"2848996","curvature":"0","direction":"bottom","p0":{"x":55,"y":0},"p1":{"x":0.5143104943625321,"y":-0.003469210754553372},"p2":{"x":0,"y":32},"rightArrow":"false","shape":"bezier"},"typeID":"Arrow","w":"56","x":"1103","y":"1451","zOrder":"276"},{"ID":"468","h":"18","measuredH":"17","measuredW":"56","properties":{"color":"2848996","curvature":"0","direction":"top","p0":{"x":56,"y":17},"p1":{"x":0.5143104943625321,"y":-0.0034692107545534123},"p2":{"x":0,"y":0},"rightArrow":"false","shape":"bezier"},"typeID":"Arrow","w":"57","x":"1102","y":"1483","zOrder":"277"},{"ID":"469","h":"62","measuredH":"61","measuredW":"55","properties":{"color":"2848996","curvature":"0","direction":"top","p0":{"length":82.13403679352427,"x":55,"y":61},"p1":{"length":0.5143221947716153,"x":0.5143104943625318,"y":-0.0034692107545534},"p2":{"length":0,"x":0,"y":0},"rightArrow":"false","shape":"bezier"},"typeID":"Arrow","w":"56","x":"1102","y":"1483","zOrder":"278"},{"ID":"470","h":"2","measuredH":"1","measuredW":"34","properties":{"color":"2848996","curvature":"0","direction":"top","p0":{"length":34.0147027033899,"x":34,"y":1},"p1":{"length":0.5143221947716152,"x":0.5143104943625317,"y":-0.003469210754553401},"p2":{"length":1,"x":0,"y":1},"rightArrow":"false","shape":"bezier"},"typeID":"Arrow","w":"35","x":"1256","y":"1451","zOrder":"279"},{"ID":"471","h":"22","measuredH":"21","measuredW":"65","properties":{"color":"2848996","curvature":"0","direction":"top","p0":{"x":65,"y":21},"p1":{"x":0.5143104943625321,"y":-0.0034692107545534014},"p2":{"x":0,"y":0},"rightArrow":"false","shape":"bezier"},"typeID":"Arrow","w":"66","x":"1013","y":"1588","zOrder":"280"},{"ID":"472","h":"44","measuredH":"43","measuredW":"76","properties":{"color":"2848996","curvature":"0","direction":"bottom","p0":{"x":0,"y":43},"p1":{"x":0.5143104943625318,"y":-0.0034692107545533984},"p2":{"x":76,"y":0},"rightArrow":"false","shape":"bezier"},"typeID":"Arrow","w":"77","x":"1062","y":"1633","zOrder":"281"},{"ID":"473","h":"45","measuredH":"44","measuredW":"92","properties":{"color":"2848996","curvature":"0","direction":"top","p0":{"length":101.9803902718557,"x":92,"y":44},"p1":{"length":0.5143221947716154,"x":0.514310494362532,"y":-0.003469210754553361},"p2":{"length":0,"x":0,"y":0},"rightArrow":"false","shape":"bezier"},"typeID":"Arrow","w":"93","x":"1138","y":"1633","zOrder":"282"},{"ID":"474","h":"57","measuredH":"56","measuredW":"76","properties":{"color":"2848996","curvature":"0","direction":"bottom","p0":{"x":0,"y":56},"p1":{"x":0.514310494362532,"y":-0.0034692107545534023},"p2":{"x":76,"y":0},"rightArrow":"false","shape":"bezier"},"typeID":"Arrow","w":"77","x":"982","y":"1719","zOrder":"283"},{"ID":"475","h":"69","measuredH":"68","measuredW":"1","properties":{"color":"2848996","curvature":"0","direction":"top","p0":{"length":68.00413590363456,"x":0.75,"y":68},"p1":{"length":0.5144546982364163,"x":0.5144539644868532,"y":-0.0008688850797154389},"p2":{"length":0,"x":0,"y":0},"rightArrow":"false","shape":"bezier"},"typeID":"Arrow","w":"1","x":"1058","y":"1719","zOrder":"284"},{"ID":"476","h":"69","measuredH":"68","measuredW":"1","properties":{"color":"2848996","curvature":"0","direction":"top","p0":{"length":68.00413590363456,"x":0.75,"y":68},"p1":{"length":0.5144546982364163,"x":0.5144539644868532,"y":-0.0008688850797154359},"p2":{"length":0,"x":0,"y":0},"rightArrow":"false","shape":"bezier"},"typeID":"Arrow","w":"1","x":"1227","y":"1719","zOrder":"285"},{"ID":"477","h":"57","measuredH":"56","measuredW":"71","properties":{"color":"2848996","curvature":"0","direction":"top","p0":{"x":71,"y":56},"p1":{"x":0.5144539644868532,"y":-0.0008688850797154282},"p2":{"x":0,"y":0},"rightArrow":"false","shape":"bezier"},"typeID":"Arrow","w":"72","x":"1227","y":"1719","zOrder":"286"},{"ID":"478","measuredH":"48","measuredW":"48","properties":{"color":"2848996","icon":{"ID":"flag-checkered","size":"large"}},"typeID":"Icon","x":"819","y":"2765","zOrder":"287"},{"ID":"479","measuredH":"26","measuredW":"118","properties":{"bold":"true","color":"2848996","size":"18","text":"Start Building"},"typeID":"Label","x":"783","y":"2813","zOrder":"288"},{"ID":"480","h":"320","measuredH":"319","measuredW":"61","properties":{"color":"2848996","curvature":"-1","direction":"bottom","leftArrow":"false","p0":{"length":8,"x":8,"y":0},"p1":{"length":0.5335433435594119,"x":0.5022377085864076,"y":0.18007160667476518},"p2":{"length":319,"x":0,"y":319},"rightArrow":"false","shape":"bezier"},"typeID":"Arrow","w":"62","x":"853","y":"2428","zOrder":"289"},{"ID":"481","measuredH":"48","measuredW":"48","properties":{"color":"2848996","icon":{"ID":"circle","size":"large"}},"typeID":"Icon","x":"886","y":"2527","zOrder":"290"},{"ID":"482","measuredH":"32","measuredW":"220","properties":{"align":"center","color":"16776960","size":"18","text":"Programming Languages"},"typeID":"TextInput","w":"242","x":"792","y":"965","zOrder":"291"},{"ID":"483","h":"58","measuredH":"57","measuredW":"65","properties":{"color":"2848996","curvature":"1","direction":"bottom","p0":{"x":65,"y":0},"p1":{"x":0.4550218340611354,"y":-0.012663755458515284},"p2":{"x":0,"y":57},"rightArrow":"false","shape":"bezier"},"typeID":"Arrow","w":"66","x":"961","y":"904","zOrder":"292"},{"ID":"484","measuredH":"32","measuredW":"72","properties":{"align":"center","color":"16776960","size":"18","text":"C/C++"},"typeID":"TextInput","w":"103","x":"799","y":"1080","zOrder":"293"},{"ID":"485","h":"14","measuredH":"13","measuredW":"107","properties":{"color":"2848996","curvature":"0","direction":"top","p0":{"length":107.78682665335316,"x":107,"y":13},"p1":{"length":0.4856345709253812,"x":0.48562575314167666,"y":0.002926493372353264},"p2":{"length":0,"x":0,"y":0},"rightArrow":"false","shape":"bezier"},"typeID":"Arrow","w":"108","x":"1039","y":"981","zOrder":"294"},{"ID":"486","measuredH":"32","measuredW":"39","properties":{"align":"center","color":"16776960","size":"18","text":"C#"},"typeID":"TextInput","w":"65","x":"1151","y":"980","zOrder":"295"},{"ID":"487","measuredH":"32","measuredW":"92","properties":{"align":"center","color":"16776960","size":"18","text":"Assembly"},"typeID":"TextInput","w":"103","x":"786","y":"1165","zOrder":"296"},{"ID":"488","measuredH":"32","measuredW":"70","properties":{"align":"center","color":"16776960","size":"18","text":"Python"},"typeID":"TextInput","w":"92","x":"916","y":"1071","zOrder":"297"},{"ID":"489","h":"59","measuredH":"58","measuredW":"51","properties":{"color":"2848996","curvature":"1","direction":"top","p0":{"length":77.23341245859851,"x":51,"y":58},"p1":{"length":0.41209704339738384,"x":0.4117351215423305,"y":0.01726739312657163},"p2":{"length":0,"x":0,"y":0},"rightArrow":"false","shape":"bezier"},"typeID":"Arrow","w":"52","x":"920","y":"1002","zOrder":"298"},{"ID":"490","h":"72","measuredH":"71","measuredW":"65","properties":{"color":"2848996","curvature":"0","direction":"bottom","p0":{"length":71,"x":0,"y":71},"p1":{"length":0.5441715106496344,"x":0.5440937781785392,"y":-0.009197475202885464},"p2":{"length":65,"x":65,"y":0},"rightArrow":"false","shape":"bezier"},"typeID":"Arrow","w":"66","x":"854","y":"1002","zOrder":"299"},{"ID":"491","h":"41","measuredH":"40","measuredW":"10","properties":{"color":"2848996","curvature":"0","direction":"bottom","p0":{"length":40,"x":0,"y":40},"p1":{"length":0.5441715106496343,"x":0.5440937781785391,"y":-0.00919747520288546},"p2":{"length":10,"x":10,"y":0},"rightArrow":"false","shape":"bezier"},"typeID":"Arrow","w":"11","x":"840","y":"1118","zOrder":"300"},{"ID":"492","measuredH":"32","measuredW":"52","properties":{"align":"center","color":"15658734","size":"18","text":"Java"},"typeID":"TextInput","w":"65","x":"861","y":"892","zOrder":"301"},{"ID":"493","h":"33","measuredH":"32","measuredW":"63","properties":{"color":"2848996","curvature":"-1","direction":"top","p0":{"x":0,"y":0},"p1":{"x":0.3861405968355698,"y":-0.01021430002002804},"p2":{"x":63,"y":32},"rightArrow":"false","shape":"bezier"},"typeID":"Arrow","w":"64","x":"898","y":"929","zOrder":"302"},{"ID":"494","measuredH":"32","measuredW":"69","properties":{"align":"center","color":"15658734","size":"18","text":"Erlang"},"typeID":"TextInput","w":"87","x":"1035","y":"1084","zOrder":"303"},{"ID":"495","measuredH":"32","measuredW":"104","properties":{"align":"center","color":"16770457","size":"18","text":"TypeScript"},"typeID":"TextInput","w":"118","x":"1043","y":"928","zOrder":"304"},{"ID":"496","h":"40","measuredH":"39","measuredW":"21","properties":{"color":"2848996","curvature":"-1","direction":"top","p0":{"x":16,"y":39},"p1":{"x":0.4867256637168142,"y":-0.2991150442477876},"p2":{"x":0,"y":0},"rightArrow":"false","shape":"bezier"},"typeID":"Arrow","w":"22","x":"1090","y":"884","zOrder":"305"},{"ID":"497","h":"98","measuredH":"97","measuredW":"42","properties":{"color":"2848996","curvature":"0","direction":"top","p0":{"length":105.70241246064349,"x":42,"y":97},"p1":{"length":0.48563457092538126,"x":0.4856257531416767,"y":0.0029264933723534077},"p2":{"length":0,"x":0,"y":0},"rightArrow":"false","shape":"bezier"},"typeID":"Arrow","w":"43","x":"1038","y":"981","zOrder":"306"},{"ID":"498","h":"69","measuredH":"68","measuredW":"75","properties":{"color":"2848996","curvature":"0","direction":"top","p0":{"length":101.23734488813898,"x":75,"y":68},"p1":{"length":0.4856345709253811,"x":0.4856257531416766,"y":0.002926493372353435},"p2":{"length":0,"x":0,"y":0},"rightArrow":"false","shape":"bezier"},"typeID":"Arrow","w":"76","x":"1038","y":"981","zOrder":"307"},{"ID":"500","h":"95","measuredH":"94","measuredW":"319","properties":{"color":"2848996","curvature":"1","direction":"bottom","p0":{"x":319,"y":53},"p1":{"x":0.44206847882461975,"y":-0.21696581160245892},"p2":{"x":0,"y":94},"rightArrow":"false","shape":"bezier","text":""},"typeID":"Arrow","w":"320","x":"820","y":"2024","zOrder":"308"},{"ID":"501","measuredH":"32","measuredW":"95","properties":{"align":"center","color":"16776960","size":"18","text":"Container"},"typeID":"TextInput","w":"122","x":"1081","y":"2079","zOrder":"309"},{"ID":"502","measuredH":"32","measuredW":"173","properties":{"align":"center","color":"15658734","size":"18","text":"Windows Container"},"typeID":"TextInput","w":"220","x":"924","y":"2175","zOrder":"310"},{"ID":"503","measuredH":"48","measuredW":"48","properties":{"color":"2848996","icon":{"ID":"circle","size":"large"}},"typeID":"Icon","x":"792","y":"2095","zOrder":"311"},{"ID":"504","h":"257","measuredH":"256","measuredW":"45","properties":{"color":"2848996","curvature":"-1","direction":"top","leftArrow":"false","p0":{"x":12,"y":0},"p1":{"x":0.5151108126259234,"y":-0.10006715916722632},"p2":{"x":45,"y":256},"rightArrow":"false","shape":"bezier"},"typeID":"Arrow","w":"46","x":"802","y":"2129","zOrder":"312"},{"ID":"505","h":"68","measuredH":"67","measuredW":"87","properties":{"color":"2848996","curvature":"0","direction":"bottom","p0":{"length":66.96969696969697,"x":0,"y":66.96969696969697},"p1":{"length":0.5142222531292692,"x":0.5142103604514006,"y":-0.003497258609672184},"p2":{"length":87,"x":87,"y":0},"rightArrow":"false","shape":"bezier"},"typeID":"Arrow","w":"88","x":"1052","y":"2109","zOrder":"313"},{"ID":"506","measuredH":"32","measuredW":"72","properties":{"align":"center","color":"16776960","size":"18","text":"Docker"},"typeID":"TextInput","w":"122","x":"1192","y":"2175","zOrder":"314"},{"ID":"507","h":"70","measuredH":"69","measuredW":"112","properties":{"color":"2848996","curvature":"0","direction":"top","p0":{"length":131.53304543544368,"x":112,"y":68.97058823529412},"p1":{"length":0.5144123241827135,"x":0.5144003085643832,"y":-0.003515937987003126},"p2":{"length":0,"x":0,"y":0},"rightArrow":"false","shape":"bezier"},"typeID":"Arrow","w":"113","x":"1145","y":"2108","zOrder":"315"},{"ID":"508","measuredH":"32","measuredW":"109","properties":{"align":"center","color":"16776960","size":"18","text":"Kubernetes"},"typeID":"TextInput","w":"122","x":"1134","y":"2338","zOrder":"316"},{"ID":"510","measuredH":"32","measuredW":"123","properties":{"align":"center","color":"16776960","size":"18","text":"Orchestration"},"typeID":"TextInput","w":"131","x":"1192","y":"2246","zOrder":"317"},{"ID":"511","h":"40","measuredH":"39","measuredW":"0","properties":{"color":"2848996","curvature":"0","direction":"top","p0":{"length":38.94736842105264,"x":0,"y":38.94736842105264},"p1":{"length":0.5143210539934402,"x":0.5143104943625315,"y":-0.003295750216825774},"p2":{"length":0,"x":0,"y":0},"rightArrow":"false","shape":"bezier"},"typeID":"Arrow","w":"1","x":"1262","y":"2205","zOrder":"318"},{"ID":"512","h":"63","measuredH":"62","measuredW":"62","properties":{"color":"2848996","curvature":"0","direction":"bottom","p0":{"length":61.96721311475411,"x":0,"y":61.96721311475411},"p1":{"length":0.5142102707733132,"x":0.5141985552333665,"y":-0.0034710754360235026},"p2":{"length":62,"x":62,"y":0},"rightArrow":"false","shape":"bezier"},"typeID":"Arrow","w":"63","x":"1198","y":"2274","zOrder":"319"},{"ID":"513","measuredH":"32","measuredW":"68","properties":{"align":"center","color":"16776960","size":"18","text":"Mesos"},"typeID":"TextInput","w":"122","x":"1304","y":"2338","zOrder":"320"},{"ID":"514","h":"63","measuredH":"62","measuredW":"105","properties":{"color":"2848996","curvature":"0","direction":"top","p0":{"length":121.9218417725444,"x":105,"y":61.96721311475411},"p1":{"length":0.5144205668120306,"x":0.5144084885271866,"y":-0.003525122747693317},"p2":{"length":0,"x":0,"y":0},"rightArrow":"false","shape":"bezier"},"typeID":"Arrow","w":"106","x":"1257","y":"2274","zOrder":"321"},{"ID":"515","measuredH":"32","measuredW":"61","properties":{"align":"center","color":"16776960","size":"18","text":"Cloud"},"typeID":"TextInput","w":"122","x":"386","y":"2109","zOrder":"322"},{"ID":"516","measuredH":"32","measuredW":"103","properties":{"align":"center","color":"16776960","size":"18","text":"Serverless"},"typeID":"TextInput","w":"122","x":"386","y":"2187","zOrder":"323"},{"ID":"517","h":"79","measuredH":"78","measuredW":"371","properties":{"color":"2848996","curvature":"1","direction":"top","p0":{"x":0,"y":66},"p1":{"x":0.4709293464455493,"y":0.19043437239176975},"p2":{"x":371,"y":78},"rightArrow":"false","shape":"bezier","text":""},"typeID":"Arrow","w":"372","x":"452","y":"2040","zOrder":"324"},{"ID":"518","h":"48","measuredH":"47","measuredW":"2","properties":{"color":"2848996","curvature":"0","direction":"bottom","p0":{"length":46.97872340425531,"x":0,"y":46.97872340425531},"p1":{"length":0.5143155061354254,"x":0.5143042862787508,"y":-0.0033971998239220626},"p2":{"length":2,"x":2,"y":0},"rightArrow":"false","shape":"bezier"},"typeID":"Arrow","w":"3","x":"446","y":"2139","zOrder":"325"},{"ID":"519","h":"130","measuredH":"78","measuredW":"371","properties":{"color":"2848996","curvature":"-1","direction":"bottom","p0":{"x":0,"y":129},"p1":{"x":0.5508990669081095,"y":0.15532116123228107},"p2":{"x":226,"y":3},"rightArrow":"false","shape":"bezier","text":""},"typeID":"Arrow","w":"227","x":"579","y":"2126","zOrder":"326"},{"ID":"520","measuredH":"32","measuredW":"33","properties":{"align":"center","color":"16776960","size":"18","text":"AI"},"typeID":"TextInput","w":"122","x":"516","y":"2256","zOrder":"327"},{"ID":"521","measuredH":"32","measuredW":"126","properties":{"align":"center","color":"16776960","size":"18","text":"Deep Learning"},"typeID":"TextInput","w":"158","x":"497","y":"2338","zOrder":"328"},{"ID":"522","h":"52","measuredH":"47","measuredW":"2","properties":{"color":"2848996","curvature":"0","direction":"top","p0":{"x":2,"y":51},"p1":{"x":0.5143042862787508,"y":-0.0033971998239220626},"p2":{"x":0,"y":0},"rightArrow":"false","shape":"bezier"},"typeID":"Arrow","w":"3","x":"574","y":"2288","zOrder":"329"},{"ID":"523","measuredH":"32","measuredW":"109","properties":{"align":"center","color":"16776960","size":"18","text":"TensonFlow"},"typeID":"TextInput","w":"158","x":"411","y":"2425","zOrder":"330"},{"ID":"524","h":"52","measuredH":"51","measuredW":"2","properties":{"color":"2848996","curvature":"0","direction":"bottom","p0":{"x":0,"y":51},"p1":{"x":0.5143042862787508,"y":-0.003397199823922062},"p2":{"x":66,"y":0},"rightArrow":"false","shape":"bezier"},"typeID":"Arrow","w":"67","x":"496","y":"2370","zOrder":"331"},{"ID":"525","measuredH":"32","measuredW":"111","properties":{"align":"center","color":"15658734","size":"18","text":"Amazon ML"},"typeID":"TextInput","w":"143","x":"516","y":"2511","zOrder":"332"},{"ID":"526","measuredH":"32","measuredW":"91","properties":{"align":"center","color":"15658734","size":"18","text":"Cloud ML"},"typeID":"TextInput","w":"118","x":"612","y":"2418","zOrder":"333"},{"ID":"527","h":"49","measuredH":"51","measuredW":"66","properties":{"color":"2848996","curvature":"0","direction":"top","p0":{"x":99,"y":48},"p1":{"x":0.5143042862787508,"y":-0.003397199823922062},"p2":{"x":0,"y":0},"rightArrow":"false","shape":"bezier"},"typeID":"Arrow","w":"100","x":"576","y":"2368","zOrder":"334"},{"ID":"528","measuredH":"32","measuredW":"93","properties":{"align":"center","color":"15658734","size":"18","text":"Azure ML"},"typeID":"TextInput","w":"143","x":"697","y":"2511","zOrder":"335"},{"ID":"529","h":"57","measuredH":"48","measuredW":"99","properties":{"color":"2848996","curvature":"0","direction":"bottom","p0":{"x":0,"y":56},"p1":{"x":0.4837491416800183,"y":0.0046921492332341495},"p2":{"x":83,"y":0},"rightArrow":"false","shape":"bezier"},"typeID":"Arrow","w":"84","x":"584","y":"2449","zOrder":"336"},{"ID":"530","h":"63","measuredH":"48","measuredW":"99","properties":{"color":"2848996","curvature":"0","direction":"top","p0":{"x":90,"y":62},"p1":{"x":0.5143042862787508,"y":-0.0033971998239220895},"p2":{"x":0,"y":0},"rightArrow":"false","shape":"bezier"},"typeID":"Arrow","w":"91","x":"673","y":"2451","zOrder":"337"},{"ID":"531","measuredH":"32","measuredW":"216","properties":{"align":"center","color":"16776960","size":"18","text":"Programming techniques"},"typeID":"TextInput","w":"242","x":"887","y":"1925","zOrder":"338"},{"ID":"532","h":"168","measuredH":"94","measuredW":"319","properties":{"color":"2848996","curvature":"1","direction":"bottom","p0":{"x":75,"y":0},"p1":{"x":0.4420684788246198,"y":-0.21696581160245895},"p2":{"x":8,"y":167},"rightArrow":"false","shape":"bezier","text":""},"typeID":"Arrow","w":"76","x":"816","y":"1941","zOrder":"339"},{"ID":"533","measuredH":"32","measuredW":"136","properties":{"align":"center","color":"15658734","size":"18","text":"Design Pattern"},"typeID":"TextInput","w":"143","x":"1261","y":"1853","zOrder":"340"},{"ID":"534","measuredH":"32","measuredW":"215","properties":{"align":"center","color":"15658734","size":"18","text":"Test driven development"},"typeID":"TextInput","w":"234","x":"1261","y":"1910","zOrder":"341"},{"ID":"535","measuredH":"32","measuredW":"193","properties":{"align":"center","color":"16776960","size":"18","text":"Dependancy Injection"},"typeID":"TextInput","w":"218","x":"1261","y":"1969","zOrder":"342"},{"ID":"536","measuredH":"32","measuredW":"134","properties":{"align":"center","color":"16776960","size":"18","text":"Dump analysis"},"typeID":"TextInput","w":"159","x":"1261","y":"2030","zOrder":"343"},{"ID":"537","measuredH":"32","measuredW":"210","properties":{"align":"center","color":"16776960","size":"18","text":"Functional Programming"},"typeID":"TextInput","w":"234","x":"1261","y":"2088","zOrder":"344"},{"ID":"539","h":"162","measuredH":"69","measuredW":"112","properties":{"color":"2848996","curvature":"0","direction":"top","p0":{"x":136,"y":161},"p1":{"x":0.5144003085643832,"y":-0.0035159379870028633},"p2":{"x":0,"y":0},"rightArrow":"false","shape":"bezier"},"typeID":"Arrow","w":"137","x":"1129","y":"1939","zOrder":"345"},{"ID":"540","h":"108","measuredH":"69","measuredW":"112","properties":{"color":"2848996","curvature":"0","direction":"top","p0":{"x":129,"y":107},"p1":{"x":0.5144003085643832,"y":-0.0035159379870028633},"p2":{"x":0,"y":0},"rightArrow":"false","shape":"bezier"},"typeID":"Arrow","w":"130","x":"1132","y":"1941","zOrder":"346"},{"ID":"541","h":"47","measuredH":"46","measuredW":"134","properties":{"color":"2848996","curvature":"0","direction":"top","p0":{"y":46,"x":134,"length":141.6756859873987},"p1":{"y":-0.0035159379870028525,"x":0.5144003085643833,"length":0.5144123241827137},"p2":{"y":0,"x":0,"length":0},"rightArrow":"false","shape":"bezier"},"typeID":"Arrow","w":"135","x":"1129","y":"1941","zOrder":"347"},{"ID":"542","h":"15","measuredH":"69","measuredW":"112","properties":{"color":"2848996","curvature":"0","direction":"bottom","p0":{"x":135,"y":0},"p1":{"x":0.5144003085643832,"y":-0.0035159379870028633},"p2":{"x":0,"y":14},"rightArrow":"false","shape":"bezier"},"typeID":"Arrow","w":"136","x":"1129","y":"1927","zOrder":"348"},{"ID":"543","h":"74","measuredH":"69","measuredW":"112","properties":{"color":"2848996","curvature":"0","direction":"bottom","p0":{"x":130,"y":0},"p1":{"x":0.5144003085643832,"y":-0.0035159379870028633},"p2":{"x":0,"y":73},"rightArrow":"false","shape":"bezier"},"typeID":"Arrow","w":"131","x":"1131","y":"1867","zOrder":"349"}]},"measuredH":"2839","measuredW":"1511","mockupH":"2815","mockupW":"1494","version":"1.0"}}
