{"mockup":{"controls":{"control":[{"ID":"324","h":"54","measuredH":"53","measuredW":"42","properties":{"color":"2848996","curvature":"-1","direction":"top","leftArrow":"false","p0":{"x":0,"y":0,"length":0},"p1":{"x":0.5684273538382603,"y":-0.01687523160685284,"length":0.5686777910498629},"p2":{"x":42,"y":53,"length":67.62396025078685},"rightArrow":"false","shape":"bezier","stroke":"dotted"},"typeID":"Arrow","w":"43","x":"1006","y":"1580","zOrder":"0"},{"ID":"325","h":"65","measuredH":"64","measuredW":"43","properties":{"color":"2848996","curvature":"1","direction":"bottom","leftArrow":"false","p0":{"x":43,"y":0,"length":43},"p1":{"x":0.56842735383826,"y":-0.0168752316068528,"length":0.5686777910498628},"p2":{"x":0,"y":64,"length":64},"rightArrow":"false","shape":"bezier","stroke":"dotted"},"typeID":"Arrow","w":"44","x":"953","y":"1570","zOrder":"1"},{"ID":"326","h":"64","measuredH":"64","measuredW":"210","properties":{"color":"2848996","curvature":"1","direction":"bottom","leftArrow":"false","p0":{"x":0,"y":0,"length":0},"p1":{"x":0.6469975327179537,"y":0.10750144461308028,"length":0.6558676451365921},"p2":{"x":210,"y":64,"length":219.5358740616212},"rightArrow":"false","shape":"bezier","stroke":"dotted"},"typeID":"Arrow","w":"210","x":"1024","y":"1491","zOrder":"2"},{"ID":"327","h":"190","measuredH":"189","measuredW":"205","properties":{"color":"2848996","curvature":"1","direction":"top","leftArrow":"false","p0":{"x":0,"y":3,"length":3},"p1":{"x":0.4996671930671748,"y":0.28262486785607077,"length":0.5740593347018152},"p2":{"x":205,"y":189,"length":278.82969712711736},"rightArrow":"false","shape":"bezier"},"typeID":"Arrow","w":"206","x":"520","y":"2136","zOrder":"3"},{"ID":"328","h":"56","measuredH":"55","measuredW":"64","properties":{"color":"2848996","curvature":"1","direction":"top","leftArrow":"false","p0":{"x":64,"y":55,"length":84.38601779915912},"p1":{"x":0.5073725600337035,"y":0.2641482937789639,"length":0.5720150660441488},"p2":{"x":0,"y":0,"length":0},"rightArrow":"false","shape":"bezier","stroke":"dotted"},"typeID":"Arrow","w":"65","x":"213","y":"2086","zOrder":"4"},{"ID":"329","h":"57","measuredH":"57","measuredW":"42","properties":{"color":"2848996","curvature":"-1","direction":"bottom","leftArrow":"false","p0":{"x":41.6666666666672,"y":0,"length":41.6666666666672},"p1":{"x":0.5941112538286724,"y":0.04050983104436302,"length":0.5954907458030897},"p2":{"x":0,"y":56.66666666666674,"length":56.66666666666674},"rightArrow":"false","shape":"bezier","stroke":"dotted"},"typeID":"Arrow","w":"42","x":"658","y":"1980","zOrder":"5"},{"ID":"330","h":"282","measuredH":"281","measuredW":"49","properties":{"color":"2848996","curvature":"1","direction":"bottom","leftArrow":"false","p0":{"x":0,"y":281,"length":281},"p1":{"x":0.4804581786141355,"y":-0.13676128138964064,"length":0.49954350109329715},"p2":{"x":22,"y":0,"length":22},"rightArrow":"false","shape":"bezier","stroke":"solid"},"typeID":"Arrow","w":"50","x":"427","y":"1842","zOrder":"6"},{"ID":"331","h":"1","measuredH":"2","measuredW":"43","properties":{"color":"2848996","curvature":"1","direction":"bottom","leftArrow":"false","p0":{"x":42.66666666666663,"y":1.328384025265565,"length":42.68734061244647},"p1":{"x":0.5684273538382602,"y":-0.016875231606852725,"length":0.5686777910498628},"p2":{"x":0,"y":0.383271768326493,"length":0.383271768326493},"rightArrow":"false","shape":"bezier","stroke":"dotted"},"typeID":"Arrow","w":"43","x":"654","y":"1964","zOrder":"7"},{"ID":"332","h":"43","measuredH":"43","measuredW":"39","properties":{"color":"2848996","curvature":"1","direction":"bottom","leftArrow":"false","p0":{"x":39,"y":43,"length":58.05170109479997},"p1":{"x":0.5684273538382602,"y":-0.016875231606852777,"length":0.5686777910498628},"p2":{"x":0,"y":0,"length":0},"rightArrow":"false","shape":"bezier","stroke":"dotted"},"typeID":"Arrow","w":"39","x":"657","y":"1921","zOrder":"8"},{"ID":"333","h":"34","measuredH":"34","measuredW":"40","properties":{"color":"2848996","curvature":"1","direction":"top","leftArrow":"false","p0":{"x":0,"y":33.66666666666674,"length":33.66666666666674},"p1":{"x":0.4988,"y":0.031599999999999955,"length":0.499799959983992},"p2":{"x":39.41051612824472,"y":0,"length":39.41051612824472},"rightArrow":"false","shape":"bezier","stroke":"dotted"},"typeID":"Arrow","w":"39","x":"657","y":"1971","zOrder":"9"},{"ID":"334","h":"107","measuredH":"108","measuredW":"13","properties":{"color":"2848996","curvature":"-1","direction":"top","leftArrow":"false","p0":{"x":12.333333333333371,"y":107.33333333333326,"length":108.03960179284049},"p1":{"x":0.5684273538382596,"y":-0.016875231606852795,"length":0.5686777910498624},"p2":{"x":0,"y":0,"length":0},"rightArrow":"false","shape":"bezier","stroke":"dotted"},"typeID":"Arrow","w":"12","x":"763","y":"1850","zOrder":"10"},{"ID":"335","h":"76","measuredH":"75","measuredW":"84","properties":{"color":"2848996","curvature":"-1","direction":"top","leftArrow":"false","p0":{"x":84,"y":75,"length":112.60994627474076},"p1":{"x":0.56842735383826,"y":-0.016875231606852743,"length":0.5686777910498628},"p2":{"x":0,"y":0,"length":0},"rightArrow":"false","shape":"bezier","stroke":"dotted"},"typeID":"Arrow","w":"85","x":"1004","y":"1904","zOrder":"11"},{"ID":"336","h":"69","measuredH":"70","measuredW":"2","properties":{"color":"2848996","curvature":"-1","direction":"top","leftArrow":"false","p0":{"x":0,"y":69.00000000000045,"length":69.00000000000045},"p1":{"x":0.5684273538382597,"y":-0.016875231606852746,"length":0.5686777910498624},"p2":{"x":1.3333333333333712,"y":0,"length":1.3333333333333712},"rightArrow":"false","shape":"bezier","stroke":"dotted"},"typeID":"Arrow","w":"2","x":"990","y":"1897","zOrder":"12"},{"ID":"337","h":"165","measuredH":"166","measuredW":"113","properties":{"color":"2848996","curvature":"-1","direction":"top","leftArrow":"false","p0":{"x":112.33333333333326,"y":165.33333333333326,"length":199.88468898064414},"p1":{"x":0.5684273538382603,"y":-0.016875231606852836,"length":0.5686777910498629},"p2":{"x":0,"y":0,"length":0},"rightArrow":"false","shape":"bezier","stroke":"dotted"},"typeID":"Arrow","w":"112","x":"1047","y":"1806","zOrder":"13"},{"ID":"338","h":"50","measuredH":"50","measuredW":"113","properties":{"color":"2848996","curvature":"-1","direction":"top","leftArrow":"false","p0":{"x":112.33333333333336,"y":49.66666666666674,"length":122.82326960130791},"p1":{"x":0.5684273538382599,"y":-0.016875231606852784,"length":0.5686777910498627},"p2":{"x":0,"y":0,"length":0},"rightArrow":"false","shape":"bezier","stroke":"dotted"},"typeID":"Arrow","w":"112","x":"753","y":"1833","zOrder":"14"},{"ID":"339","h":"112","measuredH":"112","measuredW":"105","properties":{"color":"2848996","curvature":"-1","direction":"top","leftArrow":"false","p0":{"x":104.33333333333326,"y":111.66666666666674,"length":152.82306399522582},"p1":{"x":0.5684273538382603,"y":-0.01687523160685287,"length":0.5686777910498629},"p2":{"x":0,"y":0,"length":0},"rightArrow":"false","shape":"bezier","stroke":"dotted"},"typeID":"Arrow","w":"104","x":"1055","y":"1815","zOrder":"15"},{"ID":"340","h":"72","measuredH":"73","measuredW":"103","properties":{"color":"2848996","curvature":"-1","direction":"top","leftArrow":"false","p0":{"x":103,"y":72.33333333333326,"length":125.86147588166564},"p1":{"x":0.5684273538382603,"y":-0.016875231606852687,"length":0.5686777910498629},"p2":{"x":0,"y":0,"length":0},"rightArrow":"false","shape":"bezier","stroke":"dotted"},"typeID":"Arrow","w":"103","x":"1057","y":"1809","zOrder":"16"},{"ID":"341","h":"36","measuredH":"36","measuredW":"105","properties":{"color":"2848996","curvature":"1","direction":"bottom","leftArrow":"false","p0":{"x":104.66666666666674,"y":35.66666666666674,"length":110.57677071710063},"p1":{"x":0.56842735383826,"y":-0.01687523160685275,"length":0.5686777910498628},"p2":{"x":0,"y":0,"length":0},"rightArrow":"false","shape":"bezier","stroke":"dotted"},"typeID":"Arrow","w":"105","x":"1058","y":"1801","zOrder":"17"},{"ID":"342","h":"2","measuredH":"3","measuredW":"99","properties":{"color":"2848996","curvature":"1","direction":"bottom","leftArrow":"false","p0":{"x":98.3333333333344,"y":0.9516147139185224,"length":98.33793782161796},"p1":{"x":0.5684273538382603,"y":-0.016875231606852767,"length":0.5686777910498629},"p2":{"x":0,"y":2.330316019519209,"length":2.330316019519209},"rightArrow":"false","shape":"bezier","stroke":"dotted"},"typeID":"Arrow","w":"98","x":"1054","y":"1791","zOrder":"18"},{"ID":"343","h":"154","measuredH":"153","measuredW":"5","properties":{"color":"2848996","curvature":"0","direction":"top","leftArrow":"false","p0":{"x":5,"y":153,"length":153.08167754502824},"p1":{"x":0.3921652300076813,"y":0.00025603823504313615,"length":0.3921653135892507},"p2":{"x":0,"y":0,"length":0},"rightArrow":"false","shape":"bezier","stroke":"dotted"},"typeID":"Arrow","w":"6","x":"1106","y":"834","zOrder":"19"},{"ID":"344","h":"108","measuredH":"107","measuredW":"3","properties":{"color":"2848996","curvature":"-1","direction":"top","leftArrow":"false","p0":{"x":3,"y":107,"length":107.0420478129973},"p1":{"x":0.39221504625589126,"y":-0.0109966835398848,"length":0.39236917508691643},"p2":{"x":0,"y":0,"length":0},"rightArrow":"false","shape":"bezier","stroke":"dotted"},"typeID":"Arrow","w":"4","x":"1066","y":"834","zOrder":"20"},{"ID":"345","h":"73","measuredH":"72","measuredW":"5","properties":{"color":"2848996","curvature":"1","direction":"top","leftArrow":"false","p0":{"x":5,"y":72,"length":72.17340230306452},"p1":{"x":0.3433950804737322,"y":0.04300030367446098,"length":0.34607688077890564},"p2":{"x":1,"y":0,"length":1},"rightArrow":"false","shape":"bezier","stroke":"dotted"},"typeID":"Arrow","w":"6","x":"1026","y":"830","zOrder":"21"},{"ID":"346","h":"64","measuredH":"140","measuredW":"200","properties":{"color":"16776960"},"typeID":"TextArea","w":"286","x":"855","y":"971","zOrder":"22"},{"ID":"347","measuredH":"23","measuredW":"199","properties":{"bold":"true","size":"15","text":"Compiling apps from source"},"typeID":"Label","w":"204","x":"896","y":"980","zOrder":"23"},{"ID":"348","h":"41","measuredH":"140","measuredW":"200","properties":{"color":"16776960"},"typeID":"TextArea","w":"188","x":"855","y":"884","zOrder":"24"},{"ID":"349","measuredH":"23","measuredW":"151","properties":{"bold":"true","size":"15","text":"Learn Bash Scripting"},"typeID":"Label","w":"153","x":"873","y":"893","zOrder":"25"},{"ID":"350","measuredH":"23","measuredW":"251","properties":{"bold":"true","size":"15","text":"(gcc, make and other related stuff)"},"typeID":"Label","w":"255","x":"871","y":"1000","zOrder":"26"},{"ID":"351","h":"40","measuredH":"140","measuredW":"200","properties":{"color":"16776960"},"typeID":"TextArea","w":"230","x":"855","y":"928","zOrder":"27"},{"ID":"352","measuredH":"23","measuredW":"207","properties":{"bold":"true","size":"15","text":"Vim/Nano/PowerShell/Emacs"},"typeID":"Label","w":"211","x":"865","y":"936","zOrder":"28"},{"ID":"353","h":"104","measuredH":"140","measuredW":"200","properties":{"color":"16777215"},"typeID":"TextArea","w":"270","x":"580","y":"884","zOrder":"29"},{"ID":"354","h":"40","measuredH":"140","measuredW":"200","properties":{"borderColor":"16777215","color":"16776960"},"typeID":"TextArea","w":"218","x":"614","y":"887","zOrder":"30"},{"ID":"355","measuredH":"23","measuredW":"165","properties":{"bold":"true","size":"15","text":"Text Manipulation Tools"},"typeID":"Label","w":"169","x":"637","y":"897","zOrder":"31"},{"ID":"356","measuredH":"22","measuredW":"224","properties":{"bold":"true","size":"14","text":"awk, sed, grep, sort, uniq, cat, cut"},"typeID":"Label","w":"231","x":"604","y":"931","zOrder":"32"},{"ID":"357","measuredH":"22","measuredW":"208","properties":{"bold":"true","size":"14","text":"echo, fmt, tr, nl, egrep, fgrep, wc"},"typeID":"Label","w":"228","x":"604","y":"954","zOrder":"33"},{"ID":"358","h":"78","measuredH":"140","measuredW":"200","properties":{"color":"16777215"},"typeID":"TextArea","w":"268","x":"582","y":"992","zOrder":"34"},{"ID":"359","h":"40","measuredH":"140","measuredW":"200","properties":{"borderColor":"16777215","color":"16776960"},"typeID":"TextArea","w":"218","x":"616","y":"995","zOrder":"35"},{"ID":"360","measuredH":"23","measuredW":"138","properties":{"bold":"true","size":"15","text":"Process Monitoring"},"typeID":"Label","w":"169","x":"639","y":"1005","zOrder":"36"},{"ID":"361","measuredH":"22","measuredW":"146","properties":{"bold":"true","size":"14","text":"ps, top, htop, atop, lsof"},"typeID":"Label","w":"159","x":"647","y":"1038","zOrder":"37"},{"ID":"362","h":"78","measuredH":"140","measuredW":"200","properties":{"color":"16777215"},"typeID":"TextArea","w":"229","x":"856","y":"1039","zOrder":"38"},{"ID":"363","h":"40","measuredH":"140","measuredW":"200","properties":{"borderColor":"16777215","color":"16776960"},"typeID":"TextArea","w":"218","x":"862","y":"1043","zOrder":"39"},{"ID":"364","measuredH":"23","measuredW":"152","properties":{"bold":"true","size":"15","text":"System Performance"},"typeID":"Label","w":"169","x":"885","y":"1053","zOrder":"40"},{"ID":"365","measuredH":"22","measuredW":"163","properties":{"bold":"true","size":"14","text":"nmon, iostat, sar, vmstat"},"typeID":"Label","w":"172","x":"885","y":"1086","zOrder":"41"},{"ID":"366","h":"126","measuredH":"140","measuredW":"200","properties":{"color":"16777215"},"typeID":"TextArea","w":"268","x":"582","y":"1075","zOrder":"42"},{"ID":"367","h":"40","measuredH":"140","measuredW":"200","properties":{"borderColor":"16777215","color":"16776960"},"typeID":"TextArea","w":"218","x":"610","y":"1083","zOrder":"43"},{"ID":"368","measuredH":"23","measuredW":"59","properties":{"bold":"true","size":"15","text":"Network"},"typeID":"Label","w":"68","x":"685","y":"1093","zOrder":"44"},{"ID":"369","measuredH":"22","measuredW":"240","properties":{"bold":"true","size":"14","text":"nmap, tcpdump, ping, mtr, traceroute"},"typeID":"Label","w":"243","x":"598","y":"1128","zOrder":"45"},{"ID":"370","measuredH":"22","measuredW":"200","properties":{"bold":"true","size":"14","text":"airmon, airodump, dig, iptables"},"typeID":"Label","w":"204","x":"617","y":"1150","zOrder":"46"},{"ID":"371","h":"78","measuredH":"140","measuredW":"200","properties":{"color":"16777215"},"typeID":"TextArea","w":"285","x":"856","y":"1122","zOrder":"47"},{"ID":"372","h":"40","measuredH":"140","measuredW":"200","properties":{"borderColor":"16777215","color":"16776960"},"typeID":"TextArea","w":"76","x":"862","y":"1138","zOrder":"48"},{"ID":"373","measuredH":"23","measuredW":"50","properties":{"bold":"true","size":"15","text":"Others"},"typeID":"Label","w":"57","x":"871","y":"1147","zOrder":"49"},{"ID":"374","measuredH":"22","measuredW":"171","properties":{"bold":"true","size":"14","text":"strace, dtrace, systemtap"},"typeID":"Label","w":"172","x":"954","y":"1139","zOrder":"50"},{"ID":"375","measuredH":"22","measuredW":"116","properties":{"bold":"true","size":"14","text":"uname, df, history"},"typeID":"Label","w":"172","x":"954","y":"1159","zOrder":"51"},{"ID":"376","h":"33","measuredH":"33","measuredW":"108","properties":{"color":"2848996","curvature":"1","direction":"bottom","leftArrow":"false","p0":{"x":108,"y":0,"length":108},"p1":{"x":0.5684273538382599,"y":-0.016875231606852767,"length":0.5686777910498627},"p2":{"x":0,"y":33,"length":33},"rightArrow":"false","shape":"bezier","stroke":"dotted"},"typeID":"Arrow","w":"108","x":"763","y":"1801","zOrder":"52"},{"ID":"377","h":"219","measuredH":"218","measuredW":"73","properties":{"color":"2848996","curvature":"1","direction":"top","leftArrow":"false","p0":{"x":73,"y":218,"length":229.8978033822855},"p1":{"x":0.4707334554431791,"y":0.20422871705025086,"length":0.5131270358707158},"p2":{"x":21,"y":0,"length":21},"rightArrow":"false","shape":"bezier","stroke":"solid"},"typeID":"Arrow","w":"74","x":"362","y":"1599","zOrder":"53"},{"ID":"378","h":"58","measuredH":"57","measuredW":"6","properties":{"color":"2848996","curvature":"1","direction":"bottom","leftArrow":"false","p0":{"x":6,"y":0,"length":6},"p1":{"x":0.5684273538382604,"y":-0.01687523160685275,"length":0.5686777910498632},"p2":{"x":0,"y":57,"length":57},"rightArrow":"false","shape":"bezier","stroke":"dotted"},"typeID":"Arrow","w":"7","x":"207","y":"1593","zOrder":"54"},{"ID":"379","h":"104","measuredH":"103","measuredW":"351","properties":{"color":"2848996","curvature":"1","direction":"bottom","leftArrow":"false","p0":{"x":351,"y":5,"length":351.03561072916807},"p1":{"x":0.6352396370618576,"y":-0.1431723203192651,"length":0.6511741009899601},"p2":{"x":0,"y":103,"length":103},"rightArrow":"false","shape":"bezier","stroke":"solid"},"typeID":"Arrow","w":"352","x":"387","y":"1475","zOrder":"55"},{"ID":"380","h":"55","measuredH":"54","measuredW":"207","properties":{"color":"2848996","curvature":"1","direction":"bottom","leftArrow":"false","p0":{"x":207,"y":0,"length":207},"p1":{"x":0.6815856777493605,"y":-0.0997442455242967,"length":0.6888453749777712},"p2":{"x":0,"y":54,"length":54},"rightArrow":"false","shape":"bezier","stroke":"dotted"},"typeID":"Arrow","w":"208","x":"537","y":"1494","zOrder":"56"},{"ID":"381","h":"54","measuredH":"53","measuredW":"42","properties":{"color":"2848996","curvature":"-1","direction":"top","leftArrow":"false","p0":{"x":0,"y":0,"length":0},"p1":{"x":0.5684273538382603,"y":-0.01687523160685284,"length":0.5686777910498629},"p2":{"x":42,"y":53,"length":67.62396025078685},"rightArrow":"false","shape":"bezier","stroke":"dotted"},"typeID":"Arrow","w":"43","x":"746","y":"1580","zOrder":"57"},{"ID":"382","h":"65","measuredH":"64","measuredW":"43","properties":{"color":"2848996","curvature":"1","direction":"bottom","leftArrow":"false","p0":{"x":43,"y":0,"length":43},"p1":{"x":0.56842735383826,"y":-0.0168752316068528,"length":0.5686777910498628},"p2":{"x":0,"y":64,"length":64},"rightArrow":"false","shape":"bezier","stroke":"dotted"},"typeID":"Arrow","w":"44","x":"693","y":"1570","zOrder":"58"},{"ID":"383","h":"70","measuredH":"69","measuredW":"36","properties":{"color":"2848996","curvature":"1","direction":"bottom","leftArrow":"false","p0":{"x":36,"y":0,"length":36},"p1":{"x":0.56842735383826,"y":-0.016875231606852722,"length":0.5686777910498628},"p2":{"x":0,"y":69,"length":69},"rightArrow":"false","shape":"bezier","stroke":"dotted"},"typeID":"Arrow","w":"37","x":"796","y":"1492","zOrder":"59"},{"ID":"384","h":"66","measuredH":"65","measuredW":"2","properties":{"color":"2848996","curvature":"-1","direction":"top","leftArrow":"false","p0":{"x":1,"y":0,"length":1},"p1":{"x":0.56842735383826,"y":-0.01687523160685271,"length":0.5686777910498628},"p2":{"x":2,"y":65,"length":65.03076195155643},"rightArrow":"false","shape":"bezier","stroke":"dotted"},"typeID":"Arrow","w":"3","x":"1232","y":"1575","zOrder":"60"},{"ID":"385","h":"45","measuredH":"45","measuredW":"32","properties":{"color":"2848996","curvature":"-1","direction":"top","leftArrow":"false","p0":{"x":0,"y":0,"length":0},"p1":{"x":0.5684273538382599,"y":-0.01687523160685271,"length":0.5686777910498627},"p2":{"x":32,"y":45,"length":55.21775076911409},"rightArrow":"false","shape":"bezier","stroke":"dotted"},"typeID":"Arrow","w":"32","x":"964","y":"1508","zOrder":"61"},{"ID":"386","h":"71","measuredH":"70","measuredW":"6","properties":{"color":"2848996","curvature":"-1","direction":"bottom","leftArrow":"false","p0":{"x":6,"y":0,"length":6},"p1":{"x":0.55,"y":0.024999999999999935,"length":0.550567888638631},"p2":{"x":0,"y":70,"length":70},"rightArrow":"false","shape":"bezier","stroke":"dotted"},"typeID":"Arrow","w":"7","x":"464","y":"1264","zOrder":"62"},{"ID":"387","h":"64","measuredH":"63","measuredW":"78","properties":{"color":"2848996","curvature":"0","direction":"top","leftArrow":"false","p0":{"x":0,"y":0,"length":0},"p1":{"x":0.40013162224415905,"y":0.005923000987166839,"length":0.4001754578437268},"p2":{"x":78,"y":63,"length":100.26464980241042},"rightArrow":"false","shape":"bezier","stroke":"dotted"},"typeID":"Arrow","w":"79","x":"787","y":"1247","zOrder":"63"},{"ID":"388","h":"47","measuredH":"46","measuredW":"34","properties":{"color":"2848996","curvature":"1","direction":"top","leftArrow":"false","p0":{"x":34,"y":46,"length":57.201398584300364},"p1":{"x":0.40610013427968555,"y":0.19892576251678504,"length":0.45220435430772116},"p2":{"x":0,"y":0,"length":0},"rightArrow":"false","shape":"bezier","stroke":"dotted"},"typeID":"Arrow","w":"35","x":"216","y":"1037","zOrder":"64"},{"ID":"389","h":"48","measuredH":"47","measuredW":"45","properties":{"color":"2848996","curvature":"-1","direction":"bottom","leftArrow":"false","p0":{"x":0,"y":47,"length":47},"p1":{"x":0.5474728389230042,"y":0.18375059045819558,"length":0.577486613569656},"p2":{"x":45,"y":0,"length":45},"rightArrow":"false","shape":"bezier","stroke":"dotted"},"typeID":"Arrow","w":"46","x":"203","y":"1094","zOrder":"65"},{"ID":"390","h":"34","measuredH":"33","measuredW":"124","properties":{"color":"2848996","curvature":"1","direction":"top","leftArrow":"false","p0":{"x":124,"y":33,"length":128.3160161476345},"p1":{"x":0.3433950804737322,"y":0.04300030367446098,"length":0.34607688077890564},"p2":{"x":0,"y":0,"length":0},"rightArrow":"false","shape":"bezier","stroke":"dotted"},"typeID":"Arrow","w":"125","x":"848","y":"644","zOrder":"66"},{"ID":"391","h":"45","measuredH":"44","measuredW":"77","properties":{"color":"2848996","curvature":"1","direction":"bottom","leftArrow":"false","p0":{"x":77,"y":0,"length":77},"p1":{"x":0.41515434985968175,"y":-0.026566884939195477,"length":0.4160035259259079},"p2":{"x":0,"y":44,"length":44},"rightArrow":"false","shape":"bezier","stroke":"dotted"},"typeID":"Arrow","w":"78","x":"866","y":"585","zOrder":"67"},{"ID":"392","h":"40","measuredH":"39","measuredW":"90","properties":{"color":"2848996","curvature":"1","direction":"top","leftArrow":"false","p0":{"x":0,"y":0,"length":0},"p1":{"x":0.6399394856278366,"y":0.1664145234493191,"length":0.6612233653467519},"p2":{"x":90,"y":39,"length":98.08669634563088},"rightArrow":"false","shape":"bezier","stroke":"solid"},"typeID":"Arrow","w":"91","x":"854","y":"762","zOrder":"68"},{"ID":"393","h":"57","measuredH":"56","measuredW":"2","properties":{"color":"2848996","curvature":"1","direction":"bottom","leftArrow":"false","p0":{"x":2,"y":0,"length":2},"p1":{"x":0.35250000000000015,"y":-0.017499999999999967,"length":0.35293412983161615},"p2":{"x":1,"y":56,"length":56.00892785976178},"rightArrow":"false","shape":"bezier","stroke":"dotted"},"typeID":"Arrow","w":"3","x":"313","y":"758","zOrder":"69"},{"ID":"394","h":"220","measuredH":"219","measuredW":"149","properties":{"color":"2848996","curvature":"1","direction":"top","leftArrow":"false","p0":{"x":0,"y":0,"length":0},"p1":{"x":0.4950543028990049,"y":0.1974288076166585,"length":0.5329698836667558},"p2":{"x":149,"y":219,"length":264.8811054039151},"rightArrow":"false","shape":"bezier","stroke":"solid"},"typeID":"Arrow","w":"149","x":"684","y":"1259","zOrder":"70"},{"ID":"395","h":"95","measuredH":"94","measuredW":"2","properties":{"color":"2848996","curvature":"-1","direction":"top","leftArrow":"false","p0":{"x":1,"y":0,"length":1},"p1":{"x":0.6144578313253012,"y":-0.012048192771084333,"length":0.6145759395111734},"p2":{"x":2,"y":94,"length":94.02127418834527},"rightArrow":"false","shape":"bezier","stroke":"dotted"},"typeID":"Arrow","w":"3","x":"603","y":"1261","zOrder":"71"},{"ID":"396","h":"53","measuredH":"52","measuredW":"79","properties":{"color":"2848996","curvature":"0","direction":"bottom","leftArrow":"false","p0":{"x":0,"y":52,"length":52},"p1":{"x":0.3488372093023255,"y":0.005813953488372137,"length":0.3488856555506394},"p2":{"x":79,"y":0,"length":79},"rightArrow":"false","shape":"bezier","stroke":"dotted"},"typeID":"Arrow","w":"80","x":"1005","y":"1251","zOrder":"72"},{"ID":"397","h":"96","measuredH":"95","measuredW":"83","properties":{"color":"2848996","curvature":"-1","direction":"top","leftArrow":"false","p0":{"x":0,"y":0,"length":0},"p1":{"x":0.3999439854362135,"y":-0.036969612099145746,"length":0.4016490305046976},"p2":{"x":83,"y":95,"length":126.15070352558483},"rightArrow":"false","shape":"bezier","stroke":"dotted"},"typeID":"Arrow","w":"84","x":"1001","y":"1339","zOrder":"73"},{"ID":"398","h":"60","measuredH":"59","measuredW":"75","properties":{"color":"2848996","curvature":"-1","direction":"top","leftArrow":"false","p0":{"x":0,"y":0,"length":0},"p1":{"x":0.39994398543621346,"y":-0.03696961209914577,"length":0.4016490305046975},"p2":{"x":75,"y":59,"length":95.42536350467836},"rightArrow":"false","shape":"bezier","stroke":"dotted"},"typeID":"Arrow","w":"76","x":"1007","y":"1329","zOrder":"74"},{"ID":"399","h":"16","measuredH":"15","measuredW":"71","properties":{"color":"2848996","curvature":"0","direction":"top","leftArrow":"false","p0":{"x":0,"y":0,"length":0},"p1":{"x":0.3488372093023254,"y":0.005813953488372056,"length":0.34888565555063933},"p2":{"x":71,"y":15,"length":72.56721022610694},"rightArrow":"false","shape":"bezier","stroke":"dotted"},"typeID":"Arrow","w":"72","x":"1011","y":"1323","zOrder":"75"},{"ID":"400","h":"19","measuredH":"18","measuredW":"74","properties":{"color":"2848996","curvature":"0","direction":"bottom","leftArrow":"false","p0":{"x":0,"y":18,"length":18},"p1":{"x":0.348837209302325,"y":0.005813953488372172,"length":0.3488856555506389},"p2":{"x":74,"y":0,"length":74},"rightArrow":"false","shape":"bezier","stroke":"dotted"},"typeID":"Arrow","w":"75","x":"1001","y":"1297","zOrder":"76"},{"ID":"401","h":"130","measuredH":"129","measuredW":"160","properties":{"color":"2848996","curvature":"-1","direction":"top","leftArrow":"false","p0":{"x":0,"y":0,"length":0},"p1":{"x":0.4699936081058687,"y":-0.10231765346464336,"length":0.48100196867672357},"p2":{"x":160,"y":129,"length":205.526154053444},"rightArrow":"false","shape":"bezier","stroke":"solid"},"typeID":"Arrow","w":"161","x":"436","y":"1104","zOrder":"77"},{"ID":"402","h":"239","measuredH":"238","measuredW":"129","properties":{"color":"2848996","curvature":"1","direction":"bottom","leftArrow":"false","p0":{"x":129,"y":0,"length":129},"p1":{"x":0.5446521822273871,"y":-0.11694444035833539,"length":0.5570655273267043},"p2":{"x":1,"y":238,"length":238.0021008310641},"rightArrow":"false","shape":"bezier","stroke":"solid"},"typeID":"Arrow","w":"130","x":"426","y":"834","zOrder":"78"},{"ID":"403","h":"4","measuredH":"3","measuredW":"146","properties":{"color":"2848996","curvature":"0","direction":"top","leftArrow":"false","p0":{"x":0,"y":0,"length":0},"p1":{"x":0.35159873077861853,"y":-0.002318769831584085,"length":0.35160637676052936},"p2":{"x":146,"y":3,"length":146.03081866510234},"rightArrow":"false","shape":"bezier","stroke":"solid"},"typeID":"Arrow","w":"147","x":"349","y":"751","zOrder":"79"},{"ID":"404","h":"62","measuredH":"61","measuredW":"14","properties":{"color":"2848996","curvature":"1","direction":"top","leftArrow":"false","p0":{"x":0,"y":0,"length":0},"p1":{"x":0.5107471852610039,"y":0.2082906857727739,"length":0.5515865272391365},"p2":{"x":3,"y":61,"length":61.07372593840988},"rightArrow":"false","shape":"bezier","stroke":"solid"},"typeID":"Arrow","w":"15","x":"621","y":"656","zOrder":"80"},{"ID":"405","h":"11","measuredH":"10","measuredW":"103","properties":{"color":"2848996","curvature":"1","direction":"bottom","leftArrow":"false","p0":{"x":103,"y":1,"length":103.00485425454472},"p1":{"x":0.41515434985968175,"y":-0.02656688493919549,"length":0.4160035259259079},"p2":{"x":0,"y":10,"length":10},"rightArrow":"false","shape":"bezier","stroke":"dotted"},"typeID":"Arrow","w":"104","x":"861","y":"630","zOrder":"81"},{"ID":"406","h":"36","measuredH":"35","measuredW":"91","properties":{"color":"2848996","curvature":"1","direction":"bottom","leftArrow":"false","p0":{"x":0,"y":35,"length":35},"p1":{"x":0.3525,"y":-0.017500000000000012,"length":0.352934129831616},"p2":{"x":91,"y":0,"length":91},"rightArrow":"false","shape":"bezier","stroke":"dotted"},"typeID":"Arrow","w":"92","x":"410","y":"643","zOrder":"82"},{"ID":"407","h":"8","measuredH":"7","measuredW":"85","properties":{"color":"2848996","curvature":"-1","direction":"top","leftArrow":"false","p0":{"x":0,"y":0,"length":0},"p1":{"x":0.35250000000000004,"y":-0.01750000000000001,"length":0.35293412983161604},"p2":{"x":85,"y":7,"length":85.28774824088158},"rightArrow":"false","shape":"bezier","stroke":"dotted"},"typeID":"Arrow","w":"86","x":"408","y":"635","zOrder":"83"},{"ID":"408","h":"60","measuredH":"59","measuredW":"95","properties":{"color":"2848996","curvature":"-1","direction":"top","leftArrow":"false","p0":{"x":0,"y":0,"length":0},"p1":{"x":0.3525,"y":-0.017500000000000036,"length":0.35293412983161604},"p2":{"x":95,"y":59,"length":111.83022847155415},"rightArrow":"false","shape":"bezier","stroke":"dotted"},"typeID":"Arrow","w":"96","x":"407","y":"583","zOrder":"84"},{"ID":"409","h":"85","measuredH":"84","measuredW":"23","properties":{"color":"2848996","curvature":"1","direction":"bottom","leftArrow":"false","p0":{"x":23,"y":0,"length":23},"p1":{"x":0.492839214528274,"y":-0.20183079875978152,"length":0.5325656416864099},"p2":{"x":13,"y":84,"length":85},"rightArrow":"false","shape":"bezier","stroke":"solid"},"typeID":"Arrow","w":"24","x":"597","y":"538","zOrder":"85"},{"ID":"410","h":"97","measuredH":"140","measuredW":"200","properties":{"color":"16770457"},"typeID":"TextArea","w":"341","x":"484","y":"448","zOrder":"86"},{"ID":"411","h":"54","measuredH":"53","measuredW":"166","properties":{"color":"2848996","curvature":"1","direction":"top","leftArrow":"false","p0":{"x":166,"y":53},"p1":{"x":0.3433950804737322,"y":0.04300030367446098},"p2":{"x":0,"y":0},"rightArrow":"false","shape":"bezier","stroke":"dotted"},"typeID":"Arrow","w":"167","x":"817","y":"428","zOrder":"87"},{"ID":"412","h":"12","measuredH":"11","measuredW":"173","properties":{"color":"2848996","curvature":"1","direction":"top","leftArrow":"false","p0":{"x":173,"y":11},"p1":{"x":0.35191347753743757,"y":0.0108153078202995},"p2":{"x":0,"y":0},"rightArrow":"false","shape":"bezier","stroke":"dotted"},"typeID":"Arrow","w":"174","x":"814","y":"422","zOrder":"88"},{"ID":"413","h":"30","measuredH":"29","measuredW":"183","properties":{"color":"2848996","curvature":"1","direction":"bottom","leftArrow":"false","p0":{"x":183,"y":1},"p1":{"x":0.37895270841553463,"y":-0.035454596696916744},"p2":{"x":0,"y":29},"rightArrow":"false","shape":"bezier","stroke":"dotted"},"typeID":"Arrow","w":"184","x":"803","y":"388","zOrder":"89"},{"ID":"414","h":"41","measuredH":"40","measuredW":"120","properties":{"color":"2848996","curvature":"1","direction":"bottom","leftArrow":"false","p0":{"x":0,"y":40,"length":40},"p1":{"x":0.3525,"y":-0.0175,"length":0.352934129831616},"p2":{"x":120,"y":0,"length":120},"rightArrow":"false","shape":"bezier","stroke":"dotted"},"typeID":"Arrow","w":"121","x":"383","y":"429","zOrder":"90"},{"ID":"415","h":"5","measuredH":"4","measuredW":"118","properties":{"color":"2848996","curvature":"-1","direction":"bottom","leftArrow":"false","p0":{"x":0,"y":4,"length":4},"p1":{"x":0.3816771970132108,"y":0.01895462377943711,"length":0.38214756375316766},"p2":{"x":118,"y":2,"length":118.01694793545543},"rightArrow":"false","shape":"bezier","stroke":"dotted"},"typeID":"Arrow","w":"119","x":"388","y":"419","zOrder":"91"},{"ID":"416","h":"34","measuredH":"33","measuredW":"109","properties":{"color":"2848996","curvature":"1","direction":"top","leftArrow":"false","p0":{"x":0,"y":1,"length":1},"p1":{"x":0.3586981790003874,"y":0.059434327779930254,"length":0.3635888102470236},"p2":{"x":109,"y":33,"length":113.8859078200635},"rightArrow":"false","shape":"bezier","stroke":"dotted"},"typeID":"Arrow","w":"110","x":"387","y":"378","zOrder":"92"},{"ID":"417","measuredH":"40","measuredW":"119","properties":{"bold":"true","size":"32","text":"DevOps"},"typeID":"Label","x":"578","y":"236","zOrder":"93"},{"ID":"418","h":"68","measuredH":"67","measuredW":"15","properties":{"color":"2848996","curvature":"-1","direction":"bottom","leftArrow":"false","p0":{"x":13,"y":0,"length":13},"p1":{"x":0.46601941747572834,"y":0.1067961165048544,"length":0.4780998932910732},"p2":{"x":0,"y":67,"length":67},"rightArrow":"false","shape":"bezier","stroke":"dotted"},"typeID":"Arrow","w":"16","x":"642","y":"161","zOrder":"94"},{"ID":"419","h":"117","measuredH":"116","measuredW":"27","properties":{"color":"2848996","curvature":"-1","direction":"top","leftArrow":"false","p0":{"x":14,"y":0},"p1":{"x":0.49697831496622813,"y":-0.169925346605048},"p2":{"x":27,"y":116},"rightArrow":"false","shape":"bezier","stroke":"solid"},"typeID":"Arrow","w":"28","x":"605","y":"292","zOrder":"95"},{"ID":"424","h":"53","measuredH":"140","measuredW":"200","properties":{"color":"16776960"},"typeID":"TextArea","w":"341","x":"484","y":"389","zOrder":"96"},{"ID":"425","measuredH":"25","measuredW":"255","properties":{"bold":"true","size":"17","text":"Learn a Programming Language"},"typeID":"Label","x":"534","y":"403","zOrder":"97"},{"ID":"426","measuredH":"24","measuredW":"24","properties":{"color":"10027263","icon":{"ID":"circle","size":"small"}},"typeID":"Icon","x":"500","y":"403","zOrder":"98"},{"ID":"427","measuredH":"21","measuredW":"10","properties":{"bold":"true","color":"16777215","text":"1"},"typeID":"Label","x":"509","y":"405","zOrder":"99"},{"ID":"428","h":"41","measuredH":"140","measuredW":"200","properties":{"color":"16770457"},"typeID":"TextArea","w":"141","x":"259","y":"399","zOrder":"100"},{"ID":"429","measuredH":"25","measuredW":"40","properties":{"bold":"true","size":"17","text":"Ruby"},"typeID":"Label","w":"45","x":"299","y":"408","zOrder":"101"},{"ID":"430","h":"41","measuredH":"140","measuredW":"200","properties":{"color":"16770457"},"typeID":"TextArea","w":"141","x":"259","y":"354","zOrder":"102"},{"ID":"431","measuredH":"25","measuredW":"56","properties":{"bold":"true","size":"17","text":"Python"},"typeID":"Label","w":"68","x":"298","y":"363","zOrder":"103"},{"ID":"432","h":"43","measuredH":"140","measuredW":"200","properties":{"color":"16770457","textColor":"16776960"},"typeID":"TextArea","w":"141","x":"259","y":"445","zOrder":"104"},{"ID":"433","measuredH":"25","measuredW":"61","properties":{"bold":"true","size":"17","text":"Node.js"},"typeID":"Label","w":"68","x":"299","y":"454","zOrder":"105"},{"ID":"434","h":"41","measuredH":"140","measuredW":"200","properties":{"color":"16770457","textColor":"16776960"},"typeID":"TextArea","w":"141","x":"985","y":"369","zOrder":"106"},{"ID":"435","measuredH":"25","measuredW":"23","properties":{"bold":"true","size":"17","text":"Go"},"typeID":"Label","w":"38","x":"1038","y":"377","zOrder":"107"},{"ID":"436","h":"41","measuredH":"140","measuredW":"200","properties":{"color":"16770457","textColor":"16776960"},"typeID":"TextArea","w":"141","x":"986","y":"414","zOrder":"108"},{"ID":"437","measuredH":"25","measuredW":"38","properties":{"bold":"true","size":"17","text":"Rust"},"typeID":"Label","w":"50","x":"1038","y":"422","zOrder":"109"},{"ID":"438","h":"41","measuredH":"140","measuredW":"200","properties":{"color":"16770457","textColor":"16776960"},"typeID":"TextArea","w":"141","x":"985","y":"460","zOrder":"110"},{"ID":"439","measuredH":"25","measuredW":"65","properties":{"bold":"true","size":"17","text":"C / C++"},"typeID":"Label","w":"73","x":"1027","y":"468","zOrder":"111"},{"ID":"440","measuredH":"25","measuredW":"275","properties":{"color":"0","size":"17","text":"Doesn't matter which language you "},"typeID":"Label","x":"499","y":"458","zOrder":"112"},{"ID":"441","measuredH":"25","measuredW":"289","properties":{"color":"0","size":"17","text":"pick, key is to get some programming"},"typeID":"Label","x":"499","y":"484","zOrder":"113"},{"ID":"442","measuredH":"25","measuredW":"83","properties":{"color":"0","size":"17","text":"knowledge"},"typeID":"Label","x":"499","y":"510","zOrder":"114"},{"ID":"443","h":"129","measuredH":"140","measuredW":"200","properties":{"color":"16776960","text":""},"typeID":"TextArea","w":"386","x":"483","y":"715","zOrder":"115"},{"ID":"444","measuredH":"25","measuredW":"248","properties":{"bold":"true","size":"17","text":"Learn about Managing Servers"},"typeID":"Label","x":"528","y":"729","zOrder":"116"},{"ID":"445","measuredH":"24","measuredW":"24","properties":{"color":"10027263","icon":{"ID":"circle","size":"small"}},"typeID":"Icon","x":"494","y":"729","zOrder":"117"},{"ID":"446","measuredH":"21","measuredW":"10","properties":{"bold":"true","color":"16777215","text":"3"},"typeID":"Label","x":"502","y":"731","zOrder":"118"},{"ID":"447","measuredH":"23","measuredW":"352","properties":{"size":"15","text":"Get some administration in some OS. Especially any"},"typeID":"Label","w":"352","x":"498","y":"760","zOrder":"119"},{"ID":"448","measuredH":"23","measuredW":"345","properties":{"size":"15","text":"Linux distribution. Pick Ubuntu if you have a little to"},"typeID":"Label","w":"352","x":"498","y":"784","zOrder":"120"},{"ID":"449","h":"54","measuredH":"140","measuredW":"200","properties":{"color":"16776960","text":""},"typeID":"TextArea","w":"386","x":"484","y":"611","zOrder":"121"},{"ID":"450","measuredH":"25","measuredW":"282","properties":{"bold":"true","size":"17","text":"Understand different OS Concepts"},"typeID":"Label","x":"533","y":"626","zOrder":"122"},{"ID":"451","measuredH":"24","measuredW":"24","properties":{"color":"10027263","icon":{"ID":"circle","size":"small"}},"typeID":"Icon","x":"500","y":"625","zOrder":"123"},{"ID":"452","measuredH":"21","measuredW":"10","properties":{"bold":"true","color":"16777215","text":"2"},"typeID":"Label","x":"508","y":"627","zOrder":"124"},{"ID":"453","h":"40","measuredH":"140","measuredW":"200","properties":{"color":"16770457"},"typeID":"TextArea","w":"207","x":"217","y":"565","zOrder":"125"},{"ID":"454","measuredH":"23","measuredW":"155","properties":{"bold":"true","size":"15","text":"Process Management"},"typeID":"Label","w":"156","x":"243","y":"574","zOrder":"126"},{"ID":"455","h":"40","measuredH":"140","measuredW":"200","properties":{"color":"16770457"},"typeID":"TextArea","w":"207","x":"217","y":"610","zOrder":"127"},{"ID":"456","measuredH":"23","measuredW":"184","properties":{"bold":"true","size":"15","text":"Threads and Concurrency"},"typeID":"Label","w":"198","x":"227","y":"618","zOrder":"128"},{"ID":"457","h":"40","measuredH":"140","measuredW":"200","properties":{"color":"16770457"},"typeID":"TextArea","w":"207","x":"217","y":"657","zOrder":"129"},{"ID":"458","measuredH":"23","measuredW":"58","properties":{"bold":"true","size":"15","text":"Sockets"},"typeID":"Label","w":"66","x":"288","y":"666","zOrder":"130"},{"ID":"459","h":"40","measuredH":"140","measuredW":"200","properties":{"color":"16770457"},"typeID":"TextArea","x":"928","y":"653","zOrder":"131"},{"ID":"460","measuredH":"23","measuredW":"119","properties":{"bold":"true","size":"15","text":"Memory/Storage"},"typeID":"Label","w":"123","x":"965","y":"661","zOrder":"132"},{"ID":"461","h":"40","measuredH":"140","measuredW":"200","properties":{"color":"16770457"},"typeID":"TextArea","x":"928","y":"562","zOrder":"133"},{"ID":"462","measuredH":"23","measuredW":"120","properties":{"bold":"true","size":"15","text":"I/O Management"},"typeID":"Label","w":"123","x":"967","y":"571","zOrder":"134"},{"ID":"463","h":"40","measuredH":"140","measuredW":"200","properties":{"color":"16770457"},"typeID":"TextArea","x":"928","y":"607","zOrder":"135"},{"ID":"464","measuredH":"23","measuredW":"95","properties":{"bold":"true","size":"15","text":"Virtualization"},"typeID":"Label","w":"102","x":"977","y":"616","zOrder":"136"},{"ID":"465","measuredH":"23","measuredW":"172","properties":{"size":"15","text":"no experience with Linux."},"typeID":"Label","w":"183","x":"496","y":"809","zOrder":"137"},{"ID":"466","h":"40","measuredH":"140","measuredW":"200","properties":{"color":"16776960"},"typeID":"TextArea","x":"220","y":"811","zOrder":"138"},{"ID":"467","measuredH":"23","measuredW":"37","properties":{"bold":"true","size":"15","text":"Linux"},"typeID":"Label","w":"45","x":"295","y":"820","zOrder":"139"},{"ID":"468","h":"40","measuredH":"140","measuredW":"200","properties":{"color":"16770457"},"typeID":"TextArea","x":"220","y":"856","zOrder":"140"},{"ID":"469","measuredH":"23","measuredW":"31","properties":{"bold":"true","size":"15","text":"Unix"},"typeID":"Label","w":"45","x":"295","y":"865","zOrder":"141"},{"ID":"470","h":"40","measuredH":"140","measuredW":"200","properties":{"color":"16770457"},"typeID":"TextArea","x":"220","y":"900","zOrder":"142"},{"ID":"471","measuredH":"23","measuredW":"63","properties":{"bold":"true","size":"15","text":"Windows"},"typeID":"Label","w":"67","x":"284","y":"909","zOrder":"143"},{"ID":"472","h":"49","measuredH":"140","measuredW":"200","properties":{"color":"16776960","text":""},"typeID":"TextArea","w":"270","x":"243","y":"1060","zOrder":"144"},{"ID":"473","measuredH":"24","measuredW":"24","properties":{"color":"10027263","icon":{"ID":"circle","size":"small"}},"typeID":"Icon","x":"255","y":"1071","zOrder":"145"},{"ID":"474","measuredH":"21","measuredW":"10","properties":{"bold":"true","color":"16777215","text":"4"},"typeID":"Label","x":"263","y":"1073","zOrder":"146"},{"ID":"475","measuredH":"25","measuredW":"199","properties":{"bold":"true","size":"17","text":"Networking and Security"},"typeID":"Label","x":"288","y":"1072","zOrder":"147"},{"ID":"476","h":"40","measuredH":"140","measuredW":"200","properties":{"color":"16770457"},"typeID":"TextArea","x":"161","y":"1147","zOrder":"148"},{"ID":"477","measuredH":"23","measuredW":"40","properties":{"bold":"true","size":"15","text":"HTTP"},"typeID":"Label","w":"67","x":"225","y":"1156","zOrder":"149"},{"ID":"478","h":"40","measuredH":"140","measuredW":"200","properties":{"color":"16770457"},"typeID":"TextArea","x":"161","y":"1191","zOrder":"150"},{"ID":"479","measuredH":"23","measuredW":"50","properties":{"bold":"true","size":"15","text":"HTTPS"},"typeID":"Label","w":"67","x":"225","y":"1200","zOrder":"151"},{"ID":"480","h":"40","measuredH":"140","measuredW":"200","properties":{"color":"16770457"},"typeID":"TextArea","x":"162","y":"1235","zOrder":"152"},{"ID":"481","measuredH":"23","measuredW":"29","properties":{"bold":"true","size":"15","text":"FTP"},"typeID":"Label","w":"45","x":"225","y":"1244","zOrder":"153"},{"ID":"482","h":"40","measuredH":"140","measuredW":"200","properties":{"color":"16770457"},"typeID":"TextArea","x":"147","y":"961","zOrder":"154"},{"ID":"483","measuredH":"23","measuredW":"31","properties":{"bold":"true","size":"15","text":"DNS"},"typeID":"Label","w":"35","x":"222","y":"970","zOrder":"155"},{"ID":"484","h":"40","measuredH":"140","measuredW":"200","properties":{"color":"16770457"},"typeID":"TextArea","x":"147","y":"1006","zOrder":"156"},{"ID":"485","measuredH":"23","measuredW":"74","properties":{"bold":"true","size":"15","text":"OSI Model"},"typeID":"Label","w":"79","x":"207","y":"1015","zOrder":"157"},{"ID":"486","h":"40","measuredH":"140","measuredW":"200","properties":{"color":"16770457"},"typeID":"TextArea","x":"928","y":"699","zOrder":"158"},{"ID":"487","measuredH":"23","measuredW":"93","properties":{"bold":"true","size":"15","text":"File Systems"},"typeID":"Label","w":"104","x":"981","y":"707","zOrder":"159"},{"ID":"488","h":"40","measuredH":"140","measuredW":"200","properties":{"color":"16770457"},"typeID":"TextArea","x":"161","y":"1279","zOrder":"160"},{"ID":"489","measuredH":"23","measuredW":"73","properties":{"bold":"true","size":"15","text":"SSL / TLS"},"typeID":"Label","w":"84","x":"219","y":"1288","zOrder":"161"},{"ID":"490","h":"49","measuredH":"140","measuredW":"200","properties":{"color":"16776960","text":""},"typeID":"TextArea","w":"386","x":"402","y":"1223","zOrder":"162"},{"ID":"491","measuredH":"24","measuredW":"24","properties":{"color":"10027263","icon":{"ID":"circle","size":"small"}},"typeID":"Icon","x":"414","y":"1234","zOrder":"163"},{"ID":"492","measuredH":"21","measuredW":"10","properties":{"bold":"true","color":"16777215","text":"5"},"typeID":"Label","x":"422","y":"1236","zOrder":"164"},{"ID":"493","measuredH":"25","measuredW":"325","properties":{"bold":"true","size":"17","text":"What is and how to setup a ____________"},"typeID":"Label","w":"337","x":"447","y":"1235","zOrder":"165"},{"ID":"494","h":"40","measuredH":"140","measuredW":"200","properties":{"color":"16776960"},"typeID":"TextArea","w":"161","x":"851","y":"1297","zOrder":"166"},{"ID":"495","measuredH":"23","measuredW":"84","properties":{"bold":"true","size":"15","text":"Web Server"},"typeID":"Label","w":"84","x":"887","y":"1306","zOrder":"167"},{"ID":"496","h":"40","measuredH":"140","measuredW":"200","properties":{"color":"16776960"},"typeID":"TextArea","w":"144","x":"386","y":"1359","zOrder":"168"},{"ID":"497","measuredH":"23","measuredW":"101","properties":{"bold":"true","size":"15","text":"Forward Proxy"},"typeID":"Label","w":"108","x":"407","y":"1368","zOrder":"169"},{"ID":"498","h":"40","measuredH":"140","measuredW":"200","properties":{"color":"16776960"},"typeID":"TextArea","w":"161","x":"536","y":"1316","zOrder":"170"},{"ID":"499","measuredH":"23","measuredW":"110","properties":{"bold":"true","size":"15","text":"Caching Server"},"typeID":"Label","w":"110","x":"562","y":"1325","zOrder":"171"},{"ID":"500","h":"40","measuredH":"140","measuredW":"200","properties":{"color":"16776960"},"typeID":"TextArea","w":"102","x":"1076","y":"1276","zOrder":"172"},{"ID":"501","measuredH":"23","measuredW":"54","properties":{"bold":"true","size":"15","text":"Apache"},"typeID":"Label","w":"64","x":"1098","y":"1285","zOrder":"173"},{"ID":"502","h":"40","measuredH":"140","measuredW":"200","properties":{"color":"16776960"},"typeID":"TextArea","w":"104","x":"1076","y":"1321","zOrder":"174"},{"ID":"503","measuredH":"23","measuredW":"39","properties":{"bold":"true","size":"15","text":"Nginx"},"typeID":"Label","w":"43","x":"1107","y":"1330","zOrder":"175"},{"ID":"504","h":"40","measuredH":"140","measuredW":"200","properties":{"color":"16770457"},"typeID":"TextArea","w":"104","x":"1075","y":"1366","zOrder":"176"},{"ID":"505","measuredH":"23","measuredW":"53","properties":{"bold":"true","size":"15","text":"Tomcat"},"typeID":"Label","w":"57","x":"1100","y":"1375","zOrder":"177"},{"ID":"506","h":"40","measuredH":"140","measuredW":"200","properties":{"color":"16770457"},"typeID":"TextArea","w":"104","x":"1077","y":"1411","zOrder":"178"},{"ID":"507","measuredH":"23","measuredW":"45","properties":{"bold":"true","size":"15","text":"Caddy"},"typeID":"Label","w":"49","x":"1105","y":"1420","zOrder":"179"},{"ID":"508","h":"40","measuredH":"140","measuredW":"200","properties":{"color":"16770457"},"typeID":"TextArea","w":"104","x":"1076","y":"1232","zOrder":"180"},{"ID":"509","measuredH":"23","measuredW":"21","properties":{"bold":"true","size":"15","text":"IIS"},"typeID":"Label","w":"29","x":"1114","y":"1241","zOrder":"181"},{"ID":"510","h":"40","measuredH":"140","measuredW":"200","properties":{"color":"16776960"},"typeID":"TextArea","w":"143","x":"387","y":"1315","zOrder":"182"},{"ID":"511","measuredH":"23","measuredW":"102","properties":{"bold":"true","size":"15","text":"Reverse Proxy"},"typeID":"Label","w":"119","x":"400","y":"1324","zOrder":"183"},{"ID":"512","h":"40","measuredH":"140","measuredW":"200","properties":{"color":"16776960"},"typeID":"TextArea","w":"161","x":"535","y":"1359","zOrder":"184"},{"ID":"513","measuredH":"23","measuredW":"105","properties":{"bold":"true","size":"15","text":"Load Balancer"},"typeID":"Label","w":"110","x":"561","y":"1368","zOrder":"185"},{"ID":"514","h":"40","measuredH":"140","measuredW":"200","properties":{"color":"16776960"},"typeID":"TextArea","w":"311","x":"386","y":"1404","zOrder":"186"},{"ID":"515","measuredH":"23","measuredW":"53","properties":{"bold":"true","size":"15","text":"Firewall"},"typeID":"Label","w":"60","x":"512","y":"1413","zOrder":"187"},{"ID":"516","h":"49","measuredH":"140","measuredW":"200","properties":{"color":"16776960","text":""},"typeID":"TextArea","w":"311","x":"721","y":"1461","zOrder":"188"},{"ID":"517","measuredH":"24","measuredW":"24","properties":{"color":"10027263","icon":{"ID":"circle","size":"small"}},"typeID":"Icon","x":"733","y":"1472","zOrder":"189"},{"ID":"518","measuredH":"21","measuredW":"10","properties":{"bold":"true","color":"16777215","text":"6"},"typeID":"Label","x":"741","y":"1474","zOrder":"190"},{"ID":"519","measuredH":"25","measuredW":"240","properties":{"bold":"true","size":"17","text":"Learn Infrastructure as Code"},"typeID":"Label","x":"766","y":"1472","zOrder":"191"},{"ID":"520","h":"40","measuredH":"140","measuredW":"200","properties":{"color":"16776960"},"typeID":"TextArea","x":"217","y":"733","zOrder":"192"},{"ID":"521","measuredH":"23","measuredW":"129","properties":{"bold":"true","size":"15","text":"Operating System"},"typeID":"Label","w":"130","x":"252","y":"742","zOrder":"193"},{"ID":"522","h":"40","measuredH":"140","measuredW":"200","properties":{"color":"16776960"},"typeID":"TextArea","w":"216","x":"921","y":"800","zOrder":"194"},{"ID":"523","measuredH":"23","measuredW":"171","properties":{"bold":"true","size":"15","text":"Learn to live in Terminal"},"typeID":"Label","w":"184","x":"938","y":"809","zOrder":"195"},{"ID":"524","h":"40","measuredH":"140","measuredW":"200","properties":{"color":"16776960"},"typeID":"TextArea","w":"253","x":"1113","y":"1545","zOrder":"196"},{"ID":"525","measuredH":"25","measuredW":"217","properties":{"bold":"true","size":"17","text":"Infrastructure Provisioning"},"typeID":"Label","x":"1134","y":"1553","zOrder":"197"},{"ID":"526","h":"40","measuredH":"140","measuredW":"200","properties":{"color":"16776960"},"typeID":"TextArea","w":"152","x":"1156","y":"1625","zOrder":"198"},{"ID":"527","measuredH":"23","measuredW":"71","properties":{"bold":"true","size":"15","text":"Terraform"},"typeID":"Label","w":"75","x":"1197","y":"1634","zOrder":"199"},{"ID":"528","h":"40","measuredH":"140","measuredW":"200","properties":{"color":"16770457","text":""},"typeID":"TextArea","w":"152","x":"1156","y":"1669","zOrder":"200"},{"ID":"529","measuredH":"23","measuredW":"116","properties":{"bold":"true","size":"15","text":"Cloud Formation"},"typeID":"Label","w":"122","x":"1174","y":"1678","zOrder":"201"},{"ID":"530","h":"40","measuredH":"140","measuredW":"200","properties":{"color":"16776960"},"typeID":"TextArea","w":"253","x":"624","y":"1544","zOrder":"202"},{"ID":"531","measuredH":"25","measuredW":"217","properties":{"bold":"true","size":"17","text":"Configuration Management"},"typeID":"Label","x":"643","y":"1552","zOrder":"203"},{"ID":"532","h":"40","measuredH":"140","measuredW":"200","properties":{"color":"16776960","text":""},"typeID":"TextArea","w":"116","x":"630","y":"1624","zOrder":"204"},{"ID":"533","measuredH":"23","measuredW":"52","properties":{"bold":"true","size":"15","text":"Ansible"},"typeID":"Label","w":"59","x":"659","y":"1633","zOrder":"205"},{"ID":"534","h":"40","measuredH":"140","measuredW":"200","properties":{"color":"16770457"},"typeID":"TextArea","w":"116","x":"630","y":"1667","zOrder":"206"},{"ID":"535","measuredH":"23","measuredW":"36","properties":{"bold":"true","size":"15","text":"Chef"},"typeID":"Label","w":"48","x":"664","y":"1677","zOrder":"207"},{"ID":"536","h":"40","measuredH":"140","measuredW":"200","properties":{"color":"16770457"},"typeID":"TextArea","w":"107","x":"749","y":"1667","zOrder":"208"},{"ID":"537","measuredH":"23","measuredW":"52","properties":{"bold":"true","size":"15","text":"Puppet"},"typeID":"Label","w":"55","x":"780","y":"1676","zOrder":"209"},{"ID":"538","h":"40","measuredH":"140","measuredW":"200","properties":{"color":"16770457"},"typeID":"TextArea","w":"107","x":"750","y":"1624","zOrder":"210"},{"ID":"539","measuredH":"23","measuredW":"29","properties":{"bold":"true","size":"15","text":"Salt"},"typeID":"Label","w":"51","x":"784","y":"1633","zOrder":"211"},{"ID":"540","h":"49","measuredH":"140","measuredW":"200","properties":{"color":"16776960","text":""},"typeID":"TextArea","w":"311","x":"131","y":"1558","zOrder":"212"},{"ID":"541","measuredH":"24","measuredW":"24","properties":{"color":"10027263","icon":{"ID":"circle","size":"small"}},"typeID":"Icon","x":"143","y":"1569","zOrder":"213"},{"ID":"542","measuredH":"21","measuredW":"10","properties":{"bold":"true","color":"16777215","text":"7"},"typeID":"Label","x":"151","y":"1571","zOrder":"214"},{"ID":"543","measuredH":"25","measuredW":"189","properties":{"bold":"true","size":"17","text":"Learn some CI/CD Tool"},"typeID":"Label","x":"176","y":"1570","zOrder":"215"},{"ID":"544","h":"40","measuredH":"140","measuredW":"200","properties":{"color":"16776960"},"typeID":"TextArea","w":"144","x":"132","y":"1640","zOrder":"216"},{"ID":"545","measuredH":"23","measuredW":"54","properties":{"bold":"true","size":"15","text":"Jenkins"},"typeID":"Label","w":"59","x":"172","y":"1649","zOrder":"217"},{"ID":"546","h":"40","measuredH":"140","measuredW":"200","properties":{"color":"16770457"},"typeID":"TextArea","w":"144","x":"132","y":"1683","zOrder":"218"},{"ID":"547","measuredH":"23","measuredW":"63","properties":{"bold":"true","size":"15","text":"Travis CI"},"typeID":"Label","w":"65","x":"167","y":"1692","zOrder":"219"},{"ID":"548","h":"58","measuredH":"57","measuredW":"1","properties":{"color":"2848996","curvature":"-1","direction":"top","leftArrow":"false","p0":{"x":1,"y":0,"length":1},"p1":{"x":0.56842735383826,"y":-0.016875231606852763,"length":0.5686777910498628},"p2":{"x":1,"y":57,"length":57.0087712549569},"rightArrow":"false","shape":"bezier","stroke":"dotted"},"typeID":"Arrow","w":"2","x":"540","y":"1570","zOrder":"220"},{"ID":"549","h":"40","measuredH":"140","measuredW":"200","properties":{"color":"16776960"},"typeID":"TextArea","w":"139","x":"478","y":"1544","zOrder":"221"},{"ID":"550","measuredH":"25","measuredW":"89","properties":{"bold":"true","size":"17","text":"Containers"},"typeID":"Label","x":"503","y":"1552","zOrder":"222"},{"ID":"551","h":"40","measuredH":"140","measuredW":"200","properties":{"color":"16776960"},"typeID":"TextArea","w":"116","x":"478","y":"1624","zOrder":"223"},{"ID":"552","measuredH":"23","measuredW":"51","properties":{"bold":"true","size":"15","text":"Docker"},"typeID":"Label","w":"59","x":"507","y":"1633","zOrder":"224"},{"ID":"553","h":"40","measuredH":"140","measuredW":"200","properties":{"color":"16770457"},"typeID":"TextArea","w":"116","x":"478","y":"1667","zOrder":"225"},{"ID":"554","measuredH":"23","measuredW":"21","properties":{"bold":"true","size":"15","text":"rkt"},"typeID":"Label","w":"29","x":"522","y":"1677","zOrder":"226"},{"ID":"555","h":"40","measuredH":"140","measuredW":"200","properties":{"color":"16770457"},"typeID":"TextArea","w":"116","x":"478","y":"1710","zOrder":"227"},{"ID":"556","measuredH":"23","measuredW":"30","properties":{"bold":"true","size":"15","text":"LXC"},"typeID":"Label","w":"38","x":"522","y":"1719","zOrder":"228"},{"ID":"557","h":"40","measuredH":"140","measuredW":"200","properties":{"color":"16776960"},"typeID":"TextArea","w":"144","x":"131","y":"1727","zOrder":"229"},{"ID":"558","measuredH":"23","measuredW":"68","properties":{"bold":"true","size":"15","text":"TeamCity"},"typeID":"Label","w":"70","x":"166","y":"1736","zOrder":"230"},{"ID":"559","h":"40","measuredH":"140","measuredW":"200","properties":{"color":"16770457"},"typeID":"TextArea","w":"144","x":"131","y":"1771","zOrder":"231"},{"ID":"560","measuredH":"23","measuredW":"43","properties":{"bold":"true","size":"15","text":"Drone"},"typeID":"Label","w":"50","x":"178","y":"1780","zOrder":"232"},{"ID":"561","h":"40","measuredH":"140","measuredW":"200","properties":{"color":"16776960"},"typeID":"TextArea","w":"144","x":"131","y":"1814","zOrder":"233"},{"ID":"562","measuredH":"23","measuredW":"63","properties":{"bold":"true","size":"15","text":"Circle CI"},"typeID":"Label","w":"65","x":"171","y":"1823","zOrder":"234"},{"ID":"563","h":"49","measuredH":"140","measuredW":"200","properties":{"color":"16776960","text":""},"typeID":"TextArea","w":"470","x":"304","y":"1805","zOrder":"235"},{"ID":"564","measuredH":"24","measuredW":"24","properties":{"color":"10027263","icon":{"ID":"circle","size":"small"}},"typeID":"Icon","x":"316","y":"1816","zOrder":"236"},{"ID":"565","measuredH":"21","measuredW":"10","properties":{"bold":"true","color":"16777215","text":"8"},"typeID":"Label","x":"324","y":"1818","zOrder":"237"},{"ID":"566","measuredH":"25","measuredW":"402","properties":{"bold":"true","size":"17","text":"Learn how to monitor software and infrastructure"},"typeID":"Label","x":"349","y":"1817","zOrder":"238"},{"ID":"567","h":"40","measuredH":"140","measuredW":"200","properties":{"color":"16776960"},"typeID":"TextArea","w":"206","x":"857","y":"1780","zOrder":"239"},{"ID":"568","measuredH":"23","measuredW":"181","properties":{"bold":"true","size":"15","text":"Infrastructure Monitoring"},"typeID":"Label","w":"185","x":"869","y":"1789","zOrder":"240"},{"ID":"569","h":"40","measuredH":"140","measuredW":"200","properties":{"color":"16770457","text":""},"typeID":"TextArea","w":"89","x":"1156","y":"1780","zOrder":"241"},{"ID":"570","measuredH":"23","measuredW":"48","properties":{"bold":"true","size":"15","text":"Nagios"},"typeID":"Label","w":"57","x":"1174","y":"1789","zOrder":"242"},{"ID":"571","h":"40","measuredH":"140","measuredW":"200","properties":{"color":"16770457","text":""},"typeID":"TextArea","w":"89","x":"1156","y":"1824","zOrder":"243"},{"ID":"572","measuredH":"23","measuredW":"44","properties":{"bold":"true","size":"15","text":"Icinga"},"typeID":"Label","w":"57","x":"1174","y":"1833","zOrder":"244"},{"ID":"573","h":"40","measuredH":"140","measuredW":"200","properties":{"color":"16770457","text":""},"typeID":"TextArea","w":"89","x":"1156","y":"1867","zOrder":"245"},{"ID":"574","measuredH":"23","measuredW":"60","properties":{"bold":"true","size":"15","text":"Datadog"},"typeID":"Label","w":"66","x":"1168","y":"1876","zOrder":"246"},{"ID":"575","h":"40","measuredH":"140","measuredW":"200","properties":{"color":"16770457","text":""},"typeID":"TextArea","w":"89","x":"1157","y":"1910","zOrder":"247"},{"ID":"576","measuredH":"23","measuredW":"48","properties":{"bold":"true","size":"15","text":"Zabbix"},"typeID":"Label","w":"66","x":"1169","y":"1919","zOrder":"248"},{"ID":"577","h":"40","measuredH":"140","measuredW":"200","properties":{"color":"16776960"},"typeID":"TextArea","w":"206","x":"857","y":"1869","zOrder":"249"},{"ID":"578","measuredH":"23","measuredW":"158","properties":{"bold":"true","size":"15","text":"Application Monitoring"},"typeID":"Label","w":"185","x":"870","y":"1878","zOrder":"250"},{"ID":"579","h":"40","measuredH":"140","measuredW":"200","properties":{"color":"16770457","text":""},"typeID":"TextArea","w":"89","x":"1157","y":"1953","zOrder":"251"},{"ID":"580","measuredH":"23","measuredW":"40","properties":{"bold":"true","size":"15","text":"Monit"},"typeID":"Label","w":"41","x":"1181","y":"1962","zOrder":"252"},{"ID":"581","h":"40","measuredH":"140","measuredW":"200","properties":{"color":"16770457","text":""},"typeID":"TextArea","w":"127","x":"904","y":"1953","zOrder":"253"},{"ID":"582","measuredH":"23","measuredW":"97","properties":{"bold":"true","size":"15","text":"AppDynamics"},"typeID":"Label","w":"103","x":"918","y":"1962","zOrder":"254"},{"ID":"583","h":"40","measuredH":"140","measuredW":"200","properties":{"color":"16770457","text":""},"typeID":"TextArea","w":"92","x":"1038","y":"1953","zOrder":"255"},{"ID":"584","measuredH":"23","measuredW":"71","properties":{"bold":"true","size":"15","text":"New Relic"},"typeID":"Label","w":"78","x":"1048","y":"1962","zOrder":"256"},{"ID":"585","h":"40","measuredH":"140","measuredW":"200","properties":{"color":"16776960"},"typeID":"TextArea","w":"189","x":"693","y":"1954","zOrder":"257"},{"ID":"586","measuredH":"23","measuredW":"131","properties":{"bold":"true","size":"15","text":"Logs Management"},"typeID":"Label","w":"173","x":"707","y":"1963","zOrder":"258"},{"ID":"587","h":"40","measuredH":"140","measuredW":"200","properties":{"color":"16770457","text":""},"typeID":"TextArea","w":"149","x":"510","y":"1900","zOrder":"259"},{"ID":"588","measuredH":"23","measuredW":"75","properties":{"bold":"true","size":"15","text":"ELK Stack"},"typeID":"Label","w":"80","x":"545","y":"1909","zOrder":"260"},{"ID":"589","h":"40","measuredH":"140","measuredW":"200","properties":{"color":"16770457","text":""},"typeID":"TextArea","w":"149","x":"511","y":"1944","zOrder":"261"},{"ID":"590","measuredH":"23","measuredW":"54","properties":{"bold":"true","size":"15","text":"Graylog"},"typeID":"Label","w":"59","x":"552","y":"1953","zOrder":"262"},{"ID":"591","h":"40","measuredH":"140","measuredW":"200","properties":{"color":"16770457","text":""},"typeID":"TextArea","w":"149","x":"511","y":"1988","zOrder":"263"},{"ID":"592","measuredH":"23","measuredW":"47","properties":{"bold":"true","size":"15","text":"Splunk"},"typeID":"Label","w":"53","x":"560","y":"1996","zOrder":"264"},{"ID":"593","h":"40","measuredH":"140","measuredW":"200","properties":{"color":"16770457","text":""},"typeID":"TextArea","w":"149","x":"512","y":"2032","zOrder":"265"},{"ID":"594","measuredH":"23","measuredW":"69","properties":{"bold":"true","size":"15","text":"Papertrail"},"typeID":"Label","w":"79","x":"551","y":"2040","zOrder":"266"},{"ID":"595","h":"49","measuredH":"140","measuredW":"200","properties":{"color":"16776960","text":""},"typeID":"TextArea","w":"258","x":"270","y":"2116","zOrder":"267"},{"ID":"596","measuredH":"24","measuredW":"24","properties":{"color":"10027263","icon":{"ID":"circle","size":"small"}},"typeID":"Icon","x":"282","y":"2127","zOrder":"268"},{"ID":"597","measuredH":"21","measuredW":"10","properties":{"bold":"true","color":"16777215","text":"9"},"typeID":"Label","x":"290","y":"2129","zOrder":"269"},{"ID":"598","measuredH":"25","measuredW":"127","properties":{"bold":"true","size":"17","text":"Cloud Providers"},"typeID":"Label","w":"185","x":"315","y":"2128","zOrder":"270"},{"ID":"599","h":"40","measuredH":"140","measuredW":"200","properties":{"color":"16776960","text":""},"typeID":"TextArea","w":"149","x":"131","y":"1877","zOrder":"271"},{"ID":"600","measuredH":"23","measuredW":"34","properties":{"bold":"true","size":"15","text":"AWS"},"typeID":"Label","w":"43","x":"184","y":"1886","zOrder":"272"},{"ID":"601","h":"40","measuredH":"140","measuredW":"200","properties":{"color":"16770457","text":""},"typeID":"TextArea","w":"149","x":"131","y":"1921","zOrder":"273"},{"ID":"602","measuredH":"23","measuredW":"95","properties":{"bold":"true","size":"15","text":"Google Cloud"},"typeID":"Label","w":"100","x":"160","y":"1930","zOrder":"274"},{"ID":"603","h":"40","measuredH":"140","measuredW":"200","properties":{"color":"16770457","text":""},"typeID":"TextArea","w":"149","x":"131","y":"1965","zOrder":"275"},{"ID":"604","measuredH":"23","measuredW":"42","properties":{"bold":"true","size":"15","text":"Azure"},"typeID":"Label","w":"47","x":"181","y":"1974","zOrder":"276"},{"ID":"605","h":"40","measuredH":"140","measuredW":"200","properties":{"color":"16770457","text":""},"typeID":"TextArea","w":"149","x":"131","y":"2009","zOrder":"277"},{"ID":"606","measuredH":"23","measuredW":"97","properties":{"bold":"true","size":"15","text":"Digital Ocean"},"typeID":"Label","w":"99","x":"159","y":"2018","zOrder":"278"},{"ID":"607","h":"40","measuredH":"140","measuredW":"200","properties":{"color":"16770457","text":""},"typeID":"TextArea","w":"149","x":"131","y":"2053","zOrder":"279"},{"ID":"608","measuredH":"23","measuredW":"51","properties":{"bold":"true","size":"15","text":"Heroku"},"typeID":"Label","w":"66","x":"179","y":"2061","zOrder":"280"},{"ID":"609","measuredH":"32","measuredW":"170","properties":{"bold":"true","size":"24","text":"Keep Exploring"},"typeID":"Label","x":"652","y":"2354","zOrder":"281"},{"ID":"610","h":"40","measuredH":"140","measuredW":"200","properties":{"color":"16776960"},"typeID":"TextArea","w":"219","x":"886","y":"1544","zOrder":"282"},{"ID":"611","measuredH":"25","measuredW":"196","properties":{"bold":"true","size":"17","text":"Container Orchestration"},"typeID":"Label","x":"896","y":"1552","zOrder":"283"},{"ID":"612","h":"40","measuredH":"140","measuredW":"200","properties":{"color":"16776960"},"typeID":"TextArea","w":"115","x":"886","y":"1625","zOrder":"284"},{"ID":"613","measuredH":"23","measuredW":"84","properties":{"bold":"true","size":"15","text":"Kubernetes"},"typeID":"Label","w":"88","x":"901","y":"1634","zOrder":"285"},{"ID":"614","h":"40","measuredH":"140","measuredW":"200","properties":{"color":"16770457"},"typeID":"TextArea","w":"99","x":"1006","y":"1626","zOrder":"286"},{"ID":"615","measuredH":"23","measuredW":"47","properties":{"bold":"true","size":"15","text":"Mesos"},"typeID":"Label","w":"51","x":"1027","y":"1635","zOrder":"287"},{"ID":"616","h":"40","measuredH":"140","measuredW":"200","properties":{"color":"16770457"},"typeID":"TextArea","w":"115","x":"886","y":"1668","zOrder":"288"},{"ID":"617","measuredH":"23","measuredW":"103","properties":{"bold":"true","size":"15","text":"Docker Swarm"},"typeID":"Label","w":"112","x":"892","y":"1677","zOrder":"289"},{"ID":"618","h":"40","measuredH":"140","measuredW":"200","properties":{"color":"16770457"},"typeID":"TextArea","w":"99","x":"1006","y":"1669","zOrder":"290"},{"ID":"619","measuredH":"23","measuredW":"50","properties":{"bold":"true","size":"15","text":"Nomad"},"typeID":"Label","w":"51","x":"1027","y":"1678","zOrder":"291"},{"ID":"647","h":"141","measuredH":"70","measuredW":"100","properties":{},"typeID":"Canvas","w":"350","x":"821","y":"173","zOrder":"292"},{"ID":"648","measuredH":"25","measuredW":"314","properties":{"color":"0","size":"17","text":"Find the detailed version of this roadmap"},"typeID":"Label","x":"835","y":"190","zOrder":"293"},{"ID":"649","measuredH":"25","measuredW":"322","properties":{"color":"0","size":"17","text":"along with resources and other roadmaps"},"typeID":"Label","x":"835","y":"218","zOrder":"294"},{"ID":"653","h":"45","measuredH":"70","measuredW":"100","properties":{"borderColor":"4273622","color":"4273622"},"typeID":"Canvas","w":"320","x":"836","y":"254","zOrder":"295"},{"ID":"654","children":{"controls":{"control":[{"ID":"0","measuredH":"28","measuredW":"103","properties":{"color":"16777215","size":"20","text":"roadmap.sh"},"typeID":"Label","x":"65","y":"0","zOrder":"0"},{"ID":"1","measuredH":"28","measuredW":"36","properties":{"color":"16777215","size":"20","text":"http"},"typeID":"Label","x":"0","y":"0","zOrder":"1"},{"ID":"2","measuredH":"28","measuredW":"10","properties":{"bold":"true","color":"16777215","size":"20","text":":"},"typeID":"Label","x":"37","y":"0","zOrder":"2"},{"ID":"3","measuredH":"28","measuredW":"10","properties":{"color":"16777215","size":"20","text":"/"},"typeID":"Label","x":"44","y":"1","zOrder":"3"},{"ID":"4","measuredH":"28","measuredW":"10","properties":{"color":"16777215","size":"20","text":"/"},"typeID":"Label","x":"52","y":"1","zOrder":"4"}]}},"h":"29","measuredH":"29","measuredW":"168","typeID":"__group__","w":"168","x":"912","y":"262","zOrder":"296"}]},"measuredH":"2386","measuredW":"1366","mockupH":"2225","mockupW":"1235","version":"1.0"}}