{"mockup":{"controls":{"control":[{"ID":"0","h":"17","measuredH":"16","measuredW":"72","properties":{"color":"2848996","curvature":"0","direction":"bottom","leftArrow":"false","p0":{"length":16,"x":0,"y":16},"p1":{"length":0.48357394275391136,"x":0.4835193355826628,"y":0.007267064624967561},"p2":{"length":72,"x":72,"y":0},"rightArrow":"false","shape":"bezier","stroke":"dotted"},"typeID":"Arrow","w":"73","x":"442","y":"2540","zOrder":"0"},{"ID":"1","h":"32","measuredH":"31","measuredW":"110","properties":{"color":"2848996","curvature":"0","direction":"top","leftArrow":"false","p0":{"length":0,"x":0,"y":0},"p1":{"length":0.4835739427539112,"x":0.48351933558266263,"y":0.00726706462496755},"p2":{"length":114.28473213863695,"x":110,"y":31},"rightArrow":"false","shape":"bezier","stroke":"dotted"},"typeID":"Arrow","w":"111","x":"416","y":"2505","zOrder":"1"},{"ID":"2","h":"73","measuredH":"72","measuredW":"2","properties":{"color":"2848996","curvature":"1","direction":"top","leftArrow":"false","p0":{"length":0,"x":0,"y":0},"p1":{"length":0.5646031730475429,"x":0.564183236848729,"y":0.021771960734960995},"p2":{"length":72.00694410957877,"x":1,"y":72},"rightArrow":"false","shape":"bezier","stroke":"dotted"},"typeID":"Arrow","w":"3","x":"909","y":"2348","zOrder":"2"},{"ID":"3","h":"7","measuredH":"6","measuredW":"99","properties":{"color":"2848996","curvature":"1","direction":"bottom","leftArrow":"false","p0":{"length":99,"x":99,"y":0},"p1":{"length":0.5448288419424034,"x":0.5446782555657212,"y":-0.01280878316559928},"p2":{"length":6,"x":0,"y":6},"rightArrow":"false","shape":"bezier","stroke":"dotted"},"typeID":"Arrow","w":"100","x":"1056","y":"2763","zOrder":"3"},{"ID":"4","h":"10","measuredH":"8","measuredW":"202","properties":{"color":"2848996","curvature":"-1","direction":"bottom","leftArrow":"false","p0":{"length":8,"x":0,"y":8},"p1":{"length":0.5646031730475429,"x":0.564183236848729,"y":0.021771960734960988},"p2":{"length":202.02227599945508,"x":202,"y":3},"rightArrow":"false","shape":"bezier","stroke":"dotted"},"typeID":"Arrow","w":"204","x":"920","y":"2341","zOrder":"4"},{"ID":"5","h":"203","measuredH":"202","measuredW":"47","properties":{"color":"2848996","curvature":"-1","direction":"top","leftArrow":"false","p0":{"length":202.41788458533009,"x":13,"y":202},"p1":{"length":0.5719424178755412,"x":0.5340419070756148,"y":-0.2047373215912542},"p2":{"length":0,"x":0,"y":0},"rightArrow":"false","shape":"bezier"},"typeID":"Arrow","w":"48","x":"630","y":"2540","zOrder":"5"},{"ID":"6","h":"38","measuredH":"37","measuredW":"107","properties":{"color":"2848996","curvature":"1","direction":"bottom","leftArrow":"false","p0":{"length":107.00467279516349,"x":107,"y":1},"p1":{"length":0.403398664527008,"x":0.39756767359748935,"y":-0.06834052569635155},"p2":{"length":37,"x":0,"y":37},"rightArrow":"false","shape":"bezier","stroke":"dotted"},"typeID":"Arrow","w":"108","x":"393","y":"2763","zOrder":"6"},{"ID":"7","h":"11","measuredH":"10","measuredW":"92","properties":{"color":"2848996","curvature":"-1","direction":"top","leftArrow":"false","p0":{"length":92.5418824100742,"x":92,"y":10},"p1":{"length":0.6171475897252586,"x":0.6165131354486524,"y":-0.02797679972705563},"p2":{"length":1,"x":0,"y":1},"rightArrow":"false","shape":"bezier","stroke":"dotted"},"typeID":"Arrow","w":"93","x":"398","y":"2744","zOrder":"7"},{"ID":"8","h":"90","measuredH":"89","measuredW":"106","properties":{"color":"2848996","curvature":"-1","direction":"top","leftArrow":"false","p0":{"length":138.4088147481944,"x":106,"y":89},"p1":{"length":0.6106522362684027,"x":0.6104670902653149,"y":-0.01503613522820974},"p2":{"length":0,"x":0,"y":0},"rightArrow":"false","shape":"bezier","stroke":"dotted"},"typeID":"Arrow","w":"107","x":"392","y":"2659","zOrder":"8"},{"ID":"9","h":"199","measuredH":"198","measuredW":"176","properties":{"color":"2848996","curvature":"-1","direction":"bottom","leftArrow":"false","p0":{"length":199.21847303902317,"x":22,"y":198},"p1":{"length":0.5528410727252497,"x":0.43018217127288033,"y":0.3472413443283433},"p2":{"length":176,"x":176,"y":0},"rightArrow":"false","shape":"bezier"},"typeID":"Arrow","w":"177","x":"613","y":"2338","zOrder":"9"},{"ID":"10","h":"136","measuredH":"135","measuredW":"39","properties":{"color":"2848996","curvature":"1","direction":"bottom","leftArrow":"false","p0":{"length":39,"x":39,"y":0},"p1":{"length":0.5597110320971225,"x":0.5161499405855028,"y":-0.21648482229664037},"p2":{"length":136.7808466123821,"x":22,"y":135},"rightArrow":"false","shape":"bezier"},"typeID":"Arrow","w":"40","x":"685","y":"2049","zOrder":"10"},{"ID":"11","h":"124","measuredH":"123","measuredW":"155","properties":{"color":"2848996","curvature":"0","direction":"top","leftArrow":"false","p0":{"length":0,"x":0,"y":0},"p1":{"length":0.4738906925817148,"x":0.4738851557727551,"y":0.0022907758094075355},"p2":{"length":197.87369708983556,"x":155,"y":123},"rightArrow":"false","shape":"bezier","stroke":"dotted"},"typeID":"Arrow","w":"156","x":"826","y":"2053","zOrder":"11"},{"ID":"12","h":"92","measuredH":"91","measuredW":"160","properties":{"color":"2848996","curvature":"0","direction":"top","leftArrow":"false","p0":{"length":0,"x":0,"y":0},"p1":{"length":0.4738906925817147,"x":0.473885155772755,"y":0.002290775809407384},"p2":{"length":184.06792224611,"x":160,"y":91},"rightArrow":"false","shape":"bezier","stroke":"dotted"},"typeID":"Arrow","w":"161","x":"824","y":"2045","zOrder":"12"},{"ID":"13","h":"56","measuredH":"55","measuredW":"168","properties":{"color":"2848996","curvature":"0","direction":"top","leftArrow":"false","p0":{"length":0,"x":0,"y":0},"p1":{"length":0.4738906925817145,"x":0.4738851557727548,"y":0.0022907758094073234},"p2":{"length":176.77386684688437,"x":168,"y":55},"rightArrow":"false","shape":"bezier","stroke":"dotted"},"typeID":"Arrow","w":"169","x":"822","y":"2041","zOrder":"13"},{"ID":"14","h":"26","measuredH":"25","measuredW":"171","properties":{"color":"2848996","curvature":"0","direction":"top","leftArrow":"false","p0":{"length":0,"x":0,"y":0},"p1":{"length":0.4738906925817147,"x":0.473885155772755,"y":0.0022907758094073507},"p2":{"length":172.81782315490494,"x":171,"y":25},"rightArrow":"false","shape":"bezier","stroke":"dotted"},"typeID":"Arrow","w":"172","x":"822","y":"2034","zOrder":"14"},{"ID":"15","h":"89","measuredH":"88","measuredW":"1","properties":{"color":"2848996","curvature":"0","direction":"top","leftArrow":"false","p0":{"length":88.0056816347672,"x":1,"y":88},"p1":{"length":0.4073544059505541,"x":0.4072427393330943,"y":0.00953746862674794},"p2":{"length":1,"x":1,"y":0},"rightArrow":"false","shape":"bezier","stroke":"dotted"},"typeID":"Arrow","w":"2","x":"934","y":"3233","zOrder":"15"},{"ID":"16","h":"11","measuredH":"10","measuredW":"155","properties":{"color":"2848996","curvature":"0","direction":"bottom","leftArrow":"false","p0":{"length":10,"x":0,"y":10},"p1":{"length":0.47389069258171473,"x":0.47388515577275503,"y":0.0022907758094073815},"p2":{"length":155,"x":155,"y":0},"rightArrow":"false","shape":"bezier","stroke":"dotted"},"typeID":"Arrow","w":"156","x":"827","y":"2019","zOrder":"16"},{"ID":"17","h":"52","measuredH":"51","measuredW":"214","properties":{"color":"2848996","curvature":"-1","direction":"bottom","leftArrow":"false","p0":{"length":51,"x":0,"y":51},"p1":{"length":0.41973542836377015,"x":0.4003471278308693,"y":0.12609523012902282},"p2":{"length":214.0840956259946,"x":214,"y":6},"rightArrow":"false","shape":"bezier","stroke":"dotted"},"typeID":"Arrow","w":"215","x":"634","y":"3048","zOrder":"17"},{"ID":"18","h":"31","measuredH":"30","measuredW":"194","properties":{"color":"2848996","curvature":"0","direction":"bottom","leftArrow":"false","p0":{"length":30,"x":0,"y":30},"p1":{"length":0.4320383106451746,"x":0.4319942611190819,"y":-0.006169296987087524},"p2":{"length":194,"x":194,"y":0},"rightArrow":"false","shape":"bezier","stroke":"dotted"},"typeID":"Arrow","w":"195","x":"296","y":"2967","zOrder":"18"},{"ID":"19","h":"43","measuredH":"42","measuredW":"98","properties":{"color":"2848996","curvature":"0","direction":"top","leftArrow":"false","p0":{"length":0,"x":0,"y":0},"p1":{"length":0.43203831064517456,"x":0.43199426111908185,"y":-0.006169296987087567},"p2":{"length":106.62082348209472,"x":98,"y":42},"rightArrow":"false","shape":"bezier","stroke":"dotted"},"typeID":"Arrow","w":"99","x":"992","y":"2892","zOrder":"19"},{"ID":"20","h":"8","measuredH":"7","measuredW":"103","properties":{"color":"2848996","curvature":"0","direction":"top","leftArrow":"false","p0":{"length":0,"x":0,"y":0},"p1":{"length":0.43203831064517456,"x":0.43199426111908185,"y":-0.006169296987087555},"p2":{"length":103.23759005323592,"x":103,"y":7},"rightArrow":"false","shape":"bezier","stroke":"dotted"},"typeID":"Arrow","w":"104","x":"985","y":"2882","zOrder":"20"},{"ID":"21","h":"80","measuredH":"79","measuredW":"269","properties":{"color":"2848996","curvature":"-1","direction":"top","leftArrow":"false","p0":{"length":280.36048223670895,"x":269,"y":79},"p1":{"length":0.3818953898610312,"x":0.3554465668559629,"y":-0.1396489416623645},"p2":{"length":3,"x":0,"y":3},"rightArrow":"false","shape":"bezier"},"typeID":"Arrow","w":"270","x":"655","y":"2966","zOrder":"21"},{"ID":"22","h":"11","measuredH":"10","measuredW":"174","properties":{"color":"2848996","curvature":"0","direction":"top","leftArrow":"false","p0":{"length":0,"x":0,"y":0},"p1":{"length":0.4320383106451746,"x":0.4319942611190819,"y":-0.006169296987087518},"p2":{"length":174.28711943227475,"x":174,"y":10},"rightArrow":"false","shape":"bezier","stroke":"dotted"},"typeID":"Arrow","w":"175","x":"304","y":"2947","zOrder":"22"},{"ID":"23","h":"88","measuredH":"87","measuredW":"205","properties":{"color":"2848996","curvature":"1","direction":"bottom","leftArrow":"false","p0":{"length":205.00243900988104,"x":205,"y":1},"p1":{"length":0.6546006826935066,"x":0.6338600999575079,"y":-0.16347301754314972},"p2":{"length":87,"x":0,"y":87},"rightArrow":"false","shape":"bezier"},"typeID":"Arrow","w":"206","x":"618","y":"2881","zOrder":"23"},{"ID":"24","h":"36","measuredH":"35","measuredW":"97","properties":{"color":"2848996","curvature":"0","direction":"bottom","leftArrow":"false","p0":{"length":35,"x":0,"y":35},"p1":{"length":0.4320383106451745,"x":0.4319942611190818,"y":-0.006169296987087552},"p2":{"length":97,"x":97,"y":0},"rightArrow":"false","shape":"bezier","stroke":"dotted"},"typeID":"Arrow","w":"98","x":"984","y":"2846","zOrder":"24"},{"ID":"25","h":"95","measuredH":"94","measuredW":"38","properties":{"color":"2848996","curvature":"-1","direction":"bottom","leftArrow":"false","p0":{"length":36,"x":36,"y":0},"p1":{"length":0.573966251502026,"x":0.5467857377372116,"y":0.1745354258322937},"p2":{"length":94,"x":0,"y":94},"rightArrow":"false","shape":"bezier"},"typeID":"Arrow","w":"39","x":"891","y":"2774","zOrder":"25"},{"ID":"26","h":"39","measuredH":"38","measuredW":"192","properties":{"color":"2848996","curvature":"1","direction":"bottom","leftArrow":"false","p0":{"length":5,"x":0,"y":5},"p1":{"length":0.4336417315707421,"x":0.3915341200615699,"y":-0.18640328373524884},"p2":{"length":192,"x":192,"y":0},"rightArrow":"false","shape":"bezier"},"typeID":"Arrow","w":"193","x":"639","y":"2765","zOrder":"26"},{"ID":"27","h":"4","measuredH":"3","measuredW":"64","properties":{"color":"2848996","curvature":"1","direction":"bottom","leftArrow":"false","p0":{"length":3,"x":0,"y":3},"p1":{"length":0.48115369243064626,"x":0.4807692307692308,"y":-0.01923076923076923},"p2":{"length":64,"x":64,"y":0},"rightArrow":"false","shape":"bezier","stroke":"dotted"},"typeID":"Arrow","w":"65","x":"240","y":"2741","zOrder":"27"},{"ID":"28","h":"17","measuredH":"16","measuredW":"72","properties":{"color":"2848996","curvature":"0","direction":"bottom","leftArrow":"false","p0":{"length":16,"x":0,"y":16},"p1":{"length":0.48357394275391136,"x":0.4835193355826628,"y":0.007267064624967561},"p2":{"length":72,"x":72,"y":0},"rightArrow":"false","shape":"bezier","stroke":"dotted"},"typeID":"Arrow","w":"73","x":"229","y":"2666","zOrder":"28"},{"ID":"29","h":"29","measuredH":"28","measuredW":"87","properties":{"color":"2848996","curvature":"0","direction":"top","leftArrow":"false","p0":{"length":0,"x":0,"y":0},"p1":{"length":0.48357394275391136,"x":0.4835193355826628,"y":0.007267064624967573},"p2":{"length":91.39474820797966,"x":87,"y":28},"rightArrow":"false","shape":"bezier","stroke":"dotted"},"typeID":"Arrow","w":"88","x":"226","y":"2634","zOrder":"29"},{"ID":"30","h":"166","measuredH":"165","measuredW":"7","properties":{"color":"2848996","curvature":"0","direction":"top","leftArrow":"false","p0":{"length":165.14841809717706,"x":7,"y":165},"p1":{"length":0.40735440595055405,"x":0.4072427393330943,"y":0.009537468626747932},"p2":{"length":0,"x":0,"y":0},"rightArrow":"false","shape":"bezier"},"typeID":"Arrow","w":"8","x":"924","y":"3055","zOrder":"30"},{"ID":"31","h":"133","measuredH":"132","measuredW":"153","properties":{"color":"2848996","curvature":"1","direction":"top","leftArrow":"false","p0":{"length":0,"x":0,"y":0},"p1":{"length":0.6114043641088928,"x":0.5986334582323121,"y":0.1243112188670928},"p2":{"length":202.07176942858692,"x":153,"y":132},"rightArrow":"false","shape":"bezier"},"typeID":"Arrow","w":"154","x":"722","y":"2204","zOrder":"31"},{"ID":"32","h":"103","measuredH":"102","measuredW":"210","properties":{"color":"2848996","curvature":"1","direction":"bottom","leftArrow":"false","p0":{"length":210.00238093888365,"x":210,"y":1},"p1":{"length":0.4982428009090221,"x":0.4817959153606748,"y":-0.12695898786394355},"p2":{"length":102,"x":0,"y":102},"rightArrow":"false","shape":"bezier","stroke":"dotted"},"typeID":"Arrow","w":"211","x":"365","y":"1822","zOrder":"32"},{"ID":"33","h":"203","measuredH":"202","measuredW":"186","properties":{"color":"2848996","curvature":"-1","direction":"bottom","leftArrow":"false","p0":{"length":186,"x":186,"y":0},"p1":{"length":0.513285046013946,"x":0.4884615384615386,"y":0.15769230769230771},"p2":{"length":202,"x":0,"y":202},"rightArrow":"false","shape":"bezier","stroke":"dotted"},"typeID":"Arrow","w":"187","x":"477","y":"2196","zOrder":"33"},{"ID":"34","h":"4","measuredH":"3","measuredW":"149","properties":{"color":"2848996","curvature":"1","direction":"top","leftArrow":"false","p0":{"length":149.03019828209315,"x":149,"y":3},"p1":{"length":0.5425114443366369,"x":0.5424177701836822,"y":0.010081161896625376},"p2":{"length":0,"x":0,"y":0},"rightArrow":"false","shape":"bezier","stroke":"dotted"},"typeID":"Arrow","w":"150","x":"481","y":"2189","zOrder":"34"},{"ID":"35","h":"202","measuredH":"201","measuredW":"97","properties":{"color":"2848996","curvature":"1","direction":"top","leftArrow":"false","p0":{"length":0,"x":0,"y":0},"p1":{"length":0.6012412632763702,"x":0.5495265293852396,"y":0.24395009770028556},"p2":{"length":214.88834309938733,"x":76,"y":201},"rightArrow":"false","shape":"bezier"},"typeID":"Arrow","w":"98","x":"664","y":"1827","zOrder":"35"},{"ID":"36","h":"16","measuredH":"15","measuredW":"123","properties":{"color":"2848996","curvature":"0","direction":"top","leftArrow":"false","p0":{"length":123.9112585683803,"x":123,"y":15},"p1":{"length":0.4738906925817146,"x":0.4738851557727549,"y":0.0022907758094072007},"p2":{"length":0,"x":0,"y":0},"rightArrow":"false","shape":"bezier","stroke":"dotted"},"typeID":"Arrow","w":"124","x":"1017","y":"1818","zOrder":"36"},{"ID":"37","h":"21","measuredH":"20","measuredW":"123","properties":{"color":"2848996","curvature":"0","direction":"bottom","leftArrow":"false","p0":{"length":123,"x":123,"y":0},"p1":{"length":0.4738906925817147,"x":0.473885155772755,"y":0.00229077580940721},"p2":{"length":20,"x":0,"y":20},"rightArrow":"false","shape":"bezier","stroke":"dotted"},"typeID":"Arrow","w":"124","x":"1011","y":"1794","zOrder":"37"},{"ID":"38","h":"366","measuredH":"365","measuredW":"210","properties":{"color":"2848996","curvature":"-1","direction":"top","leftArrow":"false","p0":{"length":0,"x":0,"y":0},"p1":{"length":0.5431292904961396,"x":0.5220922035809953,"y":-0.1496968842520795},"p2":{"length":421.0997506529777,"x":210,"y":365},"rightArrow":"false","shape":"bezier"},"typeID":"Arrow","w":"211","x":"421","y":"1447","zOrder":"38"},{"ID":"39","h":"71","measuredH":"70","measuredW":"1","properties":{"color":"10027263","curvature":"0","direction":"top","leftArrow":"false","p0":{"length":70.00714249274856,"x":1,"y":70},"p1":{"length":0.468480569910445,"x":0.4684719913970086,"y":0.002835076742594586},"p2":{"length":1,"x":1,"y":0},"rightArrow":"false","shape":"bezier","stroke":"dotted"},"typeID":"Arrow","w":"2","x":"260","y":"1544","zOrder":"39"},{"ID":"40","h":"94","measuredH":"93","measuredW":"74","properties":{"color":"10027263","curvature":"-1","direction":"bottom","leftArrow":"false","p0":{"length":93,"x":0,"y":93},"p1":{"length":0.6450413563151326,"x":0.6083656396653744,"y":0.21440522342379104},"p2":{"length":74.00675644831355,"x":74,"y":1},"rightArrow":"false","shape":"bezier","stroke":"dotted"},"typeID":"Arrow","w":"75","x":"231","y":"1424","zOrder":"40"},{"ID":"41","h":"133","measuredH":"132","measuredW":"123","properties":{"color":"10027263","curvature":"1","direction":"top","leftArrow":"false","p0":{"length":180.42449944505873,"x":123,"y":132},"p1":{"length":0.5160466847817807,"x":0.4752557367984518,"y":0.20108745737720027},"p2":{"length":0,"x":0,"y":0},"rightArrow":"false","shape":"bezier","stroke":"dotted"},"typeID":"Arrow","w":"124","x":"598","y":"1575","zOrder":"41"},{"ID":"42","h":"93","measuredH":"92","measuredW":"106","properties":{"color":"10027263","curvature":"1","direction":"top","leftArrow":"false","p0":{"length":140.356688476182,"x":106,"y":92},"p1":{"length":0.5612259966264392,"x":0.5242639593908629,"y":0.2003045685279188},"p2":{"length":0,"x":0,"y":0},"rightArrow":"false","shape":"bezier","stroke":"dotted"},"typeID":"Arrow","w":"107","x":"620","y":"1571","zOrder":"42"},{"ID":"43","h":"46","measuredH":"45","measuredW":"75","properties":{"color":"10027263","curvature":"1","direction":"top","leftArrow":"false","p0":{"length":87.46427842267951,"x":75,"y":45},"p1":{"length":0.6391374907061422,"x":0.5980392156862747,"y":0.22549019607843143},"p2":{"length":0,"x":0,"y":0},"rightArrow":"false","shape":"bezier","stroke":"dotted"},"typeID":"Arrow","w":"76","x":"649","y":"1573","zOrder":"43"},{"ID":"44","h":"118","measuredH":"117","measuredW":"79","properties":{"color":"10027263","curvature":"0","direction":"top","leftArrow":"false","p0":{"length":141.1736519326464,"x":79,"y":117},"p1":{"length":0.48136367588301543,"x":0.48128449573507287,"y":-0.00873055694932263},"p2":{"length":0,"x":0,"y":0},"rightArrow":"false","shape":"bezier","stroke":"dotted"},"typeID":"Arrow","w":"80","x":"483","y":"1426","zOrder":"44"},{"ID":"45","h":"1","measuredH":"0","measuredW":"56","properties":{"color":"10027263","curvature":"0","direction":"top","leftArrow":"false","p0":{"length":56,"x":56,"y":0},"p1":{"length":0.47109807413991345,"x":0.4710383049683653,"y":0.007504046299475204},"p2":{"length":0,"x":0,"y":0},"rightArrow":"false","shape":"bezier","stroke":"dotted"},"typeID":"Arrow","w":"57","x":"526","y":"1427","zOrder":"45"},{"ID":"46","h":"90","measuredH":"89","measuredW":"71","properties":{"color":"2848996","curvature":"1","direction":"top","leftArrow":"false","p0":{"length":113.85077953180644,"x":71,"y":89},"p1":{"length":0.5141752640513094,"x":0.4814618292763812,"y":0.18047356901240283},"p2":{"length":0,"x":0,"y":0},"rightArrow":"false","shape":"bezier","stroke":"dotted"},"typeID":"Arrow","w":"72","x":"700","y":"1447","zOrder":"46"},{"ID":"47","h":"50","measuredH":"48","measuredW":"67","properties":{"color":"2848996","curvature":"-1","direction":"top","leftArrow":"false","p0":{"length":82.41965784932621,"x":67,"y":48},"p1":{"length":0.4834588204030492,"x":0.4618427902134307,"y":-0.14294638209266025},"p2":{"length":0,"x":0,"y":0},"rightArrow":"false","shape":"bezier","stroke":"dotted"},"typeID":"Arrow","w":"69","x":"712","y":"1427","zOrder":"47"},{"ID":"48","h":"178","measuredH":"177","measuredW":"165","properties":{"color":"2848996","curvature":"1","direction":"bottom","leftArrow":"false","p0":{"length":165,"x":165,"y":0},"p1":{"length":0.6102319206616598,"x":0.5791841992271362,"y":-0.19216831258050665},"p2":{"length":177.00282483621552,"x":1,"y":177},"rightArrow":"false","shape":"bezier"},"typeID":"Arrow","w":"166","x":"421","y":"1248","zOrder":"48"},{"ID":"49","h":"86","measuredH":"85","measuredW":"157","properties":{"color":"10027263","curvature":"-1","direction":"top","leftArrow":"false","p0":{"length":178.53291013143766,"x":157,"y":85},"p1":{"length":0.5096891694678537,"x":0.5048661800486618,"y":-0.06995133819951342},"p2":{"length":0,"x":0,"y":0},"rightArrow":"false","shape":"bezier","stroke":"dotted"},"typeID":"Arrow","w":"158","x":"689","y":"1237","zOrder":"49"},{"ID":"50","h":"37","measuredH":"36","measuredW":"169","properties":{"color":"2848996","curvature":"1","direction":"bottom","leftArrow":"false","p0":{"length":169,"x":169,"y":0},"p1":{"length":0.51486881558342,"x":0.5145547945205478,"y":-0.01797945205479508},"p2":{"length":36,"x":0,"y":36},"rightArrow":"false","shape":"bezier","stroke":"dotted"},"typeID":"Arrow","w":"170","x":"288","y":"1248","zOrder":"50"},{"ID":"51","h":"6","measuredH":"5","measuredW":"170","properties":{"color":"2848996","curvature":"-1","direction":"top","leftArrow":"false","p0":{"length":170.07351351694948,"x":170,"y":5},"p1":{"length":0.5148688155834202,"x":0.514554794520548,"y":-0.017979452054794513},"p2":{"length":2,"x":0,"y":2},"rightArrow":"false","shape":"bezier","stroke":"dotted"},"typeID":"Arrow","w":"171","x":"281","y":"1238","zOrder":"51"},{"ID":"52","h":"44","measuredH":"43","measuredW":"165","properties":{"color":"2848996","curvature":"-1","direction":"top","leftArrow":"false","p0":{"length":170.51099671282202,"x":165,"y":43},"p1":{"length":0.5148688155834201,"x":0.5145547945205479,"y":-0.017979452054794544},"p2":{"length":0,"x":0,"y":0},"rightArrow":"false","shape":"bezier","stroke":"dotted"},"typeID":"Arrow","w":"166","x":"287","y":"1190","zOrder":"52"},{"ID":"53","h":"80","measuredH":"79","measuredW":"23","properties":{"color":"2848996","curvature":"1","direction":"bottom","leftArrow":"false","p0":{"length":79,"x":0,"y":79},"p1":{"length":0.5155127783649347,"x":0.46839867737364194,"y":-0.21530467642890885},"p2":{"length":13,"x":13,"y":0},"rightArrow":"false","shape":"bezier","text":""},"typeID":"Arrow","w":"24","x":"634","y":"1147","zOrder":"53"},{"ID":"54","h":"15","measuredH":"14","measuredW":"221","properties":{"color":"2848996","curvature":"0","direction":"top","leftArrow":"false","p0":{"length":221.44299492194375,"x":221,"y":14},"p1":{"length":0.4540233391595285,"x":0.45401751492485337,"y":-0.0022997049873399963},"p2":{"length":0,"x":0,"y":0},"rightArrow":"false","shape":"bezier","stroke":"dotted"},"typeID":"Arrow","w":"222","x":"791","y":"1141","zOrder":"54"},{"ID":"55","h":"60","measuredH":"59","measuredW":"221","properties":{"color":"2848996","curvature":"0","direction":"top","leftArrow":"false","p0":{"length":228.74002710500844,"x":221,"y":59},"p1":{"length":0.454023339159528,"x":0.45401751492485287,"y":-0.0022997049873399265},"p2":{"length":0,"x":0,"y":0},"rightArrow":"false","shape":"bezier","stroke":"dotted"},"typeID":"Arrow","w":"222","x":"785","y":"1145","zOrder":"55"},{"ID":"56","h":"27","measuredH":"26","measuredW":"212","properties":{"color":"2848996","curvature":"0","direction":"bottom","leftArrow":"false","p0":{"length":212,"x":212,"y":0},"p1":{"length":0.4540233391595283,"x":0.4540175149248532,"y":-0.002299704987339999},"p2":{"length":26,"x":0,"y":26},"rightArrow":"false","shape":"bezier","stroke":"dotted"},"typeID":"Arrow","w":"213","x":"793","y":"1111","zOrder":"56"},{"ID":"57","h":"87","measuredH":"86","measuredW":"233","properties":{"color":"10027263","curvature":"1","direction":"bottom","leftArrow":"false","p0":{"length":233,"x":233,"y":0},"p1":{"length":0.5132593836863036,"x":0.5070114290346114,"y":-0.07984112831320413},"p2":{"length":86,"x":0,"y":86},"rightArrow":"false","shape":"bezier","stroke":"dotted"},"typeID":"Arrow","w":"234","x":"702","y":"908","zOrder":"57"},{"ID":"58","h":"107","measuredH":"106","measuredW":"80","properties":{"color":"2848996","curvature":"1","direction":"bottom","leftArrow":"false","p0":{"length":80,"x":80,"y":0},"p1":{"length":0.501054655944908,"x":0.4879820026048863,"y":-0.11370722658562572},"p2":{"length":106,"x":0,"y":106},"rightArrow":"false","shape":"bezier","stroke":"dotted"},"typeID":"Arrow","w":"81","x":"710","y":"738","zOrder":"58"},{"ID":"59","h":"162","measuredH":"161","measuredW":"92","properties":{"color":"2848996","curvature":"1","direction":"bottom","leftArrow":"false","p0":{"length":92,"x":92,"y":0},"p1":{"length":0.5010546559449078,"x":0.48798200260488617,"y":-0.11370722658562572},"p2":{"length":161,"x":0,"y":161},"rightArrow":"false","shape":"bezier","stroke":"dotted"},"typeID":"Arrow","w":"93","x":"686","y":"692","zOrder":"59"},{"ID":"60","h":"71","measuredH":"70","measuredW":"201","properties":{"color":"2848996","curvature":"0","direction":"bottom","leftArrow":"false","p0":{"length":201,"x":201,"y":0},"p1":{"length":0.4540233391595282,"x":0.4540175149248531,"y":-0.00229970498733998},"p2":{"length":70,"x":0,"y":70},"rightArrow":"false","shape":"bezier","stroke":"dotted"},"typeID":"Arrow","w":"202","x":"797","y":"1060","zOrder":"60"},{"ID":"61","h":"107","measuredH":"106","measuredW":"33","properties":{"color":"2848996","curvature":"-1","direction":"top","leftArrow":"false","p0":{"length":22,"x":22,"y":0},"p1":{"length":0.5785559515548718,"x":0.5204368174726989,"y":-0.2527301092043681},"p2":{"length":111.0180165558726,"x":33,"y":106},"rightArrow":"false","shape":"bezier"},"typeID":"Arrow","w":"34","x":"596","y":"1009","zOrder":"61"},{"ID":"62","h":"34","measuredH":"33","measuredW":"148","properties":{"color":"2848996","curvature":"-1","direction":"bottom","leftArrow":"false","p0":{"length":148,"x":148,"y":0},"p1":{"length":0.4512986882133154,"x":0.45079101868865695,"y":0.021400080670461157},"p2":{"length":33,"x":0,"y":33},"rightArrow":"false","shape":"bezier","stroke":"dotted"},"typeID":"Arrow","w":"149","x":"333","y":"1006","zOrder":"62"},{"ID":"63","h":"49","measuredH":"48","measuredW":"149","properties":{"color":"2848996","curvature":"-1","direction":"top","leftArrow":"false","p0":{"length":156.54072952429985,"x":149,"y":48},"p1":{"length":0.5148688155834201,"x":0.5145547945205479,"y":-0.017979452054794468},"p2":{"length":0,"x":0,"y":0},"rightArrow":"false","shape":"bezier","stroke":"dotted"},"typeID":"Arrow","w":"150","x":"333","y":"953","zOrder":"63"},{"ID":"64","h":"5","measuredH":"4","measuredW":"159","properties":{"color":"2848996","curvature":"0","direction":"top","leftArrow":"false","p0":{"length":159.05030650709227,"x":159,"y":4},"p1":{"length":0.4502807169420433,"x":0.4501850789844111,"y":0.00928001668317608},"p2":{"length":0,"x":0,"y":0},"rightArrow":"false","shape":"bezier","stroke":"dotted"},"typeID":"Arrow","w":"160","x":"320","y":"998","zOrder":"64"},{"ID":"65","h":"124","measuredH":"123","measuredW":"33","properties":{"color":"2848996","curvature":"-1","direction":"bottom","leftArrow":"false","p0":{"length":20,"x":20,"y":0},"p1":{"length":0.5092536532052049,"x":0.4760057453625841,"y":0.18099119780988748},"p2":{"length":123,"x":0,"y":123},"rightArrow":"false","shape":"bezier"},"typeID":"Arrow","w":"34","x":"634","y":"865","zOrder":"65"},{"ID":"66","h":"251","measuredH":"250","measuredW":"50","properties":{"color":"2848996","curvature":"-1","direction":"top","leftArrow":"false","p0":{"length":33,"x":33,"y":0},"p1":{"length":0.5149348597880793,"x":0.48903470353087286,"y":-0.1612543598400992},"p2":{"length":254.95097567963924,"x":50,"y":250},"rightArrow":"false","shape":"bezier"},"typeID":"Arrow","w":"51","x":"595","y":"599","zOrder":"66"},{"ID":"67","h":"213","measuredH":"212","measuredW":"129","properties":{"color":"2848996","curvature":"0","direction":"bottom","leftArrow":"false","p0":{"length":129,"x":129,"y":0},"p1":{"length":0.4758959123561307,"x":0.47589093518297126,"y":0.0021765127959818427},"p2":{"length":212,"x":0,"y":212},"rightArrow":"false","shape":"bezier","stroke":"dotted"},"typeID":"Arrow","w":"130","x":"428","y":"588","zOrder":"67"},{"ID":"68","h":"158","measuredH":"157","measuredW":"120","properties":{"color":"2848996","curvature":"0","direction":"bottom","leftArrow":"false","p0":{"length":120,"x":120,"y":0},"p1":{"length":0.4668714996150437,"x":0.46686783637115814,"y":0.0018494634122600195},"p2":{"length":157,"x":0,"y":157},"rightArrow":"false","shape":"bezier","stroke":"dotted"},"typeID":"Arrow","w":"121","x":"431","y":"581","zOrder":"68"},{"ID":"69","h":"120","measuredH":"119","measuredW":"118","properties":{"color":"2848996","curvature":"0","direction":"bottom","leftArrow":"false","p0":{"length":118,"x":118,"y":0},"p1":{"length":0.4638038171054964,"x":0.46376334167874567,"y":-0.006127289497957557},"p2":{"length":119,"x":0,"y":119},"rightArrow":"false","shape":"bezier","stroke":"dotted"},"typeID":"Arrow","w":"119","x":"434","y":"569","zOrder":"69"},{"ID":"70","h":"82","measuredH":"81","measuredW":"127","properties":{"color":"2848996","curvature":"0","direction":"bottom","leftArrow":"false","p0":{"length":127,"x":127,"y":0},"p1":{"length":0.46826071309757666,"x":0.4682571775171856,"y":0.0018196522442377747},"p2":{"length":81,"x":0,"y":81},"rightArrow":"false","shape":"bezier","stroke":"dotted"},"typeID":"Arrow","w":"128","x":"429","y":"563","zOrder":"70"},{"ID":"71","h":"34","measuredH":"33","measuredW":"122","properties":{"color":"2848996","curvature":"0","direction":"bottom","leftArrow":"false","p0":{"length":122,"x":122,"y":0},"p1":{"length":0.45028071694204375,"x":0.4501850789844116,"y":0.00928001668317608},"p2":{"length":33,"x":0,"y":33},"rightArrow":"false","shape":"bezier","stroke":"dotted"},"typeID":"Arrow","w":"123","x":"429","y":"565","zOrder":"71"},{"ID":"72","h":"84","measuredH":"83","measuredW":"107","properties":{"color":"2848996","curvature":"1","direction":"top","leftArrow":"false","p0":{"length":135.41787178950938,"x":107,"y":83},"p1":{"length":0.5179501120391188,"x":0.5177263969171482,"y":0.0152215799614642},"p2":{"length":0,"x":0,"y":0},"rightArrow":"false","shape":"bezier","stroke":"dotted"},"typeID":"Arrow","w":"108","x":"787","y":"520","zOrder":"72"},{"ID":"73","h":"38","measuredH":"37","measuredW":"96","properties":{"color":"2848996","curvature":"-1","direction":"top","leftArrow":"false","p0":{"length":102.88342918079664,"x":96,"y":37},"p1":{"length":0.48834964512812046,"x":0.4882200619773317,"y":-0.011249310183809558},"p2":{"length":0,"x":0,"y":0},"rightArrow":"false","shape":"bezier","stroke":"dotted"},"typeID":"Arrow","w":"97","x":"787","y":"517","zOrder":"73"},{"ID":"74","h":"15","measuredH":"14","measuredW":"108","properties":{"color":"2848996","curvature":"0","direction":"bottom","leftArrow":"false","p0":{"length":108,"x":108,"y":0},"p1":{"length":0.45329968793573056,"x":0.4532883642495784,"y":-0.0032040472175379714},"p2":{"length":14,"x":0,"y":14},"rightArrow":"false","shape":"bezier","stroke":"dotted"},"typeID":"Arrow","w":"109","x":"788","y":"501","zOrder":"74"},{"ID":"75","h":"58","measuredH":"57","measuredW":"97","properties":{"color":"2848996","curvature":"0","direction":"bottom","leftArrow":"false","p0":{"length":97,"x":97,"y":0},"p1":{"length":0.4929592777882588,"x":0.4929203539823005,"y":-0.006194690265486787},"p2":{"length":57,"x":0,"y":57},"rightArrow":"false","shape":"bezier","stroke":"dotted"},"typeID":"Arrow","w":"98","x":"787","y":"452","zOrder":"75"},{"ID":"76","h":"59","measuredH":"58","measuredW":"110","properties":{"color":"2848996","curvature":"-1","direction":"top","leftArrow":"false","p0":{"length":124.35433245367852,"x":110,"y":58},"p1":{"length":0.4585249091872984,"x":0.45522128005575574,"y":-0.054942502032756434},"p2":{"length":0,"x":0,"y":0},"rightArrow":"false","shape":"bezier","stroke":"dotted"},"typeID":"Arrow","w":"111","x":"432","y":"389","zOrder":"76"},{"ID":"77","h":"58","measuredH":"57","measuredW":"111","properties":{"color":"2848996","curvature":"-1","direction":"bottom","leftArrow":"false","p0":{"length":111,"x":111,"y":0},"p1":{"length":0.48320470758421347,"x":0.47938350680544434,"y":0.06064851881505207},"p2":{"length":57,"x":0,"y":57},"rightArrow":"false","shape":"bezier","stroke":"dotted"},"typeID":"Arrow","w":"112","x":"430","y":"471","zOrder":"77"},{"ID":"78","h":"23","measuredH":"22","measuredW":"111","properties":{"color":"2848996","curvature":"-1","direction":"bottom","leftArrow":"false","p0":{"length":111,"x":111,"y":0},"p1":{"length":0.4458144099180621,"x":0.4453729012104649,"y":0.01983600156188987},"p2":{"length":22,"x":0,"y":22},"rightArrow":"false","shape":"bezier","stroke":"dotted"},"typeID":"Arrow","w":"112","x":"434","y":"461","zOrder":"78"},{"ID":"79","h":"14","measuredH":"13","measuredW":"114","properties":{"color":"2848996","curvature":"0","direction":"top","leftArrow":"false","p0":{"length":114.73883387938018,"x":114,"y":13},"p1":{"length":0.4652808414804901,"x":0.4652789342214824,"y":-0.0013322231473772803},"p2":{"length":0,"x":0,"y":0},"rightArrow":"false","shape":"bezier","stroke":"dotted"},"typeID":"Arrow","w":"115","x":"431","y":"438","zOrder":"79"},{"ID":"80","h":"67","measuredH":"66","measuredW":"14","properties":{"color":"2848996","curvature":"1","direction":"top","leftArrow":"false","p0":{"length":0,"x":0,"y":0},"p1":{"length":0.529252928988914,"x":0.510715363718684,"y":0.13884696649562317},"p2":{"length":66.61080993352356,"x":9,"y":66},"rightArrow":"false","shape":"bezier"},"typeID":"Arrow","w":"15","x":"658","y":"377","zOrder":"80"},{"ID":"81","h":"55","measuredH":"140","measuredW":"200","properties":{"color":"16776960"},"typeID":"TextArea","w":"250","x":"543","y":"429","zOrder":"81"},{"ID":"82","measuredH":"40","measuredW":"149","properties":{"bold":"true","size":"32","text":"Front-end"},"typeID":"Label","x":"563","y":"221","zOrder":"82"},{"ID":"83","h":"74","measuredH":"73","measuredW":"18","properties":{"color":"2848996","curvature":"-1","direction":"bottom","leftArrow":"false","p0":{"length":8,"x":8,"y":0},"p1":{"length":0.4979530082684307,"x":0.45894941634241254,"y":0.19319066147859923},"p2":{"length":73,"x":0,"y":73},"rightArrow":"false","shape":"bezier","stroke":"dotted"},"typeID":"Arrow","w":"19","x":"637","y":"147","zOrder":"83"},{"ID":"84","h":"61","measuredH":"60","measuredW":"15","properties":{"color":"2848996","curvature":"-1","direction":"top","leftArrow":"false","p0":{"length":2,"x":2,"y":0},"p1":{"length":0.4752342503759216,"x":0.46391752577319545,"y":-0.1030927835051546},"p2":{"length":61.84658438426491,"x":15,"y":60},"rightArrow":"false","shape":"bezier"},"typeID":"Arrow","w":"16","x":"626","y":"277","zOrder":"84"},{"ID":"85","measuredH":"26","measuredW":"147","properties":{"bold":"true","size":"18","text":"Learn the Basics"},"typeID":"Label","x":"589","y":"344","zOrder":"85"},{"ID":"86","measuredH":"25","measuredW":"48","properties":{"bold":"true","size":"17","text":"HTML"},"typeID":"Label","x":"644","y":"444","zOrder":"86"},{"ID":"87","h":"40","measuredH":"140","measuredW":"200","properties":{"color":"16770457"},"typeID":"TextArea","w":"270","x":"173","y":"369","zOrder":"87"},{"ID":"88","measuredH":"25","measuredW":"131","properties":{"size":"17","text":"Learn the basics"},"typeID":"Label","w":"134","x":"241","y":"377","zOrder":"88"},{"ID":"89","h":"40","measuredH":"140","measuredW":"200","properties":{"color":"16770457"},"typeID":"TextArea","w":"270","x":"173","y":"416","zOrder":"89"},{"ID":"90","measuredH":"25","measuredW":"186","properties":{"size":"17","text":"Writing Semantic HTML"},"typeID":"Label","w":"189","x":"214","y":"424","zOrder":"90"},{"ID":"91","h":"40","measuredH":"140","measuredW":"200","properties":{"color":"16770457"},"typeID":"TextArea","w":"270","x":"173","y":"462","zOrder":"91"},{"ID":"92","measuredH":"25","measuredW":"83","properties":{"size":"17","text":"Basic SEO"},"typeID":"Label","w":"84","x":"266","y":"470","zOrder":"92"},{"ID":"93","h":"40","measuredH":"140","measuredW":"200","properties":{"color":"16770457"},"typeID":"TextArea","w":"270","x":"173","y":"509","zOrder":"93"},{"ID":"94","measuredH":"25","measuredW":"97","properties":{"size":"17","text":"Accessibility"},"typeID":"Label","w":"100","x":"258","y":"517","zOrder":"94"},{"ID":"95","h":"50","measuredH":"140","measuredW":"200","properties":{"color":"16776960"},"typeID":"TextArea","w":"250","x":"543","y":"491","zOrder":"95"},{"ID":"96","measuredH":"25","measuredW":"35","properties":{"bold":"true","size":"17","text":"CSS"},"typeID":"Label","x":"651","y":"504","zOrder":"96"},{"ID":"97","measuredH":"10","measuredW":"100","properties":{"color":"10027263"},"typeID":"HRule","x":"1126","y":"498","zOrder":"97"},{"ID":"98","h":"185","measuredH":"140","measuredW":"200","properties":{"color":"16770457"},"typeID":"TextArea","w":"116","x":"1195","y":"436","zOrder":"98"},{"ID":"99","h":"43","measuredH":"140","measuredW":"200","properties":{"color":"16770457"},"typeID":"TextArea","w":"297","x":"875","y":"433","zOrder":"99"},{"ID":"100","measuredH":"25","measuredW":"131","properties":{"size":"17","text":"Learn the basics"},"typeID":"Label","w":"140","x":"954","y":"442","zOrder":"100"},{"ID":"101","h":"47","measuredH":"140","measuredW":"200","properties":{"color":"16770457"},"typeID":"TextArea","w":"298","x":"874","y":"481","zOrder":"101"},{"ID":"102","measuredH":"25","measuredW":"122","properties":{"size":"17","text":"Making Layouts"},"typeID":"Label","w":"130","x":"959","y":"492","zOrder":"102"},{"ID":"103","h":"42","measuredH":"140","measuredW":"200","properties":{"color":"16770457"},"typeID":"TextArea","w":"297","x":"875","y":"580","zOrder":"103"},{"ID":"104","measuredH":"25","measuredW":"101","properties":{"size":"17","text":"Learn CSS 3"},"typeID":"Label","w":"106","x":"971","y":"589","zOrder":"104"},{"ID":"105","measuredH":"25","measuredW":"46","properties":{"size":"17","text":"Floats"},"typeID":"Label","x":"1230","y":"449","zOrder":"105"},{"ID":"106","h":"43","measuredH":"140","measuredW":"200","properties":{"color":"16770457"},"typeID":"TextArea","w":"297","x":"875","y":"532","zOrder":"106"},{"ID":"107","measuredH":"25","measuredW":"113","properties":{"size":"17","text":"Media Queries"},"typeID":"Label","w":"123","x":"963","y":"541","zOrder":"107"},{"ID":"108","measuredH":"25","measuredW":"84","properties":{"size":"17","text":"Positioning"},"typeID":"Label","x":"1211","y":"476","zOrder":"108"},{"ID":"109","measuredH":"25","measuredW":"56","properties":{"size":"17","text":"Display"},"typeID":"Label","x":"1225","y":"503","zOrder":"109"},{"ID":"110","measuredH":"25","measuredW":"79","properties":{"size":"17","text":"Box Model"},"typeID":"Label","x":"1214","y":"530","zOrder":"110"},{"ID":"111","measuredH":"25","measuredW":"73","properties":{"size":"17","text":"CSS Grid"},"typeID":"Label","x":"1217","y":"557","zOrder":"111"},{"ID":"112","measuredH":"25","measuredW":"65","properties":{"size":"17","text":"Flex Box"},"typeID":"Label","x":"1221","y":"584","zOrder":"112"},{"ID":"113","h":"50","measuredH":"140","measuredW":"200","properties":{"color":"16776960"},"typeID":"TextArea","w":"250","x":"543","y":"550","zOrder":"113"},{"ID":"114","measuredH":"25","measuredW":"168","properties":{"bold":"true","size":"17","text":"Basics of JavaScript"},"typeID":"Label","x":"584","y":"563","zOrder":"114"},{"ID":"115","h":"40","measuredH":"140","measuredW":"200","properties":{"color":"16770457"},"typeID":"TextArea","w":"270","x":"173","y":"573","zOrder":"115"},{"ID":"116","measuredH":"25","measuredW":"228","properties":{"size":"17","text":"Syntax and Basic Constructs"},"typeID":"Label","w":"228","x":"194","y":"581","zOrder":"116"},{"ID":"117","h":"40","measuredH":"140","measuredW":"200","properties":{"color":"16770457"},"typeID":"TextArea","w":"270","x":"173","y":"619","zOrder":"117"},{"ID":"118","measuredH":"25","measuredW":"190","properties":{"size":"17","text":"Learn DOM Manipulation"},"typeID":"Label","w":"197","x":"210","y":"627","zOrder":"118"},{"ID":"119","h":"145","measuredH":"140","measuredW":"200","properties":{"color":"16770457"},"typeID":"TextArea","w":"270","x":"174","y":"763","zOrder":"119"},{"ID":"120","measuredH":"25","measuredW":"242","properties":{"size":"17","text":"Hoisting, Event Bubbling, Scope"},"typeID":"Label","w":"247","x":"187","y":"808","zOrder":"120"},{"ID":"121","measuredH":"25","measuredW":"243","properties":{"size":"17","text":"Prototype, Shadow DOM, strict,"},"typeID":"Label","w":"245","x":"187","y":"837","zOrder":"121"},{"ID":"122","measuredH":"25","measuredW":"197","properties":{"size":"17","text":"Understand the concepts"},"typeID":"Label","w":"202","x":"209","y":"778","zOrder":"122"},{"ID":"123","h":"40","measuredH":"140","measuredW":"200","properties":{"color":"16770457"},"typeID":"TextArea","w":"270","x":"174","y":"666","zOrder":"123"},{"ID":"124","measuredH":"25","measuredW":"230","properties":{"size":"17","text":"Learn Fetch API / Ajax (XHR)"},"typeID":"Label","w":"234","x":"192","y":"674","zOrder":"124"},{"ID":"125","h":"40","measuredH":"140","measuredW":"200","properties":{"color":"16770457"},"typeID":"TextArea","w":"270","x":"174","y":"714","zOrder":"125"},{"ID":"126","measuredH":"25","measuredW":"232","properties":{"size":"17","text":"ES6+ and modular JavaScript"},"typeID":"Label","w":"234","x":"192","y":"722","zOrder":"126"},{"ID":"127","h":"50","measuredH":"140","measuredW":"200","properties":{"color":"16776960"},"typeID":"TextArea","w":"250","x":"540","y":"834","zOrder":"127"},{"ID":"128","measuredH":"25","measuredW":"150","properties":{"bold":"true","size":"17","text":"Package Managers"},"typeID":"Label","x":"590","y":"847","zOrder":"128"},{"ID":"129","h":"40","measuredH":"140","measuredW":"200","properties":{"color":"16776960"},"typeID":"TextArea","w":"106","x":"767","y":"675","zOrder":"129"},{"ID":"130","measuredH":"25","measuredW":"33","properties":{"size":"17","text":"npm"},"typeID":"Label","w":"33","x":"804","y":"683","zOrder":"130"},{"ID":"131","h":"40","measuredH":"140","measuredW":"200","properties":{"color":"16776960"},"typeID":"TextArea","w":"106","x":"767","y":"720","zOrder":"131"},{"ID":"132","measuredH":"25","measuredW":"33","properties":{"size":"17","text":"yarn"},"typeID":"Label","w":"33","x":"804","y":"728","zOrder":"132"},{"ID":"133","h":"88","measuredH":"140","measuredW":"200","properties":{"color":"3355443"},"typeID":"TextArea","w":"439","x":"885","y":"674","zOrder":"133"},{"ID":"134","measuredH":"25","measuredW":"402","properties":{"color":"15658734","size":"17","text":"{color:yellow}npm{color} improved a lot, post v5+, but is still behind yarn"},"typeID":"Label","w":"403","x":"905","y":"689","zOrder":"134"},{"ID":"135","measuredH":"25","measuredW":"390","properties":{"color":"15658734","size":"17","text":"in some features; nothing serious though. Pick any!"},"typeID":"Label","w":"395","x":"905","y":"719","zOrder":"135"},{"ID":"136","h":"50","measuredH":"140","measuredW":"200","properties":{"color":"16776960"},"typeID":"TextArea","w":"250","x":"465","y":"976","zOrder":"136"},{"ID":"137","measuredH":"25","measuredW":"165","properties":{"bold":"true","size":"17","text":"CSS Pre-processors"},"typeID":"Label","x":"508","y":"989","zOrder":"137"},{"ID":"138","children":{"controls":{"control":[{"ID":"0","h":"40","measuredH":"140","measuredW":"200","properties":{"color":"16776960"},"typeID":"TextArea","w":"146","x":"0","y":"0","zOrder":"0"},{"ID":"1","measuredH":"25","measuredW":"46","properties":{"size":"17","text":"SASS"},"typeID":"Label","w":"46","x":"50","y":"8","zOrder":"1"}]}},"h":"40","measuredH":"40","measuredW":"146","typeID":"__group__","w":"146","x":"201","y":"932","zOrder":"138"},{"ID":"139","h":"40","measuredH":"140","measuredW":"200","properties":{"color":"16770457"},"typeID":"TextArea","w":"146","x":"201","y":"978","zOrder":"139"},{"ID":"140","measuredH":"25","measuredW":"70","properties":{"size":"17","text":"PostCSS"},"typeID":"Label","w":"69","x":"240","y":"986","zOrder":"140"},{"ID":"141","children":{"controls":{"control":[{"ID":"0","h":"40","measuredH":"140","measuredW":"200","properties":{"color":"15658734"},"typeID":"TextArea","w":"146","x":"0","y":"0","zOrder":"0"},{"ID":"1","measuredH":"25","measuredW":"38","properties":{"size":"17","text":"Less"},"typeID":"Label","w":"42","x":"52","y":"8","zOrder":"1"}]}},"h":"40","measuredH":"40","measuredW":"146","typeID":"__group__","w":"146","x":"201","y":"1023","zOrder":"141"},{"ID":"142","h":"154","measuredH":"140","measuredW":"200","properties":{"color":"3355443","text":""},"typeID":"TextArea","w":"447","x":"879","y":"824","zOrder":"142"},{"ID":"143","measuredH":"25","measuredW":"401","properties":{"color":"15658734","size":"17","text":"PostCSS is not a pre-processor but can be used as"},"typeID":"Label","w":"403","x":"902","y":"844","zOrder":"143"},{"ID":"144","measuredH":"25","measuredW":"385","properties":{"color":"15658734","size":"17","text":"one. Go for SASS and revisit PostCSS later. There"},"typeID":"Label","w":"395","x":"902","y":"874","zOrder":"144"},{"ID":"145","measuredH":"25","measuredW":"390","properties":{"color":"15658734","size":"17","text":"is still some {color:yellow}Less{color} in the market but I won't go for it"},"typeID":"Label","w":"395","x":"901","y":"903","zOrder":"145"},{"ID":"146","measuredH":"25","measuredW":"188","properties":{"color":"15658734","size":"17","text":"if I was starting in 2019."},"typeID":"Label","w":"192","x":"901","y":"933","zOrder":"146"},{"ID":"147","h":"50","measuredH":"140","measuredW":"200","properties":{"color":"16776960"},"typeID":"TextArea","w":"250","x":"557","y":"1109","zOrder":"147"},{"ID":"148","measuredH":"25","measuredW":"136","properties":{"bold":"true","size":"17","text":"CSS Frameworks"},"typeID":"Label","x":"614","y":"1122","zOrder":"148"},{"ID":"149","children":{"controls":{"control":[{"ID":"0","children":{"controls":{"control":[{"ID":"0","h":"41","measuredH":"140","measuredW":"200","properties":{"color":"16776960"},"typeID":"TextArea","w":"196","x":"0","y":"0","zOrder":"0"},{"ID":"1","measuredH":"25","measuredW":"74","properties":{"size":"17","text":"Bootstrap"},"typeID":"Label","w":"72","x":"62","y":"8","zOrder":"1"}]}},"h":"41","measuredH":"41","measuredW":"196","typeID":"__group__","w":"196","x":"0","y":"0","zOrder":"0"},{"ID":"1","children":{"controls":{"control":[{"ID":"0","h":"41","measuredH":"140","measuredW":"200","properties":{"color":"16770457"},"typeID":"TextArea","w":"196","x":"0","y":"0","zOrder":"0"},{"ID":"1","measuredH":"25","measuredW":"124","properties":{"size":"17","text":"Materialize CSS"},"typeID":"Label","w":"128","x":"34","y":"8","zOrder":"1"}]}},"h":"41","measuredH":"41","measuredW":"196","typeID":"__group__","w":"196","x":"0","y":"48","zOrder":"1"},{"ID":"2","children":{"controls":{"control":[{"ID":"0","h":"41","measuredH":"140","measuredW":"200","properties":{"color":"16770457"},"typeID":"TextArea","w":"196","x":"0","y":"0","zOrder":"0"},{"ID":"1","measuredH":"25","measuredW":"47","properties":{"size":"17","text":"Bulma"},"typeID":"Label","w":"48","x":"74","y":"8","zOrder":"1"}]}},"h":"41","measuredH":"41","measuredW":"196","typeID":"__group__","w":"196","x":"0","y":"95","zOrder":"2"},{"ID":"3","children":{"controls":{"control":[{"ID":"0","h":"41","measuredH":"140","measuredW":"200","properties":{"color":"16770457"},"typeID":"TextArea","w":"196","x":"0","y":"0","zOrder":"0"},{"ID":"1","measuredH":"25","measuredW":"96","properties":{"size":"17","text":"Semantic UI"},"typeID":"Label","w":"97","x":"50","y":"8","zOrder":"1"}]}},"h":"41","measuredH":"41","measuredW":"196","typeID":"__group__","w":"196","x":"0","y":"143","zOrder":"3"}]}},"h":"184","measuredH":"184","measuredW":"196","typeID":"__group__","w":"196","x":"982","y":"1042","zOrder":"149"},{"ID":"150","h":"50","measuredH":"140","measuredW":"200","properties":{"color":"16776960"},"typeID":"TextArea","w":"250","x":"445","y":"1211","zOrder":"150"},{"ID":"151","measuredH":"25","measuredW":"142","properties":{"bold":"true","size":"17","text":"CSS Architecture"},"typeID":"Label","x":"499","y":"1224","zOrder":"151"},{"ID":"152","h":"40","measuredH":"140","measuredW":"200","properties":{"color":"16776960"},"typeID":"TextArea","w":"146","x":"168","y":"1171","zOrder":"152"},{"ID":"153","measuredH":"25","measuredW":"35","properties":{"size":"17","text":"BEM"},"typeID":"Label","w":"35","x":"224","y":"1179","zOrder":"153"},{"ID":"154","h":"40","measuredH":"140","measuredW":"200","properties":{"color":"16770457"},"typeID":"TextArea","w":"146","x":"168","y":"1262","zOrder":"154"},{"ID":"155","measuredH":"25","measuredW":"70","properties":{"size":"17","text":"SMACSS"},"typeID":"Label","w":"69","x":"207","y":"1270","zOrder":"155"},{"ID":"156","h":"40","measuredH":"140","measuredW":"200","properties":{"color":"16770457"},"typeID":"TextArea","w":"146","x":"168","y":"1216","zOrder":"156"},{"ID":"157","measuredH":"25","measuredW":"62","properties":{"size":"17","text":"OOCSS"},"typeID":"Label","w":"65","x":"209","y":"1224","zOrder":"157"},{"ID":"158","h":"159","measuredH":"140","measuredW":"200","properties":{"color":"3355443","text":""},"typeID":"TextArea","w":"502","x":"807","y":"1261","zOrder":"158"},{"ID":"159","children":{"controls":{"control":[{"ID":"0","measuredH":"25","measuredW":"419","properties":{"color":"15658734","size":"17","text":"With modern front-end frameworks, there is more push"},"typeID":"Label","w":"441","x":"1","y":"0","zOrder":"0"},{"ID":"1","measuredH":"25","measuredW":"405","properties":{"color":"15658734","size":"17","text":"towards CSS in JS methodologies with which you are"},"typeID":"Label","w":"456","x":"1","y":"31","zOrder":"1"},{"ID":"2","measuredH":"25","measuredW":"460","properties":{"color":"15658734","size":"17","text":"not going to need these. However, you should still learn {color:yellow}BEM{color}"},"typeID":"Label","w":"464","x":"0","y":"61","zOrder":"2"},{"ID":"3","measuredH":"25","measuredW":"379","properties":{"color":"15658734","size":"17","text":"at-least, which would prove helpful in the long run"},"typeID":"Label","w":"447","x":"0","y":"92","zOrder":"3"}]}},"h":"117","measuredH":"117","measuredW":"464","typeID":"__group__","w":"464","x":"826","y":"1282","zOrder":"159"},{"ID":"160","h":"50","measuredH":"140","measuredW":"200","properties":{"color":"16776960"},"typeID":"TextArea","w":"250","x":"285","y":"1402","zOrder":"160"},{"ID":"161","measuredH":"25","measuredW":"87","properties":{"bold":"true","size":"17","text":"Build Tools"},"typeID":"Label","x":"367","y":"1415","zOrder":"161"},{"ID":"162","h":"40","measuredH":"140","measuredW":"200","properties":{"color":"16776960"},"typeID":"TextArea","w":"176","x":"755","y":"1471","zOrder":"162"},{"ID":"163","measuredH":"25","measuredW":"92","properties":{"size":"17","text":"npm scripts"},"typeID":"Label","w":"97","x":"795","y":"1479","zOrder":"163"},{"ID":"164","h":"40","measuredH":"140","measuredW":"200","properties":{"color":"16770457"},"typeID":"TextArea","w":"176","x":"754","y":"1517","zOrder":"164"},{"ID":"165","measuredH":"25","measuredW":"34","properties":{"size":"17","text":"gulp"},"typeID":"Label","w":"43","x":"821","y":"1525","zOrder":"165"},{"ID":"166","h":"40","measuredH":"140","measuredW":"200","properties":{"color":"16776960"},"typeID":"TextArea","w":"176","x":"710","y":"1597","zOrder":"166"},{"ID":"167","measuredH":"25","measuredW":"72","properties":{"size":"17","text":"Webpack"},"typeID":"Label","w":"72","x":"762","y":"1605","zOrder":"167"},{"ID":"168","h":"40","measuredH":"140","measuredW":"200","properties":{"color":"16770457"},"typeID":"TextArea","w":"176","x":"709","y":"1687","zOrder":"168"},{"ID":"169","measuredH":"25","measuredW":"47","properties":{"size":"17","text":"Rollup"},"typeID":"Label","w":"46","x":"774","y":"1695","zOrder":"169"},{"ID":"170","h":"40","measuredH":"140","measuredW":"200","properties":{"color":"16770457"},"typeID":"TextArea","w":"176","x":"709","y":"1642","zOrder":"170"},{"ID":"171","measuredH":"25","measuredW":"47","properties":{"size":"17","text":"Parcel"},"typeID":"Label","w":"46","x":"774","y":"1650","zOrder":"171"},{"ID":"172","h":"50","measuredH":"140","measuredW":"200","properties":{"color":"16776960"},"typeID":"TextArea","w":"177","x":"515","y":"1529","zOrder":"172"},{"ID":"173","measuredH":"25","measuredW":"134","properties":{"bold":"true","size":"17","text":"Module Bundlers"},"typeID":"Label","x":"538","y":"1542","zOrder":"173"},{"ID":"174","h":"50","measuredH":"140","measuredW":"200","properties":{"color":"16776960"},"typeID":"TextArea","w":"138","x":"579","y":"1402","zOrder":"174"},{"ID":"175","measuredH":"25","measuredW":"109","properties":{"bold":"true","size":"17","text":"Task Runners"},"typeID":"Label","x":"596","y":"1416","zOrder":"175"},{"ID":"176","h":"50","measuredH":"140","measuredW":"200","properties":{"color":"16776960"},"typeID":"TextArea","w":"225","x":"169","y":"1501","zOrder":"176"},{"ID":"177","measuredH":"25","measuredW":"187","properties":{"bold":"true","size":"17","text":"Linters and Formatters"},"typeID":"Label","x":"188","y":"1514","zOrder":"177"},{"ID":"178","children":{"controls":{"control":[{"ID":"0","h":"40","measuredH":"140","measuredW":"200","properties":{"color":"16776960"},"typeID":"TextArea","w":"176","x":"0","y":"0","zOrder":"0"},{"ID":"1","measuredH":"25","measuredW":"59","properties":{"size":"17","text":"Prettier"},"typeID":"Label","w":"58","x":"59","y":"8","zOrder":"1"}]}},"h":"40","measuredH":"40","measuredW":"176","typeID":"__group__","w":"176","x":"172","y":"1595","zOrder":"178"},{"ID":"179","children":{"controls":{"control":[{"ID":"0","h":"40","measuredH":"140","measuredW":"200","properties":{"color":"16770457"},"typeID":"TextArea","w":"176","x":"0","y":"0","zOrder":"0"},{"ID":"1","measuredH":"25","measuredW":"53","properties":{"size":"17","text":"JSHint"},"typeID":"Label","w":"55","x":"65","y":"8","zOrder":"1"}]}},"h":"40","measuredH":"40","measuredW":"176","typeID":"__group__","w":"176","x":"172","y":"1686","zOrder":"179"},{"ID":"180","children":{"controls":{"control":[{"ID":"0","h":"40","measuredH":"140","measuredW":"200","properties":{"color":"16776960"},"typeID":"TextArea","w":"176","x":"0","y":"0","zOrder":"0"},{"ID":"1","measuredH":"25","measuredW":"52","properties":{"size":"17","text":"ESLint"},"typeID":"Label","w":"52","x":"62","y":"8","zOrder":"1"}]}},"h":"40","measuredH":"40","measuredW":"176","typeID":"__group__","w":"176","x":"172","y":"1640","zOrder":"180"},{"ID":"181","h":"40","measuredH":"140","measuredW":"200","properties":{"color":"16776960"},"typeID":"TextArea","w":"176","x":"710","y":"1597","zOrder":"181"},{"ID":"182","measuredH":"25","measuredW":"72","properties":{"size":"17","text":"Webpack"},"typeID":"Label","w":"72","x":"762","y":"1605","zOrder":"182"},{"ID":"183","h":"40","measuredH":"140","measuredW":"200","properties":{"color":"16770457"},"typeID":"TextArea","w":"176","x":"709","y":"1687","zOrder":"183"},{"ID":"184","measuredH":"25","measuredW":"47","properties":{"size":"17","text":"Rollup"},"typeID":"Label","w":"46","x":"774","y":"1695","zOrder":"184"},{"ID":"185","h":"40","measuredH":"140","measuredW":"200","properties":{"color":"16770457"},"typeID":"TextArea","w":"176","x":"709","y":"1642","zOrder":"185"},{"ID":"186","measuredH":"25","measuredW":"47","properties":{"size":"17","text":"Parcel"},"typeID":"Label","w":"46","x":"774","y":"1650","zOrder":"186"},{"ID":"187","children":{"controls":{"control":[{"ID":"0","h":"40","measuredH":"140","measuredW":"200","properties":{"color":"16770457"},"typeID":"TextArea","w":"176","x":"0","y":"0","zOrder":"0"},{"ID":"1","measuredH":"25","measuredW":"51","properties":{"size":"17","text":"JSLint"},"typeID":"Label","w":"55","x":"61","y":"8","zOrder":"1"}]}},"h":"40","measuredH":"40","measuredW":"176","typeID":"__group__","w":"176","x":"172","y":"1731","zOrder":"187"},{"ID":"188","children":{"controls":{"control":[{"ID":"0","h":"40","measuredH":"140","measuredW":"200","properties":{"color":"16770457"},"typeID":"TextArea","w":"176","x":"0","y":"0","zOrder":"0"},{"ID":"1","measuredH":"25","measuredW":"46","properties":{"size":"17","text":"JSCS"},"typeID":"Label","w":"45","x":"66","y":"8","zOrder":"1"}]}},"h":"40","measuredH":"40","measuredW":"176","typeID":"__group__","w":"176","x":"172","y":"1776","zOrder":"188"},{"ID":"189","h":"92","measuredH":"91","measuredW":"61","properties":{"color":"2848996","curvature":"1","direction":"top","leftArrow":"false","p0":{"length":108.72442227944924,"x":61,"y":90},"p1":{"length":0.4875455138272071,"x":0.3707257501744591,"y":0.3166434054431262},"p2":{"length":3,"x":3,"y":0},"rightArrow":"false","shape":"bezier","stroke":"dotted"},"typeID":"Arrow","w":"62","x":"958","y":"1850","zOrder":"189"},{"ID":"190","h":"22","measuredH":"21","measuredW":"170","properties":{"color":"2848996","curvature":"0","direction":"top","leftArrow":"false","p0":{"length":171.29214809792072,"x":170,"y":21},"p1":{"length":0.4738906925817147,"x":0.473885155772755,"y":0.0022907758094073884},"p2":{"length":0,"x":0,"y":0},"rightArrow":"false","shape":"bezier","stroke":"dotted"},"typeID":"Arrow","w":"171","x":"780","y":"1832","zOrder":"190"},{"ID":"191","h":"3","measuredH":"2","measuredW":"145","properties":{"color":"2848996","curvature":"0","direction":"bottom","leftArrow":"false","p0":{"length":145,"x":145,"y":0},"p1":{"length":0.4738906925817146,"x":0.4738851557727549,"y":0.002290775809407207},"p2":{"length":2,"x":0,"y":2},"rightArrow":"false","shape":"bezier","stroke":"dotted"},"typeID":"Arrow","w":"146","x":"785","y":"1816","zOrder":"191"},{"ID":"192","h":"115","measuredH":"114","measuredW":"96","properties":{"color":"2848996","curvature":"1","direction":"bottom","leftArrow":"false","p0":{"length":113,"x":0,"y":113},"p1":{"length":0.504473074488309,"x":0.4250070996795001,"y":-0.2717757312669885},"p2":{"length":96,"x":96,"y":0},"rightArrow":"false","shape":"bezier","stroke":"dotted"},"typeID":"Arrow","w":"97","x":"1008","y":"1663","zOrder":"192"},{"ID":"193","h":"208","measuredH":"140","measuredW":"200","properties":{"color":"16777215"},"typeID":"TextArea","w":"205","x":"999","y":"1459","zOrder":"193"},{"ID":"194","h":"32","measuredH":"31","measuredW":"146","properties":{"color":"2848996","curvature":"0","direction":"bottom","leftArrow":"false","p0":{"length":31,"x":0,"y":31},"p1":{"length":0.47389069258171473,"x":0.47388515577275503,"y":0.0022907758094073837},"p2":{"length":146,"x":146,"y":0},"rightArrow":"false","shape":"bezier","stroke":"dotted"},"typeID":"Arrow","w":"147","x":"778","y":"1776","zOrder":"194"},{"ID":"195","h":"51","measuredH":"140","measuredW":"200","properties":{"color":"16776960"},"typeID":"TextArea","w":"224","x":"561","y":"1794","zOrder":"195"},{"ID":"196","measuredH":"26","measuredW":"149","properties":{"bold":"true","size":"18","text":"Pick a Framework"},"typeID":"Label","w":"148","x":"599","y":"1807","zOrder":"196"},{"ID":"197","measuredH":"32","measuredW":"82","properties":{"align":"center","color":"16776960","size":"18","text":"React.js"},"typeID":"TextInput","w":"147","x":"886","y":"1761","zOrder":"197"},{"ID":"198","measuredH":"32","measuredW":"67","properties":{"align":"center","color":"16776960","size":"18","text":"Redux"},"typeID":"TextInput","w":"176","x":"1013","y":"1476","zOrder":"198"},{"ID":"199","measuredH":"32","measuredW":"60","properties":{"align":"center","color":"16776960","size":"18","text":"MobX"},"typeID":"TextInput","w":"176","x":"1013","y":"1515","zOrder":"199"},{"ID":"200","measuredH":"25","measuredW":"173","properties":{"size":"17","text":"These are not specific"},"typeID":"Label","x":"1013","y":"1557","zOrder":"200"},{"ID":"201","measuredH":"25","measuredW":"166","properties":{"size":"17","text":"to React though, you "},"typeID":"Label","x":"1013","y":"1580","zOrder":"201"},{"ID":"202","measuredH":"25","measuredW":"161","properties":{"size":"17","text":"can use them in any "},"typeID":"Label","x":"1013","y":"1604","zOrder":"202"},{"ID":"203","measuredH":"25","measuredW":"136","properties":{"size":"17","text":"framework or app"},"typeID":"Label","x":"1013","y":"1628","zOrder":"203"},{"ID":"204","measuredH":"32","measuredW":"63","properties":{"align":"center","color":"16770457","size":"18","text":"Vue.js"},"typeID":"TextInput","w":"147","x":"886","y":"1836","zOrder":"204"},{"ID":"205","measuredH":"32","measuredW":"80","properties":{"align":"center","color":"16770457","size":"18","text":"Angular"},"typeID":"TextInput","w":"147","x":"886","y":"1799","zOrder":"205"},{"ID":"206","measuredH":"32","measuredW":"60","properties":{"align":"center","color":"16776960","size":"18","text":"RxJS"},"typeID":"TextInput","w":"176","x":"1118","y":"1780","zOrder":"206"},{"ID":"207","measuredH":"32","measuredW":"52","properties":{"align":"center","color":"16776960","size":"18","text":"ngrx"},"typeID":"TextInput","w":"176","x":"1118","y":"1816","zOrder":"207"},{"ID":"208","measuredH":"32","measuredW":"55","properties":{"align":"center","color":"16776960","size":"18","text":"Vuex"},"typeID":"TextInput","w":"176","x":"1003","y":"1926","zOrder":"208"},{"ID":"209","h":"50","measuredH":"140","measuredW":"200","properties":{"color":"16776960"},"typeID":"TextArea","w":"191","x":"613","y":"2165","zOrder":"209"},{"ID":"210","measuredH":"25","measuredW":"146","properties":{"bold":"true","size":"17","text":"Testing your Apps"},"typeID":"Label","x":"636","y":"2178","zOrder":"210"},{"ID":"211","measuredH":"32","measuredW":"67","properties":{"align":"center","color":"16770457","size":"18","text":"Mocha"},"typeID":"TextInput","w":"147","x":"153","y":"2089","zOrder":"211"},{"ID":"212","measuredH":"32","measuredW":"51","properties":{"align":"center","color":"16770457","size":"18","text":"Chai"},"typeID":"TextInput","w":"147","x":"153","y":"2126","zOrder":"212"},{"ID":"213","measuredH":"32","measuredW":"43","properties":{"align":"center","color":"16770457","size":"18","text":"Ava"},"typeID":"TextInput","w":"147","x":"153","y":"2164","zOrder":"213"},{"ID":"214","measuredH":"32","measuredW":"69","properties":{"align":"center","color":"16770457","size":"18","text":"Karma"},"typeID":"TextInput","w":"147","x":"153","y":"2201","zOrder":"214"},{"ID":"215","measuredH":"32","measuredW":"82","properties":{"align":"center","color":"16770457","size":"18","text":"Jasmine"},"typeID":"TextInput","w":"147","x":"153","y":"2239","zOrder":"215"},{"ID":"216","measuredH":"32","measuredW":"97","properties":{"align":"center","color":"16770457","size":"18","text":"Protractor"},"typeID":"TextInput","w":"147","x":"154","y":"2278","zOrder":"216"},{"ID":"217","children":{"controls":{"control":[{"ID":"0","h":"138","measuredH":"140","measuredW":"200","properties":{"color":"3355443"},"typeID":"TextArea","w":"439","x":"0","y":"0","zOrder":"0"},{"ID":"1","children":{"controls":{"control":[{"ID":"0","measuredH":"25","measuredW":"344","properties":{"color":"15658734","size":"17","text":"Before you start this, you should have a good"},"typeID":"Label","w":"403","x":"0","y":"0","zOrder":"0"},{"ID":"1","measuredH":"25","measuredW":"395","properties":{"color":"15658734","size":"17","text":"understanding of what single page applications are"},"typeID":"Label","w":"395","x":"0","y":"29","zOrder":"1"},{"ID":"2","measuredH":"25","measuredW":"409","properties":{"color":"15658734","size":"17","text":"how they work and what are some of the positive and"},"typeID":"Label","w":"411","x":"0","y":"57","zOrder":"2"},{"ID":"3","measuredH":"25","measuredW":"347","properties":{"color":"15658734","size":"17","text":"negative aspects of single page applications."},"typeID":"Label","w":"411","x":"0","y":"86","zOrder":"3"}]}},"h":"111","measuredH":"111","measuredW":"411","typeID":"__group__","w":"411","x":"16","y":"14","zOrder":"1"}]}},"h":"138","measuredH":"138","measuredW":"439","typeID":"__group__","w":"439","x":"153","y":"1890","zOrder":"217"},{"ID":"218","h":"50","measuredH":"140","measuredW":"200","properties":{"color":"16770457"},"typeID":"TextArea","w":"226","x":"771","y":"2314","zOrder":"218"},{"ID":"219","measuredH":"25","measuredW":"180","properties":{"bold":"true","size":"17","text":"Progressive Web Apps"},"typeID":"Label","x":"794","y":"2327","zOrder":"219"},{"ID":"220","h":"50","measuredH":"140","measuredW":"200","properties":{"color":"16776960"},"typeID":"TextArea","w":"226","x":"508","y":"2509","zOrder":"220"},{"ID":"221","measuredH":"25","measuredW":"120","properties":{"bold":"true","size":"17","text":"Type Checkers"},"typeID":"Label","x":"561","y":"2522","zOrder":"221"},{"ID":"222","h":"50","measuredH":"140","measuredW":"200","properties":{"color":"16770457"},"typeID":"TextArea","w":"248","x":"478","y":"2723","zOrder":"222"},{"ID":"223","measuredH":"25","measuredW":"184","properties":{"bold":"true","size":"17","text":"Server Side Rendering"},"typeID":"Label","x":"510","y":"2736","zOrder":"223"},{"ID":"224","h":"41","measuredH":"140","measuredW":"200","properties":{"color":"16776960"},"typeID":"TextArea","w":"116","x":"292","y":"2641","zOrder":"224"},{"ID":"225","measuredH":"25","measuredW":"64","properties":{"size":"17","text":"React.js"},"typeID":"Label","w":"69","x":"315","y":"2649","zOrder":"225"},{"ID":"226","h":"41","measuredH":"140","measuredW":"200","properties":{"color":"16770457"},"typeID":"TextArea","w":"115","x":"293","y":"2724","zOrder":"226"},{"ID":"227","measuredH":"25","measuredW":"62","properties":{"size":"17","text":"Angular"},"typeID":"Label","w":"62","x":"324","y":"2732","zOrder":"227"},{"ID":"228","h":"41","measuredH":"140","measuredW":"200","properties":{"color":"16770457"},"typeID":"TextArea","w":"97","x":"149","y":"2724","zOrder":"228"},{"ID":"229","measuredH":"25","measuredW":"72","properties":{"size":"17","text":"Universal"},"typeID":"Label","w":"73","x":"161","y":"2732","zOrder":"229"},{"ID":"230","h":"41","measuredH":"140","measuredW":"200","properties":{"color":"16776960"},"typeID":"TextArea","w":"94","x":"149","y":"2614","zOrder":"230"},{"ID":"231","measuredH":"25","measuredW":"54","properties":{"size":"17","text":"Next.js"},"typeID":"Label","w":"54","x":"169","y":"2622","zOrder":"231"},{"ID":"232","h":"41","measuredH":"140","measuredW":"200","properties":{"color":"16770457"},"typeID":"TextArea","w":"94","x":"149","y":"2661","zOrder":"232"},{"ID":"233","measuredH":"25","measuredW":"55","properties":{"size":"17","text":"After.js"},"typeID":"Label","w":"53","x":"170","y":"2669","zOrder":"233"},{"ID":"234","h":"2","measuredH":"1","measuredW":"64","properties":{"color":"2848996","curvature":"-1","direction":"top","leftArrow":"false","p0":{"length":0,"x":0,"y":0},"p1":{"length":0.48115369243064626,"x":0.4807692307692308,"y":-0.01923076923076923},"p2":{"length":64.00781202322104,"x":64,"y":1},"rightArrow":"false","shape":"bezier","stroke":"dotted"},"typeID":"Arrow","w":"65","x":"240","y":"2797","zOrder":"234"},{"ID":"235","h":"41","measuredH":"140","measuredW":"200","properties":{"color":"16770457"},"typeID":"TextArea","w":"115","x":"293","y":"2777","zOrder":"235"},{"ID":"236","measuredH":"25","measuredW":"46","properties":{"size":"17","text":"Vue.js"},"typeID":"Label","w":"48","x":"327","y":"2785","zOrder":"236"},{"ID":"237","h":"41","measuredH":"140","measuredW":"200","properties":{"color":"16770457"},"typeID":"TextArea","w":"97","x":"149","y":"2777","zOrder":"237"},{"ID":"238","measuredH":"25","measuredW":"54","properties":{"size":"17","text":"Nuxt.js"},"typeID":"Label","w":"55","x":"170","y":"2785","zOrder":"238"},{"ID":"239","h":"50","measuredH":"140","measuredW":"200","properties":{"color":"16770457"},"typeID":"TextArea","w":"248","x":"821","y":"2743","zOrder":"239"},{"ID":"240","measuredH":"25","measuredW":"183","properties":{"bold":"true","size":"17","text":"Static Site Generators"},"typeID":"Label","x":"859","y":"2756","zOrder":"240"},{"ID":"241","h":"41","measuredH":"140","measuredW":"200","properties":{"color":"16776960"},"typeID":"TextArea","w":"147","x":"1126","y":"2744","zOrder":"241"},{"ID":"242","measuredH":"25","measuredW":"77","properties":{"size":"17","text":"GatsbyJS"},"typeID":"Label","w":"78","x":"1161","y":"2752","zOrder":"242"},{"ID":"243","h":"50","measuredH":"140","measuredW":"200","properties":{"color":"16770457"},"typeID":"TextArea","w":"210","x":"791","y":"2857","zOrder":"243"},{"ID":"244","measuredH":"25","measuredW":"171","properties":{"bold":"true","size":"17","text":"Desktop Applications"},"typeID":"Label","x":"813","y":"2871","zOrder":"244"},{"ID":"245","h":"41","measuredH":"140","measuredW":"200","properties":{"color":"16776960"},"typeID":"TextArea","w":"188","x":"1074","y":"2820","zOrder":"245"},{"ID":"246","measuredH":"25","measuredW":"64","properties":{"size":"17","text":"Electron"},"typeID":"Label","w":"64","x":"1136","y":"2828","zOrder":"246"},{"ID":"247","h":"50","measuredH":"140","measuredW":"200","properties":{"color":"16770457"},"typeID":"TextArea","w":"210","x":"469","y":"2940","zOrder":"247"},{"ID":"248","measuredH":"25","measuredW":"157","properties":{"bold":"true","size":"17","text":"Mobile Applications"},"typeID":"Label","w":"157","x":"496","y":"2953","zOrder":"248"},{"ID":"249","h":"41","measuredH":"140","measuredW":"200","properties":{"color":"16776960"},"typeID":"TextArea","w":"147","x":"169","y":"2922","zOrder":"249"},{"ID":"250","measuredH":"25","measuredW":"100","properties":{"size":"17","text":"React Native"},"typeID":"Label","w":"101","x":"192","y":"2930","zOrder":"250"},{"ID":"251","h":"50","measuredH":"140","measuredW":"200","properties":{"color":"16770457"},"typeID":"TextArea","w":"210","x":"825","y":"3028","zOrder":"251"},{"ID":"252","measuredH":"25","measuredW":"118","properties":{"bold":"true","size":"17","text":"Web Assembly"},"typeID":"Label","x":"871","y":"3041","zOrder":"252"},{"ID":"253","h":"50","measuredH":"140","measuredW":"200","properties":{"color":"16776960"},"typeID":"TextArea","w":"207","x":"839","y":"3204","zOrder":"253"},{"ID":"254","measuredH":"25","measuredW":"117","properties":{"bold":"true","size":"17","text":"Keep Learning"},"typeID":"Label","x":"884","y":"3217","zOrder":"254"},{"ID":"255","h":"41","measuredH":"140","measuredW":"200","properties":{"color":"16770457"},"typeID":"TextArea","w":"188","x":"1075","y":"2869","zOrder":"255"},{"ID":"256","measuredH":"25","measuredW":"104","properties":{"size":"17","text":"Proton Native"},"typeID":"Label","w":"107","x":"1116","y":"2877","zOrder":"256"},{"ID":"257","h":"41","measuredH":"140","measuredW":"200","properties":{"color":"16770457"},"typeID":"TextArea","w":"188","x":"1075","y":"2917","zOrder":"257"},{"ID":"258","measuredH":"25","measuredW":"42","properties":{"size":"17","text":"Carlo"},"typeID":"Label","w":"42","x":"1148","y":"2925","zOrder":"258"},{"ID":"259","h":"41","measuredH":"140","measuredW":"200","properties":{"color":"16770457"},"typeID":"TextArea","w":"147","x":"169","y":"2968","zOrder":"259"},{"ID":"260","measuredH":"25","measuredW":"95","properties":{"size":"17","text":"NativeScript"},"typeID":"Label","w":"101","x":"192","y":"2976","zOrder":"260"},{"ID":"261","children":{"controls":{"control":[{"ID":"0","h":"185","measuredH":"140","measuredW":"200","properties":{"color":"3355443","text":""},"typeID":"TextArea","w":"582","x":"0","y":"0","zOrder":"0"},{"ID":"1","measuredH":"25","measuredW":"507","properties":{"color":"15658734","size":"17","text":"Web Assembly or WASM is the binary instructions generated from"},"typeID":"Label","w":"524","x":"20","y":"21","zOrder":"1"},{"ID":"2","measuredH":"25","measuredW":"501","properties":{"color":"15658734","size":"17","text":"high level languages such as Go, C, C++ or Rust. It is faster than"},"typeID":"Label","w":"509","x":"20","y":"52","zOrder":"2"},{"ID":"3","measuredH":"25","measuredW":"530","properties":{"color":"15658734","size":"17","text":"JavaScript and WASM 1.0 has already shipped in the major browsers."},"typeID":"Label","w":"528","x":"19","y":"83","zOrder":"3"},{"ID":"4","measuredH":"25","measuredW":"495","properties":{"color":"15658734","size":"17","text":"It is being touted by some to eventually replace JavaScript but I"},"typeID":"Label","w":"525","x":"19","y":"114","zOrder":"4"},{"ID":"5","measuredH":"25","measuredW":"541","properties":{"color":"15658734","size":"17","text":"seriously doubt that it would happen or see it happening anytime soon."},"typeID":"Label","w":"538","x":"19","y":"144","zOrder":"5"}]}},"h":"185","measuredH":"185","measuredW":"582","typeID":"__group__","w":"582","x":"170","y":"3079","zOrder":"261"},{"ID":"262","h":"50","measuredH":"140","measuredW":"200","properties":{"color":"16770457"},"typeID":"TextArea","w":"201","x":"634","y":"2016","zOrder":"262"},{"ID":"263","measuredH":"25","measuredW":"81","properties":{"bold":"true","size":"17","text":"CSS in JS"},"typeID":"Label","x":"694","y":"2029","zOrder":"263"},{"ID":"264","measuredH":"32","measuredW":"176","properties":{"align":"center","color":"16776960","size":"18","text":"Styled Components"},"typeID":"TextInput","w":"217","x":"971","y":"2003","zOrder":"264"},{"ID":"265","measuredH":"32","measuredW":"80","properties":{"align":"center","color":"16770457","size":"18","text":"Emotion"},"typeID":"TextInput","w":"218","x":"971","y":"2081","zOrder":"265"},{"ID":"266","measuredH":"32","measuredW":"125","properties":{"align":"center","color":"16776960","size":"18","text":"CSS Modules"},"typeID":"TextInput","w":"217","x":"971","y":"2042","zOrder":"266"},{"ID":"267","measuredH":"32","measuredW":"76","properties":{"align":"center","color":"16770457","size":"18","text":"Radium"},"typeID":"TextInput","w":"218","x":"971","y":"2120","zOrder":"267"},{"ID":"268","measuredH":"32","measuredW":"101","properties":{"align":"center","color":"16770457","size":"18","text":"Glamorous"},"typeID":"TextInput","w":"218","x":"972","y":"2159","zOrder":"268"},{"ID":"269","children":{"controls":{"control":[{"ID":"0","h":"41","measuredH":"140","measuredW":"200","properties":{"color":"16776960"},"typeID":"TextArea","w":"199","x":"0","y":"0","zOrder":"0"},{"ID":"1","measuredH":"25","measuredW":"85","properties":{"size":"17","text":"TypeScript"},"typeID":"Label","w":"91","x":"54","y":"8","zOrder":"1"}]}},"h":"41","measuredH":"41","measuredW":"199","typeID":"__group__","w":"199","x":"243","y":"2487","zOrder":"269"},{"ID":"270","children":{"controls":{"control":[{"ID":"0","h":"41","measuredH":"140","measuredW":"200","properties":{"color":"16770457"},"typeID":"TextArea","w":"199","x":"0","y":"0","zOrder":"0"},{"ID":"1","measuredH":"25","measuredW":"34","properties":{"size":"17","text":"Flow"},"typeID":"Label","w":"38","x":"81","y":"8","zOrder":"1"}]}},"h":"41","measuredH":"41","measuredW":"199","typeID":"__group__","w":"199","x":"243","y":"2535","zOrder":"270"},{"ID":"271","measuredH":"25","measuredW":"244","properties":{"size":"17","text":"how browsers work, DNS, HTTP"},"typeID":"Label","w":"245","x":"187","y":"867","zOrder":"271"},{"ID":"272","children":{"controls":{"control":[{"ID":"0","h":"389","measuredH":"70","measuredW":"100","typeID":"Canvas","w":"228","x":"0","y":"0","zOrder":"0"},{"ID":"1","children":{"controls":{"control":[{"ID":"0","measuredH":"32","measuredW":"150","properties":{"align":"center","color":"16776960","size":"18","text":"Service Workers"},"typeID":"TextInput","w":"176","x":"0","y":"74","zOrder":"0"},{"ID":"1","measuredH":"32","measuredW":"78","properties":{"align":"center","color":"16776960","size":"18","text":"Storage"},"typeID":"TextInput","w":"176","x":"0","y":"0","zOrder":"1"},{"ID":"2","measuredH":"32","measuredW":"83","properties":{"align":"center","color":"16770457","size":"18","text":"Location"},"typeID":"TextInput","w":"176","x":"0","y":"111","zOrder":"2"},{"ID":"3","measuredH":"32","measuredW":"115","properties":{"align":"center","color":"16770457","size":"18","text":"Notifications"},"typeID":"TextInput","w":"176","x":"0","y":"149","zOrder":"3"},{"ID":"4","measuredH":"32","measuredW":"166","properties":{"align":"center","color":"16770457","size":"18","text":"Device Orientation"},"typeID":"TextInput","w":"176","x":"0","y":"186","zOrder":"4"},{"ID":"5","measuredH":"32","measuredW":"94","properties":{"align":"center","color":"16770457","size":"18","text":"Payments"},"typeID":"TextInput","w":"176","x":"0","y":"223","zOrder":"5"},{"ID":"6","measuredH":"32","measuredW":"109","properties":{"align":"center","color":"16770457","size":"18","text":"Credentials"},"typeID":"TextInput","w":"176","x":"0","y":"260","zOrder":"6"},{"ID":"7","measuredH":"32","measuredW":"121","properties":{"align":"center","color":"16776960","size":"18","text":"Web Sockets"},"typeID":"TextInput","w":"176","x":"0","y":"37","zOrder":"7"},{"ID":"8","measuredH":"25","measuredW":"155","properties":{"color":"0","size":"17","text":"Learn different Web"},"typeID":"Label","x":"11","y":"305","zOrder":"8"},{"ID":"9","measuredH":"25","measuredW":"147","properties":{"color":"0","size":"17","text":"APIs used in PWAs"},"typeID":"Label","x":"15","y":"331","zOrder":"9"}]}},"h":"356","measuredH":"356","measuredW":"176","typeID":"__group__","w":"176","x":"26","y":"15","zOrder":"1"}]}},"h":"389","measuredH":"389","measuredW":"228","typeID":"__group__","w":"228","x":"1088","y":"2228","zOrder":"272"},{"ID":"273","children":{"controls":{"control":[{"ID":"0","h":"281","measuredH":"70","measuredW":"100","typeID":"Canvas","w":"262","x":"0","y":"0","zOrder":"0"},{"ID":"1","measuredH":"32","measuredW":"124","properties":{"align":"center","color":"16776960","size":"18","text":"PRPL Pattern"},"typeID":"TextInput","w":"225","x":"20","y":"19","zOrder":"1"},{"ID":"2","measuredH":"32","measuredW":"109","properties":{"align":"center","color":"16776960","size":"18","text":"RAIL Model"},"typeID":"TextInput","w":"225","x":"20","y":"57","zOrder":"2"},{"ID":"3","measuredH":"32","measuredW":"186","properties":{"align":"center","color":"16776960","size":"18","text":"Performance Metrics"},"typeID":"TextInput","w":"225","x":"20","y":"95","zOrder":"3"},{"ID":"4","measuredH":"32","measuredW":"166","properties":{"align":"center","color":"16776960","size":"18","text":"Using Light House"},"typeID":"TextInput","w":"225","x":"20","y":"132","zOrder":"4"},{"ID":"5","measuredH":"32","measuredW":"142","properties":{"align":"center","color":"16776960","size":"18","text":"Using DevTools"},"typeID":"TextInput","w":"225","x":"20","y":"170","zOrder":"5"},{"ID":"6","children":{"controls":{"control":[{"ID":"0","measuredH":"25","measuredW":"177","properties":{"color":"0","size":"17","text":"Calculating, Measuring"},"typeID":"Label","w":"185","x":"20","y":"0","zOrder":"0"},{"ID":"1","measuredH":"25","measuredW":"214","properties":{"color":"0","size":"17","text":"and improving performance"},"typeID":"Label","w":"224","x":"0","y":"27","zOrder":"1"}]}},"h":"52","measuredH":"52","measuredW":"224","typeID":"__group__","w":"224","x":"20","y":"215","zOrder":"6"}]}},"h":"281","measuredH":"281","measuredW":"262","typeID":"__group__","w":"262","x":"789","y":"2416","zOrder":"273"},{"ID":"274","children":{"controls":{"control":[{"ID":"0","h":"231","measuredH":"140","measuredW":"200","properties":{"color":"16777215"},"typeID":"TextArea","w":"194","x":"0","y":"0","zOrder":"0"},{"ID":"1","measuredH":"32","measuredW":"84","properties":{"align":"center","color":"16776960","size":"18","text":"Cypress"},"typeID":"TextInput","w":"147","x":"23","y":"92","zOrder":"1"},{"ID":"2","measuredH":"32","measuredW":"50","properties":{"align":"center","color":"16776960","size":"18","text":"Jest"},"typeID":"TextInput","w":"147","x":"23","y":"17","zOrder":"2"},{"ID":"3","measuredH":"32","measuredW":"81","properties":{"align":"center","color":"16776960","size":"18","text":"Enzyme"},"typeID":"TextInput","w":"147","x":"23","y":"54","zOrder":"3"},{"ID":"4","measuredH":"25","measuredW":"125","properties":{"size":"17","text":"You can fulfill all"},"typeID":"Label","x":"29","y":"140","zOrder":"4"},{"ID":"5","measuredH":"25","measuredW":"147","properties":{"size":"17","text":"your testing needs"},"typeID":"Label","x":"18","y":"165","zOrder":"5"},{"ID":"6","measuredH":"25","measuredW":"124","properties":{"size":"17","text":"with these three"},"typeID":"Label","x":"30","y":"190","zOrder":"6"}]}},"h":"231","measuredH":"231","measuredW":"194","typeID":"__group__","w":"194","x":"317","y":"2082","zOrder":"274"},{"ID":"275","h":"126","measuredH":"140","measuredW":"200","properties":{"color":"16777215"},"typeID":"TextArea","w":"358","x":"153","y":"2327","zOrder":"275"},{"ID":"276","measuredH":"32","measuredW":"98","properties":{"align":"center","color":"16776960","size":"18","text":"Functional"},"typeID":"TextInput","w":"117","x":"377","y":"2344","zOrder":"276"},{"ID":"277","measuredH":"32","measuredW":"47","properties":{"align":"center","color":"16776960","size":"18","text":"Unit"},"typeID":"TextInput","w":"86","x":"167","y":"2344","zOrder":"277"},{"ID":"278","measuredH":"32","measuredW":"101","properties":{"align":"center","color":"16776960","size":"18","text":"Integration"},"typeID":"TextInput","w":"113","x":"258","y":"2344","zOrder":"278"},{"ID":"279","children":{"controls":{"control":[{"ID":"0","measuredH":"25","measuredW":"324","properties":{"size":"17","text":"Understand different types of testing and"},"typeID":"Label","w":"326","x":"0","y":"0","zOrder":"0"},{"ID":"1","measuredH":"25","measuredW":"301","properties":{"size":"17","text":"learn how to write these with the above"},"typeID":"Label","w":"302","x":"12","y":"26","zOrder":"1"}]}},"h":"51","measuredH":"51","measuredW":"326","typeID":"__group__","w":"326","x":"169","y":"2390","zOrder":"279"},{"ID":"280","h":"141","measuredH":"70","measuredW":"100","properties":{},"typeID":"Canvas","w":"350","x":"945","y":"190","zOrder":"280"},{"ID":"281","measuredH":"25","measuredW":"314","properties":{"color":"0","size":"17","text":"Find the detailed version of this roadmap"},"typeID":"Label","x":"959","y":"207","zOrder":"281"},{"ID":"282","measuredH":"25","measuredW":"322","properties":{"color":"0","size":"17","text":"along with resources and other roadmaps"},"typeID":"Label","x":"959","y":"235","zOrder":"282"},{"ID":"283","h":"45","measuredH":"70","measuredW":"100","properties":{"borderColor":"4273622","color":"4273622"},"typeID":"Canvas","w":"320","x":"960","y":"271","zOrder":"283"},{"ID":"284","children":{"controls":{"control":[{"ID":"0","measuredH":"28","measuredW":"103","properties":{"color":"16777215","size":"20","text":"roadmap.sh"},"typeID":"Label","x":"65","y":"0","zOrder":"0"},{"ID":"1","measuredH":"28","measuredW":"36","properties":{"color":"16777215","size":"20","text":"http"},"typeID":"Label","x":"0","y":"0","zOrder":"1"},{"ID":"2","measuredH":"28","measuredW":"10","properties":{"bold":"true","color":"16777215","size":"20","text":":"},"typeID":"Label","x":"37","y":"0","zOrder":"2"},{"ID":"3","measuredH":"28","measuredW":"10","properties":{"color":"16777215","size":"20","text":"/"},"typeID":"Label","x":"44","y":"1","zOrder":"3"},{"ID":"4","measuredH":"28","measuredW":"10","properties":{"color":"16777215","size":"20","text":"/"},"typeID":"Label","x":"52","y":"1","zOrder":"4"}]}},"h":"29","measuredH":"29","measuredW":"168","typeID":"__group__","w":"168","x":"1036","y":"279","zOrder":"284"}]},"measuredH":"3322","measuredW":"1326","mockupH":"3175","mockupW":"1177","version":"1.0"}}