{"mockup":{"controls":{"control":[{"ID":"0","measuredH":"40","measuredW":"357","properties":{"bold":"true","size":"32","text":"UI/UX Designer in 2017"},"typeID":"Label","x":"473","y":"70","zOrder":"0"},{"ID":"1","h":"127","measuredH":"127","measuredW":"54","properties":{"color":"2848996","curvature":"1","direction":"top","leftArrow":"false","p0":{"x":0,"y":0},"p1":{"x":0.4809160305343512,"y":0.198473282442748},"p2":{"x":123,"y":126},"shape":"bezier"},"typeID":"Arrow","w":"124","x":"644","y":"230","zOrder":"1"},{"ID":"2","h":"130","measuredH":"129","measuredW":"131","properties":{"color":"2848996","curvature":"1","direction":"bottom","leftArrow":"false","p0":{"length":131,"x":131,"y":0},"p1":{"length":0.6087375480965977,"x":0.5684088130944218,"y":-0.21788259145523384},"p2":{"length":129.00387591076478,"x":1,"y":129},"shape":"bezier"},"typeID":"Arrow","w":"132","x":"479","y":"229","zOrder":"2"},{"ID":"3","measuredH":"32","measuredW":"33","properties":{"align":"center","color":"16767334","size":"18","text":"UI"},"typeID":"TextInput","w":"132","x":"402","y":"367","zOrder":"3"},{"ID":"4","measuredH":"28","measuredW":"167","properties":{"bold":"true","size":"20","text":"Choose your path"},"typeID":"Label","x":"550","y":"189","zOrder":"4"},{"ID":"5","measuredH":"32","measuredW":"166","properties":{"align":"center","color":"16767334","size":"18","text":"Learn to Research"},"typeID":"TextInput","w":"258","x":"79","y":"85","zOrder":"5"},{"ID":"6","measuredH":"32","measuredW":"187","properties":{"align":"center","color":"16767334","size":"18","text":"Know Your Customer"},"typeID":"TextInput","w":"259","x":"78","y":"120","zOrder":"6"},{"ID":"7","measuredH":"32","measuredW":"253","properties":{"align":"center","color":"16767334","size":"18","text":"Understand Business Models"},"typeID":"TextInput","w":"259","x":"78","y":"157","zOrder":"7"},{"ID":"8","measuredH":"25","measuredW":"175","properties":{"bold":"true","size":"17","text":"Required for any path"},"typeID":"Label","x":"78","y":"45","zOrder":"8"},{"ID":"9","measuredH":"32","measuredW":"204","properties":{"align":"center","color":"16767334","size":"18","text":"Understand Pain Points"},"typeID":"TextInput","w":"259","x":"78","y":"195","zOrder":"9"},{"ID":"10","measuredH":"25","measuredW":"69","properties":{"bold":"true","size":"17","text":"Legends"},"typeID":"Label","x":"967","y":"41","zOrder":"10"},{"ID":"11","measuredH":"32","measuredW":"234","properties":{"align":"center","color":"16776960","size":"18","text":"Personal Recommendation!"},"typeID":"TextInput","w":"240","x":"967","y":"78","zOrder":"11"},{"ID":"12","measuredH":"32","measuredW":"109","properties":{"align":"center","color":"15658734","size":"18","text":"Possibilities"},"typeID":"TextInput","w":"240","x":"967","y":"114","zOrder":"12"},{"ID":"13","measuredH":"32","measuredW":"87","properties":{"align":"center","color":"16770457","size":"18","text":"Pick any!"},"typeID":"TextInput","w":"240","x":"967","y":"150","zOrder":"13"},{"ID":"14","h":"47","measuredH":"46","measuredW":"0","properties":{"color":"6710886","curvature":"0","direction":"top","leftArrow":"false","p0":{"length":0,"x":0,"y":0},"p1":{"length":0.5,"x":0.5,"y":0},"p2":{"length":46,"x":0,"y":46},"rightArrow":"false","shape":"bezier"},"typeID":"Arrow","w":"1","x":"625","y":"135","zOrder":"14"},{"ID":"15","measuredH":"32","measuredW":"39","properties":{"align":"center","color":"16767334","size":"18","text":"UX"},"typeID":"TextInput","w":"121","x":"710","y":"368","zOrder":"15"},{"ID":"16","h":"70","measuredH":"69","measuredW":"0","properties":{"color":"2848996","curvature":"0","direction":"top","leftArrow":"false","p0":{"length":0,"x":0,"y":0},"p1":{"length":0.5621697290198284,"x":0.5621504039776257,"y":0.004661280298321849},"p2":{"length":69,"x":0,"y":69},"rightArrow":"false","shape":"bezier","stroke":"dotted"},"typeID":"Arrow","w":"1","x":"470","y":"407","zOrder":"16"},{"ID":"19","h":"70","measuredH":"69","measuredW":"0","properties":{"color":"2848996","curvature":"1","direction":"top","leftArrow":"false","p0":{"x":0,"y":0,"length":0},"p1":{"x":0.4608695652173913,"y":0.01304347826086956,"length":0.46105410579324535},"p2":{"x":0,"y":69,"length":69},"rightArrow":"false","shape":"bezier","stroke":"dotted"},"typeID":"Arrow","w":"1","x":"770","y":"410","zOrder":"17"},{"ID":"21","measuredH":"32","measuredW":"246","properties":{"align":"center","color":"16767334","size":"18","text":"Use Business Model Canvas"},"typeID":"TextInput","w":"258","x":"79","y":"232","zOrder":"18"},{"ID":"22","h":"121","measuredH":"140","measuredW":"200","properties":{"color":"15658734","text":" \nCreate your profile. Explore the relevant projects. Make it your habit to look under the hood for the projects you like."},"typeID":"TextArea","w":"258","x":"79","y":"366","zOrder":"19"},{"ID":"23","measuredH":"32","measuredW":"114","properties":{"align":"center","borderStyle":"rectangle","color":"16767334","size":"18","text":"Behance.net"},"typeID":"TextInput","w":"258","x":"79","y":"341","zOrder":"20"},{"ID":"24","measuredH":"32","measuredW":"212","properties":{"align":"center","color":"16767334","size":"18","text":"Requirements Elicitation"},"typeID":"TextInput","w":"258","x":"79","y":"269","zOrder":"21"},{"ID":"25","measuredH":"32","measuredW":"224","properties":{"align":"center","color":"16767334","size":"18","text":"User Stories & Workflows"},"typeID":"TextInput","w":"258","x":"79","y":"305","zOrder":"22"}]},"measuredH":"487","measuredW":"1207","mockupH":"446","mockupW":"1129","version":"1.0"}}