{"mockup":{"controls":{"control":[{"ID":"26","measuredH":"40","measuredW":"148","properties":{"bold":"true","size":"32","text":"UI Design"},"typeID":"Label","x":"546","y":"312","zOrder":"0"},{"ID":"27","h":"74","measuredH":"73","measuredW":"18","properties":{"color":"2848996","curvature":"-1","direction":"bottom","leftArrow":"false","p0":{"x":8,"y":0},"p1":{"x":0.4589494163424125,"y":0.1931906614785992},"p2":{"x":0,"y":73},"rightArrow":"false","shape":"bezier","stroke":"dotted"},"typeID":"Arrow","w":"19","x":"620","y":"238","zOrder":"1"},{"ID":"28","h":"58","measuredH":"57","measuredW":"11","properties":{"color":"2848996","curvature":"-1","direction":"top","leftArrow":"false","p0":{"length":3,"x":3,"y":0},"p1":{"length":0.4752342503759221,"x":0.4639175257731959,"y":-0.10309278350515466},"p2":{"length":58.05170109479997,"x":11,"y":57},"rightArrow":"false","shape":"bezier"},"typeID":"Arrow","w":"12","x":"608","y":"368","zOrder":"2"},{"ID":"29","measuredH":"26","measuredW":"147","properties":{"bold":"true","size":"18","text":"Learn the Basics"},"typeID":"Label","x":"572","y":"435","zOrder":"3"},{"ID":"30","h":"98","measuredH":"97","measuredW":"17","properties":{"color":"2848996","curvature":"-1","direction":"bottom","leftArrow":"false","p0":{"x":4,"y":0},"p1":{"x":0.47967479674796737,"y":0.1544715447154471},"p2":{"x":0,"y":97},"rightArrow":"true","shape":"bezier"},"typeID":"Arrow","w":"18","x":"636","y":"473","zOrder":"4"},{"ID":"39","h":"61","measuredH":"60","measuredW":"10","properties":{"color":"2848996","curvature":"1","direction":"bottom","leftArrow":"false","p0":{"length":10,"x":10,"y":0},"p1":{"length":0.5310742620768895,"x":0.5188679245283019,"y":-0.11320754716981138},"p2":{"length":60.207972893961475,"x":5,"y":60},"rightArrow":"false","shape":"bezier"},"typeID":"Arrow","w":"11","x":"623","y":"585","zOrder":"5"},{"ID":"40","measuredH":"26","measuredW":"134","properties":{"bold":"true","size":"18","text":"Getting Deeper"},"typeID":"Label","x":"583","y":"655","zOrder":"6"},{"ID":"41","h":"71","measuredH":"70","measuredW":"20","properties":{"color":"2848996","curvature":"-1","direction":"bottom","leftArrow":"false","p0":{"x":18,"y":0},"p1":{"x":0.4585365853658537,"y":0.12682926829268293},"p2":{"x":0,"y":70},"rightArrow":"true","shape":"bezier"},"typeID":"Arrow","w":"21","x":"629","y":"686","zOrder":"7"},{"ID":"44","measuredH":"32","measuredW":"155","properties":{"align":"center","color":"16776960","size":"18","text":"Adobe Photoshop"},"typeID":"TextInput","w":"181","x":"1323","y":"748","zOrder":"8"},{"ID":"46","h":"12","measuredH":"11","measuredW":"278","properties":{"color":"2848996","curvature":"1","direction":"top","leftArrow":"false","p0":{"x":278,"y":11},"p1":{"x":0.55726837992302,"y":0.014812798880292367},"p2":{"x":0,"y":0},"rightArrow":"false","shape":"bezier"},"typeID":"Arrow","w":"279","x":"849","y":"772","zOrder":"9"},{"ID":"47","measuredH":"26","measuredW":"224","properties":{"bold":"true","size":"18","text":"Vector Graphics, Icons, 3D"},"typeID":"Label","x":"861","y":"845","zOrder":"10"},{"ID":"48","h":"2","measuredH":"16","measuredW":"58","properties":{"color":"2848996","curvature":"1","direction":"bottom","leftArrow":"false","p0":{"x":0,"y":1},"p1":{"x":0.4828025477707006,"y":-0.018471337579617834},"p2":{"x":54,"y":0},"rightArrow":"true","shape":"bezier"},"typeID":"Arrow","w":"55","x":"1262","y":"784","zOrder":"11"},{"ID":"53","measuredH":"26","measuredW":"129","properties":{"bold":"true","size":"18","text":"Essential Tools"},"typeID":"Label","x":"711","y":"769","zOrder":"12"},{"ID":"57","h":"3","measuredH":"2","measuredW":"70","properties":{"color":"2848996","curvature":"-1","direction":"top","leftArrow":"false","p0":{"x":0,"y":0},"p1":{"x":0.48850574712643674,"y":-0.028735632183908053},"p2":{"x":70,"y":1},"rightArrow":"true","shape":"bezier"},"typeID":"Arrow","w":"71","x":"1094","y":"859","zOrder":"13"},{"ID":"58","h":"68","measuredH":"67","measuredW":"94","properties":{"color":"2848996","curvature":"1","direction":"bottom","leftArrow":"false","p0":{"x":94,"y":0},"p1":{"x":0.5011547344110855,"y":-0.09699769053117784},"p2":{"x":0,"y":67},"rightArrow":"true","shape":"bezier"},"typeID":"Arrow","w":"95","x":"534","y":"759","zOrder":"14"},{"ID":"59","measuredH":"32","measuredW":"149","properties":{"align":"center","color":"16776960","size":"18","text":"Adobe Illustrator"},"typeID":"TextInput","w":"181","x":"1172","y":"844","zOrder":"15"},{"ID":"62","h":"59","measuredH":"58","measuredW":"130","properties":{"color":"2848996","curvature":"1","direction":"top","leftArrow":"false","p0":{"x":0,"y":0},"p1":{"x":0.5213875686686007,"y":0.07610641318437135},"p2":{"x":130,"y":58},"rightArrow":"false","shape":"bezier"},"typeID":"Arrow","w":"131","x":"337","y":"765","zOrder":"16"},{"ID":"66","h":"10","measuredH":"9","measuredW":"60","properties":{"color":"2848996","curvature":"1","direction":"top","p0":{"x":0,"y":1},"p1":{"x":0.5572191120947793,"y":0.07225621663845853},"p2":{"x":60,"y":9},"rightArrow":"false","shape":"bezier"},"typeID":"Arrow","w":"61","x":"221","y":"740","zOrder":"17"},{"ID":"67","h":"11","measuredH":"10","measuredW":"95","properties":{"color":"2848996","curvature":"-1","direction":"bottom","leftArrow":"false","p0":{"x":0,"y":10},"p1":{"x":0.49781021897810224,"y":0.018978102189781024},"p2":{"x":95,"y":0},"rightArrow":"false","shape":"bezier"},"typeID":"Arrow","w":"96","x":"325","y":"839","zOrder":"18"},{"ID":"68","measuredH":"26","measuredW":"59","properties":{"bold":"true","size":"18","text":"UI Kits"},"typeID":"Label","x":"260","y":"839","zOrder":"19"},{"ID":"69","h":"27","measuredH":"26","measuredW":"59","properties":{"color":"2848996","curvature":"1","direction":"bottom","leftArrow":"false","p0":{"x":59,"y":0},"p1":{"x":0.42477876106194695,"y":-0.038348082595870206},"p2":{"x":0,"y":26},"rightArrow":"true","shape":"bezier"},"typeID":"Arrow","w":"60","x":"195","y":"860","zOrder":"20"},{"ID":"80","measuredH":"26","measuredW":"114","properties":{"bold":"true","size":"18","text":"Stock Photos"},"typeID":"Label","x":"286","y":"947","zOrder":"21"},{"ID":"81","h":"54","measuredH":"53","measuredW":"22","properties":{"color":"2848996","curvature":"1","direction":"bottom","leftArrow":"false","p0":{"x":22,"y":0},"p1":{"x":0.4761061946902655,"y":-0.0584070796460177},"p2":{"x":0,"y":53},"rightArrow":"true","shape":"bezier"},"typeID":"Arrow","w":"23","x":"300","y":"976","zOrder":"22"},{"ID":"82","measuredH":"32","measuredW":"144","properties":{"align":"center","color":"16770457","size":"18","text":"istockphoto.com"},"typeID":"TextInput","w":"162","x":"221","y":"1172","zOrder":"23"},{"ID":"83","measuredH":"32","measuredW":"113","properties":{"align":"center","color":"16770457","size":"18","text":"stocksy.com"},"typeID":"TextInput","w":"162","x":"221","y":"1206","zOrder":"24"},{"ID":"85","h":"84","measuredH":"83","measuredW":"94","properties":{"color":"2848996","curvature":"-1","direction":"bottom","leftArrow":"false","p0":{"x":0,"y":83},"p1":{"x":0.5267395745703641,"y":0.050594880423026095},"p2":{"x":94,"y":0},"rightArrow":"false","shape":"bezier"},"typeID":"Arrow","w":"95","x":"343","y":"860","zOrder":"25"},{"ID":"93","h":"14","measuredH":"13","measuredW":"59","properties":{"color":"2848996","curvature":"1","direction":"top","leftArrow":"false","p0":{"x":0,"y":1},"p1":{"x":0.5090497737556562,"y":0.05995475113122172},"p2":{"x":59,"y":13},"rightArrow":"false","shape":"bezier"},"typeID":"Arrow","w":"60","x":"645","y":"757","zOrder":"26"},{"ID":"94","h":"918","measuredH":"917","measuredW":"63","properties":{"color":"2848996","curvature":"-1","direction":"bottom","leftArrow":"false","p0":{"x":32,"y":0},"p1":{"x":0.4885713623052957,"y":0.04938508096555646},"p2":{"x":0,"y":917},"rightArrow":"false","shape":"bezier"},"typeID":"Arrow","w":"64","x":"595","y":"758","zOrder":"27"},{"ID":"95","measuredH":"48","measuredW":"48","properties":{"color":"2848996","icon":{"ID":"flag-checkered","size":"large"}},"typeID":"Icon","x":"560","y":"1687","zOrder":"28"},{"ID":"96","measuredH":"26","measuredW":"134","properties":{"bold":"true","color":"2848996","size":"18","text":"Start Designing"},"typeID":"Label","x":"522","y":"1738","zOrder":"29"},{"ID":"98","measuredH":"48","measuredW":"48","properties":{"color":"2848996","icon":{"ID":"circle","size":"large"}},"typeID":"Icon","x":"609","y":"547","zOrder":"30"},{"ID":"99","measuredH":"48","measuredW":"48","properties":{"color":"2848996","icon":{"ID":"circle","size":"large"}},"typeID":"Icon","x":"605","y":"731","zOrder":"31"},{"ID":"100","measuredH":"25","measuredW":"69","properties":{"bold":"true","size":"17","text":"Legends"},"typeID":"Label","x":"846","y":"244","zOrder":"32"},{"ID":"101","measuredH":"32","measuredW":"234","properties":{"align":"center","color":"16776960","size":"18","text":"Personal Recommendation!"},"typeID":"TextInput","w":"240","x":"846","y":"281","zOrder":"33"},{"ID":"102","measuredH":"32","measuredW":"109","properties":{"align":"center","color":"15658734","size":"18","text":"Possibilities"},"typeID":"TextInput","w":"240","x":"846","y":"317","zOrder":"34"},{"ID":"103","measuredH":"32","measuredW":"87","properties":{"align":"center","color":"16770457","size":"18","text":"Pick any!"},"typeID":"TextInput","w":"240","x":"846","y":"353","zOrder":"35"},{"ID":"104","measuredH":"48","measuredW":"48","properties":{"color":"2848996","icon":{"ID":"circle","size":"large"}},"typeID":"Icon","x":"620","y":"1337","zOrder":"36"},{"ID":"106","h":"46","measuredH":"45","measuredW":"125","properties":{"color":"2848996","curvature":"1","direction":"top","p0":{"x":125,"y":45},"p1":{"x":0.43959986952267044,"y":0.03566380341415679},"p2":{"x":0,"y":0},"rightArrow":"false","shape":"bezier"},"typeID":"Arrow","w":"126","x":"845","y":"1444","zOrder":"37"},{"ID":"117","h":"72","measuredH":"71","measuredW":"107","properties":{"color":"2848996","curvature":"1","direction":"top","p0":{"x":107,"y":71},"p1":{"x":0.37703262296737705,"y":0.03262296737703262},"p2":{"x":0,"y":0},"rightArrow":"false","shape":"bezier"},"typeID":"Arrow","w":"108","x":"649","y":"1363","zOrder":"38"},{"ID":"119","measuredH":"32","measuredW":"76","properties":{"align":"center","color":"15658734","size":"18","text":"Flexbox"},"typeID":"TextInput","w":"103","x":"1266","y":"1619","zOrder":"39"},{"ID":"120","measuredH":"32","measuredW":"94","properties":{"align":"center","color":"15658734","size":"18","text":"Gradients"},"typeID":"TextInput","w":"103","x":"1373","y":"1619","zOrder":"40"},{"ID":"121","measuredH":"32","measuredW":"152","properties":{"align":"center","color":"15658734","size":"18","text":"Dive Deep CSS3"},"typeID":"TextInput","w":"316","x":"1267","y":"1585","zOrder":"41"},{"ID":"122","measuredH":"32","measuredW":"69","properties":{"align":"center","color":"15658734","size":"18","text":"Rotate"},"typeID":"TextInput","w":"103","x":"1266","y":"1654","zOrder":"42"},{"ID":"123","measuredH":"32","measuredW":"106","properties":{"align":"center","color":"15658734","size":"18","text":"Transforms"},"typeID":"TextInput","w":"103","x":"1373","y":"1654","zOrder":"43"},{"ID":"124","measuredH":"32","measuredW":"58","properties":{"align":"center","color":"15658734","size":"18","text":"Grids"},"typeID":"TextInput","w":"103","x":"1480","y":"1619","zOrder":"44"},{"ID":"125","measuredH":"32","measuredW":"58","properties":{"align":"center","color":"15658734","size":"18","text":"Skew"},"typeID":"TextInput","w":"103","x":"1480","y":"1654","zOrder":"45"},{"ID":"126","measuredH":"32","measuredW":"61","properties":{"align":"center","color":"15658734","size":"18","text":"Scale"},"typeID":"TextInput","w":"103","x":"1266","y":"1688","zOrder":"46"},{"ID":"127","measuredH":"32","measuredW":"103","properties":{"align":"center","color":"15658734","size":"18","text":"Transitions"},"typeID":"TextInput","w":"103","x":"1373","y":"1688","zOrder":"47"},{"ID":"128","measuredH":"32","measuredW":"48","properties":{"align":"center","color":"15658734","size":"18","text":"..etc"},"typeID":"TextInput","w":"103","x":"1480","y":"1688","zOrder":"48"},{"ID":"134","measuredH":"26","measuredW":"124","properties":{"bold":"true","size":"18","text":"Methodologies"},"typeID":"Label","x":"1152","y":"1375","zOrder":"49"},{"ID":"135","h":"16","measuredH":"15","measuredW":"136","properties":{"color":"2848996","curvature":"-1","direction":"top","leftArrow":"true","p0":{"x":136,"y":15,"length":136.82470537150812},"p1":{"x":0.45320323533187834,"y":-0.07947104891513676,"length":0.46011826754754476},"p2":{"x":0,"y":8,"length":8},"rightArrow":"false","shape":"bezier"},"typeID":"Arrow","w":"137","x":"1279","y":"1365","zOrder":"50"},{"ID":"136","measuredH":"32","measuredW":"80","properties":{"align":"center","color":"15658734","size":"18","text":"OOCSS"},"typeID":"TextInput","w":"159","x":"1432","y":"1373","zOrder":"51"},{"ID":"137","measuredH":"32","measuredW":"51","properties":{"align":"center","color":"15658734","size":"18","text":"BEM"},"typeID":"TextInput","w":"159","x":"1432","y":"1336","zOrder":"52"},{"ID":"138","measuredH":"32","measuredW":"89","properties":{"align":"center","color":"15658734","size":"18","text":"SMACSS"},"typeID":"TextInput","w":"159","x":"1432","y":"1409","zOrder":"53"},{"ID":"139","measuredH":"32","measuredW":"95","properties":{"align":"center","color":"15658734","size":"18","text":"SUITCSS"},"typeID":"TextInput","w":"159","x":"1432","y":"1301","zOrder":"54"},{"ID":"140","measuredH":"32","measuredW":"149","properties":{"align":"center","color":"15658734","size":"18","text":"Systematic CSS"},"typeID":"TextInput","w":"159","x":"1432","y":"1443","zOrder":"55"},{"ID":"146","measuredH":"32","measuredW":"59","properties":{"align":"center","color":"15658734","size":"18","text":"GIMP"},"typeID":"TextInput","w":"181","x":"1323","y":"782","zOrder":"56"},{"ID":"147","measuredH":"26","measuredW":"118","properties":{"bold":"true","size":"18","text":"Image Editing"},"typeID":"Label","x":"1137","y":"773","zOrder":"57"},{"ID":"149","h":"62","measuredH":"61","measuredW":"83","properties":{"color":"2848996","curvature":"1","direction":"top","leftArrow":"false","p0":{"x":83,"y":61},"p1":{"x":0.46653696498054475,"y":0.16459143968871592},"p2":{"x":0,"y":0},"rightArrow":"false","shape":"bezier"},"typeID":"Arrow","w":"84","x":"763","y":"798","zOrder":"58"},{"ID":"150","h":"4","measuredH":"3","measuredW":"65","properties":{"color":"2848996","curvature":"1","direction":"top","leftArrow":"false","p0":{"x":65,"y":0},"p1":{"x":0.5090497737556563,"y":0.05995475113122175},"p2":{"x":0,"y":0},"rightArrow":"false","shape":"bezier"},"typeID":"Arrow","w":"66","x":"547","y":"572","zOrder":"59"},{"ID":"151","measuredH":"26","measuredW":"105","properties":{"bold":"true","size":"18","text":"Wireframing"},"typeID":"Label","x":"432","y":"557","zOrder":"60"},{"ID":"152","h":"49","measuredH":"48","measuredW":"41","properties":{"color":"2848996","curvature":"-1","direction":"bottom","leftArrow":"false","p0":{"x":41,"y":0},"p1":{"x":0.45431773236651285,"y":0.2185893210283454},"p2":{"x":0,"y":48},"rightArrow":"true","shape":"bezier"},"typeID":"Arrow","w":"42","x":"446","y":"592","zOrder":"61"},{"ID":"155","measuredH":"32","measuredW":"93","properties":{"align":"center","color":"15658734","size":"18","text":"BalsamiQ"},"typeID":"TextInput","w":"129","x":"312","y":"623","zOrder":"62"},{"ID":"156","measuredH":"32","measuredW":"70","properties":{"align":"center","color":"16770457","size":"18","text":"Sketch"},"typeID":"TextInput","w":"128","x":"95","y":"446","zOrder":"63"},{"ID":"157","measuredH":"32","measuredW":"96","properties":{"align":"center","color":"16770457","size":"18","text":"Adobe XD"},"typeID":"TextInput","w":"128","x":"95","y":"411","zOrder":"64"},{"ID":"158","measuredH":"26","measuredW":"225","properties":{"bold":"true","size":"18","text":"Designing and Prototyping"},"typeID":"Label","x":"300","y":"472","zOrder":"65"},{"ID":"159","h":"57","measuredH":"56","measuredW":"54","properties":{"color":"2848996","curvature":"1","direction":"top","leftArrow":"false","p0":{"x":0,"y":0,"length":0},"p1":{"x":0.6353583121134958,"y":0.1706802473626773,"length":0.657884436365153},"p2":{"x":54,"y":56,"length":77.79460135510689},"rightArrow":"false","shape":"bezier"},"typeID":"Arrow","w":"55","x":"438","y":"501","zOrder":"66"},{"ID":"160","h":"24","measuredH":"23","measuredW":"158","properties":{"color":"2848996","curvature":"1","direction":"top","p0":{"x":0,"y":1},"p1":{"x":0.5622445771769883,"y":0.05297076391071989},"p2":{"x":158,"y":23},"rightArrow":"false","shape":"bezier"},"typeID":"Arrow","w":"159","x":"229","y":"445","zOrder":"67"},{"ID":"162","h":"4","measuredH":"3","measuredW":"65","properties":{"color":"2848996","curvature":"1","direction":"top","leftArrow":"false","p0":{"x":65,"y":0,"length":65},"p1":{"x":0.5090497737556563,"y":0.059954751131221756,"length":0.5125682826159765},"p2":{"x":0,"y":0,"length":0},"rightArrow":"false","shape":"bezier"},"typeID":"Arrow","w":"66","x":"645","y":"569","zOrder":"68"},{"ID":"163","measuredH":"26","measuredW":"90","properties":{"bold":"true","size":"18","text":"Guidelines"},"typeID":"Label","x":"719","y":"558","zOrder":"69"},{"ID":"167","measuredH":"26","measuredW":"56","properties":{"bold":"true","size":"18","text":"Mobile"},"typeID":"Label","x":"840","y":"425","zOrder":"70"},{"ID":"168","measuredH":"26","measuredW":"38","properties":{"bold":"true","size":"18","text":"Web"},"typeID":"Label","x":"860","y":"524","zOrder":"71"},{"ID":"169","h":"118","measuredH":"117","measuredW":"61","properties":{"color":"2848996","curvature":"1","direction":"bottom","leftArrow":"false","p0":{"x":61,"y":0},"p1":{"x":0.407758620689655,"y":-0.168103448275862},"p2":{"x":0,"y":117},"rightArrow":"false","shape":"bezier"},"typeID":"Arrow","w":"62","x":"768","y":"439","zOrder":"72"},{"ID":"170","h":"17","measuredH":"16","measuredW":"40","properties":{"color":"2848996","curvature":"-1","direction":"bottom","leftArrow":"false","p0":{"x":40,"y":0},"p1":{"x":0.5624719101123595,"y":0.01595505617977528},"p2":{"x":0,"y":16},"rightArrow":"false","shape":"bezier"},"typeID":"Arrow","w":"41","x":"812","y":"544","zOrder":"73"},{"ID":"171","h":"2","measuredH":"16","measuredW":"37","properties":{"color":"2848996","curvature":"1","direction":"top","leftArrow":"false","p0":{"x":0,"y":1},"p1":{"x":0.411764705882353,"y":0.029411764705882353},"p2":{"x":34,"y":1},"rightArrow":"true","shape":"bezier"},"typeID":"Arrow","w":"35","x":"901","y":"434","zOrder":"74"},{"ID":"173","h":"3","measuredH":"15","measuredW":"38","properties":{"color":"2848996","curvature":"-1","direction":"top","leftArrow":"false","p0":{"x":0,"y":0},"p1":{"x":0.5712954333643989,"y":-0.031220876048462295},"p2":{"x":38,"y":2},"rightArrow":"true","shape":"bezier"},"typeID":"Arrow","w":"39","x":"906","y":"536","zOrder":"75"},{"ID":"177","measuredH":"26","measuredW":"90","properties":{"bold":"true","size":"18","text":"Inspiration"},"typeID":"Label","x":"432","y":"827","zOrder":"76"},{"ID":"178","measuredH":"26","measuredW":"47","properties":{"bold":"true","size":"18","text":"Icons"},"typeID":"Label","x":"284","y":"745","zOrder":"77"},{"ID":"179","measuredH":"32","measuredW":"154","properties":{"align":"center","color":"16770457","size":"18","text":"shutterstock.com"},"typeID":"TextInput","w":"162","x":"221","y":"1036","zOrder":"78"},{"ID":"180","measuredH":"32","measuredW":"101","properties":{"align":"center","color":"16770457","size":"18","text":"fotolia.com"},"typeID":"TextInput","w":"162","x":"221","y":"1070","zOrder":"79"},{"ID":"181","measuredH":"32","measuredW":"148","properties":{"align":"center","color":"16770457","size":"18","text":"dreamstime.com"},"typeID":"TextInput","w":"162","x":"221","y":"1104","zOrder":"80"},{"ID":"182","measuredH":"32","measuredW":"153","properties":{"align":"center","color":"16770457","size":"18","text":"gettyimages.com"},"typeID":"TextInput","w":"162","x":"221","y":"1138","zOrder":"81"},{"ID":"183","measuredH":"32","measuredW":"123","properties":{"align":"center","color":"16770457","size":"18","text":"crestock.com"},"typeID":"TextInput","w":"162","x":"221","y":"1240","zOrder":"82"},{"ID":"185","measuredH":"32","measuredW":"94","properties":{"align":"center","color":"16770457","size":"18","text":"123rf.com"},"typeID":"TextInput","w":"162","x":"221","y":"1274","zOrder":"83"},{"ID":"186","measuredH":"32","measuredW":"97","properties":{"align":"center","color":"16770457","size":"18","text":"alamy.com"},"typeID":"TextInput","w":"162","x":"221","y":"1308","zOrder":"84"},{"ID":"187","measuredH":"32","measuredW":"150","properties":{"align":"center","color":"16770457","size":"18","text":"stock.adobe.com"},"typeID":"TextInput","w":"162","x":"221","y":"1342","zOrder":"85"},{"ID":"188","h":"79","measuredH":"78","measuredW":"19","properties":{"color":"2848996","curvature":"-1","direction":"top","leftArrow":"false","p0":{"x":19,"y":78},"p1":{"x":0.456322730799069,"y":-0.021411947245927074},"p2":{"x":0,"y":0},"rightArrow":"false","shape":"bezier"},"typeID":"Arrow","w":"20","x":"479","y":"855","zOrder":"86"},{"ID":"189","h":"62","measuredH":"61","measuredW":"6","properties":{"color":"2848996","curvature":"1","direction":"top","leftArrow":"false","p0":{"x":0,"y":0},"p1":{"x":0.512258321706199,"y":0.08411401235798281},"p2":{"x":2,"y":61},"rightArrow":"true","shape":"bezier"},"typeID":"Arrow","w":"7","x":"504","y":"966","zOrder":"87"},{"ID":"190","measuredH":"26","measuredW":"119","properties":{"bold":"true","size":"18","text":"Color Presets"},"typeID":"Label","x":"432","y":"939","zOrder":"88"},{"ID":"192","measuredH":"32","measuredW":"113","properties":{"align":"center","color":"16776960","size":"18","text":"Adobe Kuler"},"typeID":"TextInput","w":"120","x":"447","y":"1039","zOrder":"89"},{"ID":"193","measuredH":"32","measuredW":"112","properties":{"align":"center","color":"16770457","size":"18","text":"pixabay.com"},"typeID":"TextInput","w":"162","x":"221","y":"1376","zOrder":"90"},{"ID":"194","measuredH":"26","measuredW":"68","properties":{"bold":"true","size":"18","text":"Building"},"typeID":"Label","x":"768","y":"1426","zOrder":"91"},{"ID":"200","measuredH":"32","measuredW":"79","properties":{"align":"center","color":"15658734","size":"18","text":"HTML 5"},"typeID":"TextInput","w":"159","x":"732","y":"1337","zOrder":"92"},{"ID":"201","measuredH":"32","measuredW":"68","properties":{"align":"center","color":"15658734","size":"18","text":"CSS 3"},"typeID":"TextInput","w":"159","x":"978","y":"1473","zOrder":"93"},{"ID":"202","h":"45","measuredH":"44","measuredW":"12","properties":{"color":"2848996","curvature":"1","direction":"bottom","leftArrow":"true","p0":{"x":12,"y":0},"p1":{"x":0.45320323533187823,"y":-0.07947104891513676},"p2":{"x":1,"y":44},"rightArrow":"false","shape":"bezier"},"typeID":"Arrow","w":"13","x":"796","y":"1377","zOrder":"94"},{"ID":"203","h":"64","measuredH":"63","measuredW":"83","properties":{"color":"2848996","curvature":"1","direction":"bottom","leftArrow":"false","p0":{"x":83,"y":0,"length":83},"p1":{"x":0.44607961399276236,"y":-0.06441495778045839,"length":0.45070645525196346},"p2":{"x":0,"y":63,"length":63},"rightArrow":"false","shape":"bezier"},"typeID":"Arrow","w":"84","x":"1058","y":"1399","zOrder":"95"},{"ID":"205","measuredH":"26","measuredW":"142","properties":{"bold":"true","size":"18","text":"Advanced CSS 3"},"typeID":"Label","x":"997","y":"1585","zOrder":"96"},{"ID":"206","h":"59","measuredH":"58","measuredW":"14","properties":{"color":"2848996","curvature":"1","direction":"top","leftArrow":"false","p0":{"x":14,"y":58,"length":59.665735560705194},"p1":{"x":0.4670700488713056,"y":0.062136374214568295,"length":0.4711850587117302},"p2":{"x":0,"y":0,"length":0},"rightArrow":"false","shape":"bezier"},"typeID":"Arrow","w":"15","x":"1052","y":"1518","zOrder":"97"},{"ID":"207","h":"42","measuredH":"41","measuredW":"153","properties":{"color":"2848996","curvature":"1","direction":"top","leftArrow":"true","p0":{"x":153,"y":40,"length":158.14234094637652},"p1":{"x":0.5324283559577677,"y":0.10105580693815991,"length":0.5419337877857534},"p2":{"x":0,"y":0,"length":0},"rightArrow":"false","shape":"bezier"},"typeID":"Arrow","w":"154","x":"1089","y":"1615","zOrder":"98"},{"ID":"208","measuredH":"26","measuredW":"41","properties":{"bold":"true","size":"18","text":"Print"},"typeID":"Label","x":"939","y":"928","zOrder":"99"},{"ID":"209","measuredH":"32","measuredW":"145","properties":{"align":"center","color":"16776960","size":"18","text":"Adobe InDesign"},"typeID":"TextInput","w":"181","x":"1080","y":"925","zOrder":"100"},{"ID":"210","h":"3","measuredH":"2","measuredW":"70","properties":{"color":"2848996","curvature":"-1","direction":"top","leftArrow":"false","p0":{"x":0,"y":0},"p1":{"x":0.48850574712643674,"y":-0.028735632183908056},"p2":{"x":70,"y":0},"rightArrow":"true","shape":"bezier"},"typeID":"Arrow","w":"71","x":"994","y":"942","zOrder":"101"},{"ID":"211","h":"145","measuredH":"144","measuredW":"163","properties":{"color":"2848996","curvature":"1","direction":"top","leftArrow":"false","p0":{"x":163,"y":144},"p1":{"x":0.46653696498054475,"y":0.16459143968871598},"p2":{"x":0,"y":0},"rightArrow":"false","shape":"bezier"},"typeID":"Arrow","w":"164","x":"760","y":"797","zOrder":"102"},{"ID":"212","measuredH":"48","measuredW":"48","properties":{"color":"2848996","icon":{"ID":"circle","size":"large"}},"typeID":"Icon","x":"635","y":"1090","zOrder":"103"},{"ID":"213","h":"12","measuredH":"11","measuredW":"129","properties":{"color":"2848996","curvature":"1","direction":"top","p0":{"x":129,"y":10},"p1":{"x":0.37703262296737716,"y":0.03262296737703264},"p2":{"x":0,"y":0},"rightArrow":"false","shape":"bezier"},"typeID":"Arrow","w":"130","x":"671","y":"1114","zOrder":"104"},{"ID":"214","measuredH":"26","measuredW":"297","properties":{"bold":"true","size":"18","text":"Building a Portfolio, Self-Promotion"},"typeID":"Label","x":"809","y":"1118","zOrder":"105"},{"ID":"215","measuredH":"32","measuredW":"190","properties":{"align":"center","color":"16776960","size":"18","text":"Homepage, Blog, Vlog"},"typeID":"TextInput","w":"252","x":"1086","y":"1003","zOrder":"106"},{"ID":"216","measuredH":"32","measuredW":"114","properties":{"align":"center","color":"16776960","size":"18","text":"behance.net"},"typeID":"TextInput","w":"181","x":"1162","y":"1162","zOrder":"107"},{"ID":"219","measuredH":"32","measuredW":"102","properties":{"align":"center","color":"16770457","size":"18","text":"Wordpress"},"typeID":"TextInput","w":"240","x":"1422","y":"986","zOrder":"108"},{"ID":"220","measuredH":"32","measuredW":"193","properties":{"align":"center","color":"16770457","size":"18","text":"GitHub Pages + Jekyll"},"typeID":"TextInput","w":"240","x":"1422","y":"1019","zOrder":"109"},{"ID":"222","h":"92","measuredH":"90","measuredW":"150","properties":{"color":"2848996","curvature":"1","direction":"bottom","leftArrow":"true","p0":{"x":150,"y":0},"p1":{"x":0.45320323533187823,"y":-0.07947104891513665},"p2":{"x":0,"y":90},"rightArrow":"false","shape":"bezier"},"typeID":"Arrow","w":"152","x":"931","y":"1022","zOrder":"110"},{"ID":"223","h":"4","measuredH":"21","measuredW":"74","properties":{"color":"2848996","curvature":"-1","direction":"top","leftArrow":"false","p0":{"x":0,"y":0},"p1":{"x":0.4555172413793103,"y":-0.016206896551724137},"p2":{"x":69,"y":3},"rightArrow":"true","shape":"bezier"},"typeID":"Arrow","w":"70","x":"1342","y":"1018","zOrder":"111"},{"ID":"225","h":"56","measuredH":"55","measuredW":"212","properties":{"color":"2848996","curvature":"1","direction":"top","leftArrow":"true","p0":{"x":212,"y":55},"p1":{"x":0.43269641136948384,"y":0.06005438427489666},"p2":{"x":0,"y":0},"rightArrow":"false","shape":"bezier"},"typeID":"Arrow","w":"213","x":"931","y":"1143","zOrder":"112"},{"ID":"226","measuredH":"32","measuredW":"115","properties":{"align":"center","color":"15658734","size":"18","text":"dribbble.com"},"typeID":"TextInput","w":"182","x":"1161","y":"1198","zOrder":"113"},{"ID":"230","measuredH":"26","measuredW":"74","properties":{"bold":"true","size":"18","text":"Freebies"},"typeID":"Label","x":"1175","y":"1084","zOrder":"114"},{"ID":"231","h":"47","measuredH":"46","measuredW":"22","properties":{"color":"2848996","curvature":"1","direction":"top","leftArrow":"false","p0":{"x":22,"y":46},"p1":{"x":0.43393782383419693,"y":0.10103626943005181},"p2":{"x":0,"y":0},"rightArrow":"false","shape":"bezier"},"typeID":"Arrow","w":"23","x":"1184","y":"1037","zOrder":"115"},{"ID":"232","measuredH":"32","measuredW":"71","properties":{"align":"center","color":"15658734","size":"18","text":"UI Kits"},"typeID":"TextInput","w":"159","x":"1407","y":"1092","zOrder":"116"},{"ID":"233","measuredH":"32","measuredW":"99","properties":{"align":"center","color":"15658734","size":"18","text":"Templates"},"typeID":"TextInput","w":"159","x":"1407","y":"1126","zOrder":"117"},{"ID":"234","measuredH":"32","measuredW":"85","properties":{"align":"center","color":"15658734","size":"18","text":"Tutorials"},"typeID":"TextInput","w":"159","x":"1407","y":"1160","zOrder":"118"},{"ID":"235","h":"33","measuredH":"32","measuredW":"161","properties":{"color":"2848996","curvature":"1","direction":"top","leftArrow":"true","p0":{"x":161,"y":32},"p1":{"x":0.41056375131717593,"y":0.04939409905163329},"p2":{"x":0,"y":0},"rightArrow":"false","shape":"bezier"},"typeID":"Arrow","w":"162","x":"1234","y":"1110","zOrder":"119"},{"ID":"247","measuredH":"26","measuredW":"229","properties":{"bold":"true","size":"18","text":"Basic Principles of Beauty"},"typeID":"Label","x":"995","y":"611","zOrder":"120"},{"ID":"248","h":"43","measuredH":"42","measuredW":"216","properties":{"color":"2848996","curvature":"1","direction":"top","leftArrow":"false","p0":{"x":216,"y":40},"p1":{"x":0.6445942373777426,"y":0.10097805974094634},"p2":{"x":0,"y":0},"rightArrow":"false","shape":"bezier"},"typeID":"Arrow","w":"217","x":"767","y":"582","zOrder":"121"},{"ID":"249","measuredH":"32","measuredW":"120","properties":{"align":"center","color":"16776960","size":"18","text":"Color Theory"},"typeID":"TextInput","w":"370","x":"1396","y":"485","zOrder":"122"},{"ID":"250","h":"53","measuredH":"52","measuredW":"150","properties":{"color":"2848996","curvature":"1","direction":"bottom","leftArrow":"false","p0":{"x":0,"y":52},"p1":{"x":0.5285668941437867,"y":-0.10990318996984605},"p2":{"x":150,"y":0},"rightArrow":"true","shape":"bezier"},"typeID":"Arrow","w":"151","x":"1227","y":"566","zOrder":"123"},{"ID":"251","measuredH":"32","measuredW":"99","properties":{"align":"center","color":"16776960","size":"18","text":"Symmetry"},"typeID":"TextInput","w":"370","x":"1396","y":"519","zOrder":"124"},{"ID":"255","measuredH":"32","measuredW":"358","properties":{"align":"center","color":"16776960","size":"18","text":"Dieter Rams 10 Principles of Good Design"},"typeID":"TextInput","w":"370","x":"1396","y":"451","zOrder":"125"},{"ID":"256","measuredH":"32","measuredW":"111","properties":{"align":"center","color":"16770457","size":"18","text":"flaticon.com"},"typeID":"TextInput","w":"162","x":"33","y":"669","zOrder":"126"},{"ID":"257","measuredH":"32","measuredW":"106","properties":{"align":"center","color":"16770457","size":"18","text":"icons8.com"},"typeID":"TextInput","w":"162","x":"33","y":"703","zOrder":"127"},{"ID":"258","measuredH":"32","measuredW":"129","properties":{"align":"center","color":"16770457","size":"18","text":"iconfinder.com"},"typeID":"TextInput","w":"162","x":"33","y":"737","zOrder":"128"},{"ID":"259","measuredH":"32","measuredW":"142","properties":{"align":"center","color":"16770457","size":"18","text":"iconarchive.com"},"typeID":"TextInput","w":"162","x":"33","y":"771","zOrder":"129"},{"ID":"260","measuredH":"26","measuredW":"101","properties":{"bold":"true","size":"18","text":"Frameworks"},"typeID":"Label","x":"868","y":"1266","zOrder":"130"},{"ID":"261","measuredH":"32","measuredW":"92","properties":{"align":"center","color":"15658734","size":"18","text":"Bootstrap"},"typeID":"TextInput","w":"159","x":"1091","y":"1249","zOrder":"131"},{"ID":"262","measuredH":"32","measuredW":"143","properties":{"align":"center","color":"15658734","size":"18","text":"Material Design"},"typeID":"TextInput","w":"159","x":"1091","y":"1283","zOrder":"132"},{"ID":"263","h":"16","measuredH":"15","measuredW":"147","properties":{"color":"2848996","curvature":"-1","direction":"top","leftArrow":"true","p0":{"x":147,"y":15},"p1":{"x":0.4903801754655994,"y":-0.09419732184084963},"p2":{"x":0,"y":13},"rightArrow":"false","shape":"bezier"},"typeID":"Arrow","w":"148","x":"925","y":"1251","zOrder":"133"},{"ID":"265","h":"41","measuredH":"40","measuredW":"39","properties":{"color":"2848996","curvature":"1","direction":"bottom","leftArrow":"false","p0":{"x":39,"y":0},"p1":{"x":0.557385759829968,"y":-0.06641870350690754},"p2":{"x":0,"y":40},"rightArrow":"false","shape":"bezier"},"typeID":"Arrow","w":"40","x":"820","y":"1290","zOrder":"134"},{"ID":"266","measuredH":"32","measuredW":"113","properties":{"align":"center","color":"15658734","size":"18","text":"Infographics"},"typeID":"TextInput","w":"159","x":"1407","y":"1194","zOrder":"135"},{"ID":"267","measuredH":"32","measuredW":"320","properties":{"align":"center","color":"16770457","size":"18","text":"Apple iOS Human Interface Guideline"},"typeID":"TextInput","w":"339","x":"941","y":"403","zOrder":"136"},{"ID":"268","measuredH":"32","measuredW":"286","properties":{"align":"center","color":"16770457","size":"18","text":"Google Material Design Guideline"},"typeID":"TextInput","w":"339","x":"941","y":"437","zOrder":"137"},{"ID":"269","measuredH":"32","measuredW":"306","properties":{"align":"center","color":"16770457","size":"18","text":"Don't Make Me Think by Steve Krug"},"typeID":"TextInput","w":"339","x":"949","y":"505","zOrder":"138"},{"ID":"270","measuredH":"32","measuredW":"99","properties":{"align":"center","color":"16770457","size":"18","text":"goodui.org"},"typeID":"TextInput","w":"339","x":"949","y":"539","zOrder":"139"},{"ID":"271","measuredH":"26","measuredW":"156","properties":{"bold":"true","size":"18","text":"Design Languages"},"typeID":"Label","x":"885","y":"662","zOrder":"140"},{"ID":"272","measuredH":"32","measuredW":"107","properties":{"align":"center","color":"16776960","size":"18","text":"Flat Design"},"typeID":"TextInput","w":"181","x":"1124","y":"655","zOrder":"141"},{"ID":"273","measuredH":"32","measuredW":"128","properties":{"align":"center","color":"15658734","size":"18","text":"Skeuomorphic"},"typeID":"TextInput","w":"181","x":"1124","y":"688","zOrder":"142"},{"ID":"274","h":"87","measuredH":"86","measuredW":"121","properties":{"color":"2848996","curvature":"1","direction":"top","leftArrow":"false","p0":{"x":121,"y":86},"p1":{"x":0.6627433628318584,"y":0.2011504424778761},"p2":{"x":2,"y":0},"rightArrow":"false","shape":"bezier"},"typeID":"Arrow","w":"122","x":"758","y":"585","zOrder":"143"},{"ID":"275","h":"9","measuredH":"8","measuredW":"69","properties":{"color":"2848996","curvature":"-1","direction":"top","leftArrow":"false","p0":{"x":0,"y":0},"p1":{"x":0.5712954333643989,"y":-0.03122087604846218},"p2":{"x":69,"y":8},"rightArrow":"true","shape":"bezier"},"typeID":"Arrow","w":"70","x":"1047","y":"678","zOrder":"144"},{"ID":"276","measuredH":"32","measuredW":"149","properties":{"align":"center","color":"16770457","size":"18","text":"freebiesbug.com"},"typeID":"TextInput","w":"162","x":"22","y":"842","zOrder":"145"},{"ID":"277","measuredH":"26","measuredW":"112","properties":{"bold":"true","size":"18","text":"Design Ideas"},"typeID":"Label","x":"95","y":"971","zOrder":"146"},{"ID":"278","h":"112","measuredH":"111","measuredW":"242","properties":{"color":"2848996","curvature":"-1","direction":"bottom","leftArrow":"false","p0":{"x":0,"y":111},"p1":{"x":0.49781021897810224,"y":0.018978102189781024},"p2":{"x":242,"y":0},"rightArrow":"false","shape":"bezier"},"typeID":"Arrow","w":"243","x":"185","y":"856","zOrder":"147"},{"ID":"279","h":"62","measuredH":"61","measuredW":"15","properties":{"color":"2848996","curvature":"1","direction":"bottom","leftArrow":"false","p0":{"x":15,"y":0},"p1":{"x":0.42477876106194695,"y":-0.038348082595870206},"p2":{"x":0,"y":61},"rightArrow":"true","shape":"bezier"},"typeID":"Arrow","w":"16","x":"127","y":"1001","zOrder":"148"},{"ID":"280","measuredH":"32","measuredW":"113","properties":{"align":"center","color":"16770457","size":"18","text":"getuikit.com"},"typeID":"TextInput","w":"162","x":"22","y":"878","zOrder":"149"},{"ID":"281","measuredH":"32","measuredW":"110","properties":{"align":"center","color":"16770457","size":"18","text":"xdguru.com"},"typeID":"TextInput","w":"162","x":"22","y":"913","zOrder":"150"},{"ID":"282","measuredH":"32","measuredW":"150","properties":{"align":"center","color":"16770457","size":"18","text":"uimovement.com"},"typeID":"TextInput","w":"162","x":"33","y":"1074","zOrder":"151"},{"ID":"283","measuredH":"32","measuredW":"122","properties":{"align":"center","color":"16770457","size":"18","text":"uiparade.com"},"typeID":"TextInput","w":"162","x":"33","y":"1107","zOrder":"152"},{"ID":"284","measuredH":"32","measuredW":"119","properties":{"align":"center","color":"16770457","size":"18","text":"collectui.com"},"typeID":"TextInput","w":"162","x":"33","y":"1140","zOrder":"153"},{"ID":"285","measuredH":"32","measuredW":"125","properties":{"align":"center","color":"16770457","size":"18","text":"pinterest.com"},"typeID":"TextInput","w":"162","x":"33","y":"1173","zOrder":"154"},{"ID":"286","measuredH":"32","measuredW":"168","properties":{"align":"center","color":"16770457","size":"18","text":"designspiration.net"},"typeID":"TextInput","w":"178","x":"25","y":"1206","zOrder":"155"},{"ID":"290","measuredH":"26","measuredW":"119","properties":{"bold":"true","size":"18","text":"Custom Fonts"},"typeID":"Label","x":"446","y":"1238","zOrder":"156"},{"ID":"291","h":"385","measuredH":"384","measuredW":"109","properties":{"color":"2848996","curvature":"-1","direction":"top","leftArrow":"false","p0":{"x":5,"y":384},"p1":{"x":0.35839192845180057,"y":-0.2754998949017161},"p2":{"x":0,"y":0},"rightArrow":"false","shape":"bezier"},"typeID":"Arrow","w":"110","x":"509","y":"850","zOrder":"157"},{"ID":"292","measuredH":"32","measuredW":"133","properties":{"align":"center","color":"16770457","size":"18","text":"fontspace.com"},"typeID":"TextInput","w":"162","x":"423","y":"1315","zOrder":"158"},{"ID":"293","measuredH":"32","measuredW":"126","properties":{"align":"center","color":"16770457","size":"18","text":"fontfreak.com"},"typeID":"TextInput","w":"162","x":"423","y":"1349","zOrder":"159"},{"ID":"294","measuredH":"32","measuredW":"174","properties":{"align":"center","color":"16770457","size":"18","text":"creativemarket.com"},"typeID":"TextInput","w":"176","x":"417","y":"1383","zOrder":"160"},{"ID":"295","measuredH":"32","measuredW":"114","properties":{"align":"center","color":"16770457","size":"18","text":"behance.net"},"typeID":"TextInput","w":"162","x":"423","y":"1417","zOrder":"161"},{"ID":"296","measuredH":"32","measuredW":"125","properties":{"align":"center","color":"16770457","size":"18","text":"artimasa.com"},"typeID":"TextInput","w":"162","x":"423","y":"1451","zOrder":"162"},{"ID":"297","measuredH":"32","measuredW":"195","properties":{"align":"center","color":"16770457","size":"18","text":"thenorthernblock.co.uk"},"typeID":"TextInput","w":"205","x":"400","y":"1485","zOrder":"163"},{"ID":"298","h":"45","measuredH":"44","measuredW":"3","properties":{"color":"2848996","curvature":"-1","direction":"top","leftArrow":"false","p0":{"x":2,"y":0},"p1":{"x":0.4373191899710704,"y":-0.045805207328833177},"p2":{"x":3,"y":44},"rightArrow":"true","shape":"bezier"},"typeID":"Arrow","w":"4","x":"491","y":"1264","zOrder":"164"},{"ID":"299","measuredH":"26","measuredW":"13","properties":{"bold":"true","size":"18","text":"..."},"typeID":"Label","x":"103","y":"1238","zOrder":"165"},{"ID":"300","measuredH":"26","measuredW":"13","properties":{"bold":"true","size":"18","text":"..."},"typeID":"Label","x":"293","y":"1406","zOrder":"166"},{"ID":"301","measuredH":"26","measuredW":"13","properties":{"bold":"true","size":"18","text":"..."},"typeID":"Label","x":"498","y":"1140","zOrder":"167"},{"ID":"302","measuredH":"26","measuredW":"13","properties":{"bold":"true","size":"18","text":"..."},"typeID":"Label","x":"491","y":"1517","zOrder":"168"},{"ID":"303","measuredH":"26","measuredW":"13","properties":{"bold":"true","size":"18","text":"..."},"typeID":"Label","x":"95","y":"939","zOrder":"169"},{"ID":"304","measuredH":"26","measuredW":"13","properties":{"bold":"true","size":"18","text":"..."},"typeID":"Label","x":"103","y":"797","zOrder":"170"},{"ID":"305","measuredH":"32","measuredW":"142","properties":{"align":"center","color":"15658734","size":"18","text":"Google Material"},"typeID":"TextInput","w":"181","x":"417","y":"1074","zOrder":"171"},{"ID":"306","measuredH":"32","measuredW":"119","properties":{"align":"center","color":"15658734","size":"18","text":"paletton.com"},"typeID":"TextInput","w":"181","x":"417","y":"1108","zOrder":"172"},{"ID":"307","measuredH":"32","measuredW":"118","properties":{"align":"center","color":"15658734","size":"18","text":"Golden Ratio"},"typeID":"TextInput","w":"370","x":"1396","y":"620","zOrder":"173"},{"ID":"308","measuredH":"32","measuredW":"213","properties":{"align":"center","color":"15658734","size":"18","text":"Composition / Layouting"},"typeID":"TextInput","w":"370","x":"1396","y":"553","zOrder":"174"},{"ID":"309","measuredH":"32","measuredW":"111","properties":{"align":"center","color":"15658734","size":"18","text":"Perspective"},"typeID":"TextInput","w":"370","x":"1396","y":"587","zOrder":"175"}]},"measuredH":"1764","measuredW":"1766","mockupH":"1526","mockupW":"1744","version":"1.0"}}