{"mockup":{"controls":{"control":[{"ID":"0","measuredH":"40","measuredW":"157","properties":{"bold":"true","size":"32","text":"UX Design"},"typeID":"Label","x":"546","y":"312","zOrder":"0"},{"ID":"1","h":"74","measuredH":"73","measuredW":"18","properties":{"color":"2848996","curvature":"-1","direction":"bottom","leftArrow":"false","p0":{"x":8,"y":0},"p1":{"x":0.4589494163424125,"y":0.1931906614785992},"p2":{"x":0,"y":73},"rightArrow":"false","shape":"bezier","stroke":"dotted"},"typeID":"Arrow","w":"19","x":"620","y":"238","zOrder":"1"},{"ID":"2","h":"58","measuredH":"57","measuredW":"11","properties":{"color":"2848996","curvature":"-1","direction":"top","leftArrow":"false","p0":{"length":3,"x":3,"y":0},"p1":{"length":0.4752342503759221,"x":0.4639175257731959,"y":-0.10309278350515466},"p2":{"length":58.05170109479997,"x":11,"y":57},"rightArrow":"false","shape":"bezier"},"typeID":"Arrow","w":"12","x":"608","y":"368","zOrder":"2"},{"ID":"3","measuredH":"26","measuredW":"333","properties":{"bold":"true","size":"18","text":"Understanding Human Decision Making"},"typeID":"Label","x":"472","y":"435","zOrder":"3"},{"ID":"4","h":"98","measuredH":"97","measuredW":"17","properties":{"color":"2848996","curvature":"-1","direction":"bottom","leftArrow":"false","p0":{"x":4,"y":0},"p1":{"x":0.47967479674796737,"y":0.1544715447154471},"p2":{"x":0,"y":97},"rightArrow":"true","shape":"bezier"},"typeID":"Arrow","w":"18","x":"636","y":"473","zOrder":"4"},{"ID":"13","h":"61","measuredH":"60","measuredW":"10","properties":{"color":"2848996","curvature":"1","direction":"bottom","leftArrow":"false","p0":{"length":10,"x":10,"y":0},"p1":{"length":0.5310742620768895,"x":0.5188679245283019,"y":-0.11320754716981138},"p2":{"length":60.207972893961475,"x":5,"y":60},"rightArrow":"false","shape":"bezier"},"typeID":"Arrow","w":"11","x":"623","y":"585","zOrder":"5"},{"ID":"14","measuredH":"26","measuredW":"240","properties":{"bold":"true","size":"18","text":"Behavior Change Strategies"},"typeID":"Label","x":"523","y":"655","zOrder":"6"},{"ID":"17","h":"23","measuredH":"22","measuredW":"109","properties":{"color":"2848996","curvature":"-1","direction":"top","p0":{"x":109,"y":22,"length":111.19802156513397},"p1":{"x":0.5727916863486068,"y":-0.010486537553141276,"length":0.5728876708569789},"p2":{"x":0,"y":0,"length":0},"rightArrow":"false","shape":"bezier"},"typeID":"Arrow","w":"110","x":"703","y":"1182","zOrder":"7"},{"ID":"18","measuredH":"32","measuredW":"429","properties":{"align":"center","color":"16776960","size":"18","text":"Business Model Canvas by Alexander Osterwalder"},"typeID":"TextInput","w":"481","x":"1381","y":"1173","zOrder":"8"},{"ID":"27","measuredH":"26","measuredW":"134","properties":{"bold":"true","size":"18","text":"Business Model"},"typeID":"Label","x":"817","y":"1199","zOrder":"9"},{"ID":"69","measuredH":"48","measuredW":"48","properties":{"color":"2848996","icon":{"ID":"flag-checkered","size":"large"}},"typeID":"Icon","x":"522","y":"3166","zOrder":"10"},{"ID":"70","measuredH":"26","measuredW":"238","properties":{"bold":"true","color":"2848996","size":"18","text":"Continue Improving Product"},"typeID":"Label","x":"425","y":"3217","zOrder":"11"},{"ID":"72","measuredH":"48","measuredW":"48","properties":{"color":"2848996","icon":{"ID":"circle","size":"large"}},"typeID":"Icon","x":"609","y":"547","zOrder":"12"},{"ID":"73","measuredH":"48","measuredW":"48","properties":{"color":"2848996","icon":{"ID":"circle","size":"large"}},"typeID":"Icon","x":"590","y":"828","zOrder":"13"},{"ID":"74","measuredH":"25","measuredW":"69","properties":{"bold":"true","size":"17","text":"Legends"},"typeID":"Label","x":"846","y":"244","zOrder":"14"},{"ID":"75","measuredH":"32","measuredW":"234","properties":{"align":"center","color":"16776960","size":"18","text":"Personal Recommendation!"},"typeID":"TextInput","w":"240","x":"846","y":"281","zOrder":"15"},{"ID":"76","measuredH":"32","measuredW":"109","properties":{"align":"center","color":"15658734","size":"18","text":"Possibilities"},"typeID":"TextInput","w":"240","x":"846","y":"317","zOrder":"16"},{"ID":"77","measuredH":"32","measuredW":"87","properties":{"align":"center","color":"16770457","size":"18","text":"Pick any!"},"typeID":"TextInput","w":"240","x":"846","y":"353","zOrder":"17"},{"ID":"78","measuredH":"48","measuredW":"48","properties":{"color":"2848996","icon":{"ID":"circle","size":"large"}},"typeID":"Icon","x":"666","y":"1159","zOrder":"18"},{"ID":"120","measuredH":"32","measuredW":"197","properties":{"align":"center","color":"16770457","size":"18","text":"Nir Eyal's Hook Model*"},"typeID":"TextInput","w":"395","x":"89","y":"926","zOrder":"19"},{"ID":"121","measuredH":"32","measuredW":"359","properties":{"align":"center","color":"16770457","size":"18","text":"Stephen Wendel's CREATE Action Funnel*"},"typeID":"TextInput","w":"395","x":"17","y":"540","zOrder":"20"},{"ID":"123","measuredH":"32","measuredW":"238","properties":{"align":"center","color":"15658734","size":"18","text":"Lean Canvas by Leanstack"},"typeID":"TextInput","w":"482","x":"1381","y":"1207","zOrder":"21"},{"ID":"133","measuredH":"32","measuredW":"233","properties":{"align":"center","color":"16770457","size":"18","text":"BJ Fogg's Behavior Model*"},"typeID":"TextInput","w":"395","x":"17","y":"506","zOrder":"22"},{"ID":"136","measuredH":"32","measuredW":"313","properties":{"align":"center","color":"16770457","size":"18","text":"Spectrum of Thinking Interventions*"},"typeID":"TextInput","w":"395","x":"17","y":"574","zOrder":"23"},{"ID":"138","measuredH":"32","measuredW":"185","properties":{"align":"center","color":"15658734","size":"18","text":"Dual Process Theory"},"typeID":"TextInput","w":"396","x":"17","y":"608","zOrder":"24"},{"ID":"139","measuredH":"26","measuredW":"233","properties":{"bold":"true","size":"18","text":"Buzzwords to Look Out For"},"typeID":"Label","x":"763","y":"559","zOrder":"25"},{"ID":"140","measuredH":"32","measuredW":"168","properties":{"align":"center","color":"15658734","size":"18","text":"Behavioral Science"},"typeID":"TextInput","w":"240","x":"1110","y":"548","zOrder":"26"},{"ID":"141","measuredH":"32","measuredW":"148","properties":{"align":"center","color":"15658734","size":"18","text":"Behavior Design"},"typeID":"TextInput","w":"240","x":"1111","y":"582","zOrder":"27"},{"ID":"142","measuredH":"32","measuredW":"191","properties":{"align":"center","color":"15658734","size":"18","text":"Behavioral Economics"},"typeID":"TextInput","w":"240","x":"1111","y":"616","zOrder":"28"},{"ID":"143","measuredH":"32","measuredW":"199","properties":{"align":"center","color":"15658734","size":"18","text":"Persuasive Technology"},"typeID":"TextInput","w":"240","x":"1110","y":"514","zOrder":"29"},{"ID":"144","measuredH":"32","measuredW":"130","properties":{"align":"center","color":"15658734","size":"18","text":"Nudge Theory"},"typeID":"TextInput","w":"240","x":"1110","y":"480","zOrder":"30"},{"ID":"145","h":"10","measuredH":"15","measuredW":"97","properties":{"color":"2848996","curvature":"1","direction":"bottom","leftArrow":"false","p0":{"x":0,"y":3},"p1":{"x":0.47277179236043093,"y":-0.08334965719882467},"p2":{"x":94,"y":0},"rightArrow":"true","shape":"bezier"},"typeID":"Arrow","w":"95","x":"1011","y":"570","zOrder":"31"},{"ID":"146","h":"14","measuredH":"57","measuredW":"11","properties":{"color":"2848996","curvature":"-1","direction":"bottom","leftArrow":"false","p0":{"x":0,"y":13},"p1":{"x":0.46352957246277826,"y":0.08707826799617538},"p2":{"x":111,"y":8},"rightArrow":"false","shape":"bezier"},"typeID":"Arrow","w":"112","x":"637","y":"562","zOrder":"32"},{"ID":"147","measuredH":"26","measuredW":"232","properties":{"bold":"true","size":"18","text":"Understanding the Product"},"typeID":"Label","x":"546","y":"1049","zOrder":"33"},{"ID":"149","h":"354","measuredH":"60","measuredW":"10","properties":{"color":"2848996","curvature":"-1","direction":"top","leftArrow":"false","p0":{"x":23,"y":0},"p1":{"x":0.5328333052418674,"y":-0.09474127759986516},"p2":{"x":46,"y":353},"rightArrow":"false","shape":"bezier"},"typeID":"Arrow","w":"47","x":"611","y":"688","zOrder":"34"},{"ID":"150","h":"334","measuredH":"270","measuredW":"44","properties":{"color":"2848996","curvature":"-1","direction":"bottom","leftArrow":"false","p0":{"x":37,"y":0},"p1":{"x":0.5288311540970587,"y":0.10939671554584905},"p2":{"x":0,"y":333},"rightArrow":"false","shape":"bezier"},"typeID":"Arrow","w":"57","x":"632","y":"1087","zOrder":"35"},{"ID":"151","measuredH":"26","measuredW":"101","properties":{"bold":"true","size":"18","text":"Frameworks"},"typeID":"Label","x":"464","y":"555","zOrder":"36"},{"ID":"152","h":"8","measuredH":"13","measuredW":"111","properties":{"color":"2848996","curvature":"1","direction":"bottom","leftArrow":"false","p0":{"x":0,"y":1},"p1":{"x":0.4851650647722524,"y":-0.09527789385708317},"p2":{"x":68,"y":0},"rightArrow":"false","shape":"bezier"},"typeID":"Arrow","w":"69","x":"571","y":"573","zOrder":"37"},{"ID":"153","h":"9","measuredH":"9","measuredW":"94","properties":{"color":"2848996","curvature":"1","direction":"bottom","leftArrow":"false","p0":{"x":41,"y":1,"length":41.012193308819754},"p1":{"x":0.4727717923604308,"y":-0.08334965719882469,"length":0.48006284276837746},"p2":{"x":0,"y":8,"length":8},"rightArrow":"true","shape":"bezier"},"typeID":"Arrow","w":"42","x":"418","y":"563","zOrder":"38"},{"ID":"154","measuredH":"26","measuredW":"162","properties":{"bold":"true","size":"18","text":"Conceptual Design"},"typeID":"Label","x":"546","y":"1434","zOrder":"39"},{"ID":"156","measuredH":"26","measuredW":"288","properties":{"bold":"true","size":"18","text":"Make Users Addicted to Your App"},"typeID":"Label","x":"153","y":"828","zOrder":"40"},{"ID":"157","h":"64","measuredH":"8","measuredW":"41","properties":{"color":"2848996","curvature":"0","direction":"top","leftArrow":"false","p0":{"x":1,"y":0,"length":1},"p1":{"x":0.5303103512358299,"y":-0.009700799107972504,"length":0.5303990706356889},"p2":{"x":1,"y":63,"length":63.00793600809346},"rightArrow":"true","shape":"bezier"},"typeID":"Arrow","w":"2","x":"288","y":"855","zOrder":"41"},{"ID":"158","h":"24","measuredH":"7","measuredW":"68","properties":{"color":"2848996","curvature":"1","direction":"top","leftArrow":"false","p0":{"x":0,"y":21},"p1":{"x":0.485981308411215,"y":0.14018691588785048},"p2":{"x":151,"y":23},"rightArrow":"false","shape":"bezier"},"typeID":"Arrow","w":"152","x":"455","y":"820","zOrder":"42"},{"ID":"159","measuredH":"26","measuredW":"216","properties":{"bold":"true","size":"18","text":"Changing Users Behavior"},"typeID":"Label","x":"749","y":"828","zOrder":"43"},{"ID":"160","h":"98","measuredH":"9","measuredW":"94","properties":{"color":"2848996","curvature":"-1","direction":"top","leftArrow":"false","p0":{"x":0,"y":0},"p1":{"x":0.5058326156736868,"y":-0.07954278556329758},"p2":{"x":112,"y":97},"rightArrow":"true","shape":"bezier"},"typeID":"Arrow","w":"113","x":"976","y":"839","zOrder":"44"},{"ID":"161","h":"22","measuredH":"13","measuredW":"111","properties":{"color":"2848996","curvature":"1","direction":"bottom","leftArrow":"false","p0":{"x":0,"y":5},"p1":{"x":0.4790215454398185,"y":-0.16572169123602784},"p2":{"x":111,"y":0},"rightArrow":"false","shape":"bezier"},"typeID":"Arrow","w":"112","x":"620","y":"842","zOrder":"45"},{"ID":"162","measuredH":"32","measuredW":"88","properties":{"align":"center","color":"16770457","size":"18","text":"Cheating"},"typeID":"TextInput","w":"240","x":"1093","y":"843","zOrder":"46"},{"ID":"163","measuredH":"32","measuredW":"206","properties":{"align":"center","color":"16770457","size":"18","text":"Make or Change Habits"},"typeID":"TextInput","w":"240","x":"1093","y":"921","zOrder":"47"},{"ID":"164","measuredH":"32","measuredW":"226","properties":{"align":"center","color":"16770457","size":"18","text":"Support Conscious Action"},"typeID":"TextInput","w":"240","x":"1093","y":"720","zOrder":"48"},{"ID":"166","h":"24","measuredH":"59","measuredW":"97","properties":{"color":"2848996","curvature":"1","direction":"top","leftArrow":"false","p0":{"x":0,"y":7},"p1":{"x":0.5255561893896178,"y":0.12156303479749002},"p2":{"x":114,"y":23},"rightArrow":"true","shape":"bezier"},"typeID":"Arrow","w":"115","x":"975","y":"832","zOrder":"49"},{"ID":"167","measuredH":"32","measuredW":"107","properties":{"align":"center","color":"16770457","size":"18","text":"Defaulting*"},"typeID":"TextInput","w":"285","x":"1427","y":"768","zOrder":"50"},{"ID":"168","measuredH":"26","measuredW":"220","properties":{"bold":"true","size":"18","text":"* See below for examples"},"typeID":"Label","x":"851","y":"392","zOrder":"51"},{"ID":"169","measuredH":"32","measuredW":"163","properties":{"align":"center","color":"16770457","size":"18","text":"Make it Incidential"},"typeID":"TextInput","w":"284","x":"1427","y":"803","zOrder":"52"},{"ID":"170","measuredH":"32","measuredW":"266","properties":{"align":"center","color":"16770457","size":"18","text":"Automate the Act of Repetition"},"typeID":"TextInput","w":"283","x":"1427","y":"838","zOrder":"53"},{"ID":"173","measuredH":"32","measuredW":"380","properties":{"align":"center","color":"16770457","size":"18","text":"Charles Duhigg's Cue-Routine-Reward Model"},"typeID":"TextInput","w":"395","x":"89","y":"961","zOrder":"54"},{"ID":"174","h":"40","measuredH":"75","measuredW":"114","properties":{"color":"2848996","curvature":"-1","direction":"bottom","leftArrow":"false","p0":{"x":0,"y":39,"length":39},"p1":{"x":0.5255561893896178,"y":0.12156303479749009,"length":0.5394319972294113},"p2":{"x":89,"y":1,"length":89.00561780022652},"rightArrow":"true","shape":"bezier"},"typeID":"Arrow","w":"90","x":"1334","y":"818","zOrder":"55"},{"ID":"175","measuredH":"26","measuredW":"160","properties":{"bold":"true","size":"18","text":"Existing Behavior?"},"typeID":"Label","x":"1378","y":"924","zOrder":"56"},{"ID":"176","measuredH":"26","measuredW":"128","properties":{"bold":"true","size":"18","text":"New Behavior?"},"typeID":"Label","x":"1377","y":"964","zOrder":"57"},{"ID":"177","h":"78","measuredH":"21","measuredW":"111","properties":{"color":"2848996","curvature":"-1","direction":"top","leftArrow":"false","p0":{"x":0,"y":0},"p1":{"x":0.42482933020214525,"y":-0.0384810150619855},"p2":{"x":791,"y":76},"rightArrow":"false","shape":"bezier"},"typeID":"Arrow","w":"792","x":"667","y":"951","zOrder":"58"},{"ID":"178","h":"25","measuredH":"51","measuredW":"556","properties":{"color":"2848996","curvature":"-1","direction":"bottom","leftArrow":"false","p0":{"x":0,"y":24},"p1":{"x":0.483199026911966,"y":0.28478029496731033},"p2":{"x":82,"y":23},"rightArrow":"false","shape":"bezier"},"typeID":"Arrow","w":"83","x":"586","y":"928","zOrder":"59"},{"ID":"179","h":"7","measuredH":"63","measuredW":"1","properties":{"color":"2848996","curvature":"0","direction":"bottom","leftArrow":"false","p0":{"x":94,"y":0},"p1":{"x":0.5303103512358299,"y":-0.009700799107972499},"p2":{"x":0,"y":6},"rightArrow":"true","shape":"bezier"},"typeID":"Arrow","w":"95","x":"492","y":"952","zOrder":"60"},{"ID":"182","h":"49","measuredH":"30","measuredW":"780","properties":{"color":"2848996","curvature":"-1","direction":"bottom","leftArrow":"false","p0":{"x":61,"y":0},"p1":{"x":-0.1580082987551867,"y":0.6325311203319501},"p2":{"x":0,"y":48},"rightArrow":"false","shape":"bezier"},"typeID":"Arrow","w":"105","x":"1454","y":"979","zOrder":"61"},{"ID":"183","measuredH":"32","measuredW":"239","properties":{"align":"center","color":"16770457","size":"18","text":"Help User Avoiding the Cue"},"typeID":"TextInput","w":"389","x":"1765","y":"860","zOrder":"62"},{"ID":"184","measuredH":"32","measuredW":"180","properties":{"align":"center","color":"16770457","size":"18","text":"Replace the Routine"},"typeID":"TextInput","w":"389","x":"1765","y":"894","zOrder":"63"},{"ID":"185","measuredH":"32","measuredW":"347","properties":{"align":"center","color":"16770457","size":"18","text":"Cleverly Use Consciousness to Interfere"},"typeID":"TextInput","w":"389","x":"1765","y":"928","zOrder":"64"},{"ID":"186","measuredH":"32","measuredW":"373","properties":{"align":"center","color":"16770457","size":"18","text":"Use Mindfulness to Avoid Acting on the Cue"},"typeID":"TextInput","w":"389","x":"1765","y":"962","zOrder":"65"},{"ID":"187","measuredH":"32","measuredW":"341","properties":{"align":"center","color":"16770457","size":"18","text":"Crowd Out Old Habit With New Behavior"},"typeID":"TextInput","w":"389","x":"1765","y":"996","zOrder":"66"},{"ID":"188","h":"24","measuredH":"39","measuredW":"89","properties":{"color":"2848996","curvature":"1","direction":"top","leftArrow":"false","p0":{"x":0,"y":7,"length":7},"p1":{"x":0.5280118127334318,"y":0.06284200469035005,"length":0.5317382739088344},"p2":{"x":214,"y":23,"length":215.23243250030885},"rightArrow":"true","shape":"bezier"},"typeID":"Arrow","w":"215","x":"1543","y":"931","zOrder":"67"},{"ID":"189","h":"5","measuredH":"63","measuredW":"82","properties":{"color":"2848996","curvature":"0","direction":"bottom","leftArrow":"false","p0":{"x":0,"y":4,"length":4},"p1":{"x":0.552054794520548,"y":-0.005479452054794521,"length":0.5520819871612777},"p2":{"x":38,"y":0,"length":38},"rightArrow":"false","shape":"bezier"},"typeID":"Arrow","w":"39","x":"1334","y":"937","zOrder":"68"},{"ID":"190","h":"32","measuredH":"5","measuredW":"34","properties":{"color":"2848996","curvature":"-1","direction":"top","leftArrow":"false","p0":{"x":0,"y":0,"length":0},"p1":{"x":0.6145325653522374,"y":-0.16526362428001773,"length":0.63636651340919},"p2":{"x":36,"y":31,"length":47.50789408087881},"rightArrow":"false","shape":"bezier"},"typeID":"Arrow","w":"37","x":"1334","y":"940","zOrder":"69"},{"ID":"191","h":"98","measuredH":"75","measuredW":"114","properties":{"color":"2848996","curvature":"-1","direction":"bottom","leftArrow":"false","p0":{"x":0,"y":97},"p1":{"x":0.5255561893896178,"y":0.12156303479749002},"p2":{"x":116,"y":0},"rightArrow":"true","shape":"bezier"},"typeID":"Arrow","w":"117","x":"975","y":"736","zOrder":"70"},{"ID":"192","measuredH":"32","measuredW":"236","properties":{"align":"center","color":"16770457","size":"18","text":"Educate & Encourage User"},"typeID":"TextInput","w":"370","x":"1420","y":"647","zOrder":"71"},{"ID":"193","measuredH":"32","measuredW":"354","properties":{"align":"center","color":"16770457","size":"18","text":"Help User to Think About His/Her Actions"},"typeID":"TextInput","w":"370","x":"1420","y":"681","zOrder":"72"},{"ID":"194","h":"56","measuredH":"39","measuredW":"89","properties":{"color":"2848996","curvature":"-1","direction":"bottom","leftArrow":"false","p0":{"x":0,"y":55},"p1":{"x":0.544076840981857,"y":0.03906083244397012},"p2":{"x":86,"y":0},"rightArrow":"true","shape":"bezier"},"typeID":"Arrow","w":"87","x":"1334","y":"678","zOrder":"73"},{"ID":"195","measuredH":"26","measuredW":"177","properties":{"bold":"true","size":"18","text":"Classifying Behavior"},"typeID":"Label","x":"360","y":"742","zOrder":"74"},{"ID":"196","h":"97","measuredH":"23","measuredW":"151","properties":{"color":"2848996","curvature":"1","direction":"top","leftArrow":"false","p0":{"x":0,"y":0},"p1":{"x":0.485981308411215,"y":0.14018691588785048},"p2":{"x":75,"y":96},"rightArrow":"false","shape":"bezier"},"typeID":"Arrow","w":"76","x":"541","y":"757","zOrder":"75"},{"ID":"197","measuredH":"32","measuredW":"210","properties":{"align":"center","color":"16776960","size":"18","text":"BJ Fogg's Behavior Grid"},"typeID":"TextInput","w":"285","x":"5","y":"720","zOrder":"76"},{"ID":"198","h":"15","measuredH":"63","measuredW":"1","properties":{"color":"2848996","curvature":"0","direction":"top","leftArrow":"false","p0":{"x":61,"y":14},"p1":{"x":0.5303103512358299,"y":-0.009700799107972504},"p2":{"x":0,"y":0},"rightArrow":"true","shape":"bezier"},"typeID":"Arrow","w":"62","x":"294","y":"736","zOrder":"77"},{"ID":"199","measuredH":"26","measuredW":"173","properties":{"bold":"true","size":"18","text":"Define Target Users"},"typeID":"Label","x":"404","y":"1336","zOrder":"78"},{"ID":"200","h":"61","measuredH":"22","measuredW":"109","properties":{"color":"2848996","curvature":"1","direction":"top","p0":{"x":0,"y":0},"p1":{"x":0.5262325437852018,"y":0.10805493403286784},"p2":{"x":151,"y":60},"rightArrow":"false","shape":"bezier"},"typeID":"Arrow","w":"152","x":"539","y":"1122","zOrder":"79"},{"ID":"201","measuredH":"32","measuredW":"197","properties":{"align":"center","color":"16776960","size":"18","text":"Create User Personas"},"typeID":"TextInput","w":"285","x":"74","y":"1378","zOrder":"80"},{"ID":"202","h":"34","measuredH":"15","measuredW":"97","properties":{"color":"2848996","curvature":"1","direction":"bottom","leftArrow":"false","p0":{"x":181,"y":5,"length":181.06904760339356},"p1":{"x":0.5016144221713978,"y":-0.08697699448405762,"length":0.5090992301112084},"p2":{"x":0,"y":33,"length":33},"rightArrow":"true","shape":"bezier"},"typeID":"Arrow","w":"182","x":"214","y":"1339","zOrder":"81"},{"ID":"204","measuredH":"26","measuredW":"132","properties":{"bold":"true","size":"18","text":"Clarify Product"},"typeID":"Label","x":"399","y":"1108","zOrder":"82"},{"ID":"205","h":"152","measuredH":"15","measuredW":"124","properties":{"color":"2848996","curvature":"1","direction":"bottom","p0":{"x":0,"y":151},"p1":{"x":0.47169586816194187,"y":-0.07909688550435791},"p2":{"x":104,"y":0},"rightArrow":"false","shape":"bezier"},"typeID":"Arrow","w":"105","x":"585","y":"1191","zOrder":"83"},{"ID":"206","h":"51","measuredH":"33","measuredW":"181","properties":{"color":"2848996","curvature":"1","direction":"bottom","leftArrow":"false","p0":{"x":227,"y":4},"p1":{"x":0.5016144221713981,"y":-0.0869769944840576},"p2":{"x":0,"y":50},"rightArrow":"true","shape":"bezier"},"typeID":"Arrow","w":"228","x":"161","y":"1117","zOrder":"84"},{"ID":"207","measuredH":"32","measuredW":"532","properties":{"align":"center","color":"16776960","size":"18","text":"Target Outcome: What is the Product Supposed to Accomplish?"},"typeID":"TextInput","w":"561","x":"5","y":"1175","zOrder":"85"},{"ID":"208","measuredH":"32","measuredW":"342","properties":{"align":"center","color":"16776960","size":"18","text":"Target Actor: Who Will Use the Product?"},"typeID":"TextInput","w":"561","x":"5","y":"1209","zOrder":"86"},{"ID":"209","measuredH":"32","measuredW":"327","properties":{"align":"center","color":"16776960","size":"18","text":"Target Action: How Will the User do it?"},"typeID":"TextInput","w":"561","x":"5","y":"1243","zOrder":"87"},{"ID":"211","measuredH":"48","measuredW":"48","properties":{"color":"2848996","icon":{"ID":"circle","size":"large"}},"typeID":"Icon","x":"598","y":"1611","zOrder":"88"},{"ID":"212","h":"161","measuredH":"333","measuredW":"56","properties":{"color":"2848996","curvature":"-1","direction":"top","leftArrow":"false","p0":{"x":18,"y":0},"p1":{"x":0.5243154564274833,"y":-0.10952697160267177},"p2":{"x":19,"y":160},"rightArrow":"false","shape":"bezier"},"typeID":"Arrow","w":"20","x":"601","y":"1468","zOrder":"89"},{"ID":"213","h":"99","measuredH":"22","measuredW":"109","properties":{"color":"2848996","curvature":"1","direction":"bottom","p0":{"x":161,"y":0},"p1":{"x":0.5727916863486068,"y":-0.010486537553141278},"p2":{"x":0,"y":98},"rightArrow":"false","shape":"bezier"},"typeID":"Arrow","w":"162","x":"628","y":"1530","zOrder":"90"},{"ID":"214","measuredH":"32","measuredW":"365","properties":{"align":"center","color":"16776960","size":"18","text":"Customer Experience Map by Mel Edwards"},"typeID":"TextInput","w":"401","x":"1060","y":"1460","zOrder":"91"},{"ID":"215","measuredH":"26","measuredW":"148","properties":{"bold":"true","size":"18","text":"Already Existing?"},"typeID":"Label","x":"1094","y":"1193","zOrder":"92"},{"ID":"216","measuredH":"26","measuredW":"185","properties":{"bold":"true","size":"18","text":"New Business Model?"},"typeID":"Label","x":"1071","y":"1292","zOrder":"93"},{"ID":"218","measuredH":"32","measuredW":"353","properties":{"align":"center","color":"16776960","size":"18","text":"Business Model Inspirator by Orange Hills"},"typeID":"TextInput","w":"482","x":"1381","y":"1289","zOrder":"94"},{"ID":"219","h":"85","measuredH":"83","measuredW":"90","properties":{"color":"2848996","curvature":"-1","direction":"top","leftArrow":"false","p0":{"x":0,"y":0,"length":0},"p1":{"x":0.6145325653522373,"y":-0.16526362428001776,"length":0.6363665134091899},"p2":{"x":90,"y":83,"length":122.42957159118053},"rightArrow":"false","shape":"bezier"},"typeID":"Arrow","w":"92","x":"965","y":"1219","zOrder":"95"},{"ID":"220","h":"27","measuredH":"25","measuredW":"117","properties":{"color":"2848996","curvature":"-1","direction":"bottom","leftArrow":"false","p0":{"x":0,"y":25,"length":25},"p1":{"x":0.46534903280067286,"y":0.13296888141295196,"length":0.48397360026424313},"p2":{"x":117,"y":8,"length":117.27318534089538},"rightArrow":"false","shape":"bezier"},"typeID":"Arrow","w":"119","x":"965","y":"1194","zOrder":"96"},{"ID":"221","h":"11","measuredH":"10","measuredW":"117","properties":{"color":"2848996","curvature":"1","direction":"top","leftArrow":"false","p0":{"x":0,"y":6,"length":6},"p1":{"x":0.5280118127334316,"y":0.06284200469035003,"length":0.5317382739088342},"p2":{"x":117,"y":10,"length":117.42657280190033},"rightArrow":"true","shape":"bezier"},"typeID":"Arrow","w":"118","x":"1256","y":"1195","zOrder":"97"},{"ID":"222","h":"11","measuredH":"10","measuredW":"117","properties":{"color":"2848996","curvature":"1","direction":"top","leftArrow":"false","p0":{"x":0,"y":6,"length":6},"p1":{"x":0.5280118127334316,"y":0.06284200469035003,"length":0.5317382739088342},"p2":{"x":117,"y":10,"length":117.42657280190033},"rightArrow":"true","shape":"bezier"},"typeID":"Arrow","w":"118","x":"1261","y":"1297","zOrder":"98"},{"ID":"223","measuredH":"26","measuredW":"103","properties":{"bold":"true","size":"18","text":"Deliverables"},"typeID":"Label","x":"797","y":"1515","zOrder":"99"},{"ID":"224","h":"126","measuredH":"135","measuredW":"123","properties":{"color":"2848996","curvature":"1","direction":"top","p0":{"x":0,"y":0},"p1":{"x":0.5832546134298373,"y":0.07748699458495763},"p2":{"x":244,"y":125},"rightArrow":"false","shape":"bezier"},"typeID":"Arrow","w":"245","x":"378","y":"1511","zOrder":"100"},{"ID":"225","h":"59","measuredH":"33","measuredW":"181","properties":{"color":"2848996","curvature":"-1","direction":"bottom","leftArrow":"false","p0":{"x":4,"y":0},"p1":{"x":0.5630114566284778,"y":0.057283142389525366},"p2":{"x":0,"y":58},"rightArrow":"true","shape":"bezier"},"typeID":"Arrow","w":"6","x":"241","y":"1527","zOrder":"101"},{"ID":"227","measuredH":"32","measuredW":"374","properties":{"align":"center","color":"16776960","size":"18","text":"In General: Keep It Short and Simple (KISS)"},"typeID":"TextInput","w":"445","x":"17","y":"1599","zOrder":"102"},{"ID":"228","measuredH":"32","measuredW":"400","properties":{"align":"center","color":"16776960","size":"18","text":"Make it Easy to Understand, Easy to Complete"},"typeID":"TextInput","w":"445","x":"17","y":"1633","zOrder":"103"},{"ID":"229","measuredH":"32","measuredW":"260","properties":{"align":"center","color":"16776960","size":"18","text":"Make Progress to User Visible"},"typeID":"TextInput","w":"445","x":"17","y":"1667","zOrder":"104"},{"ID":"230","measuredH":"32","measuredW":"437","properties":{"align":"center","color":"16776960","size":"18","text":"Make Progress Meaningful in Order to Reward User"},"typeID":"TextInput","w":"445","x":"17","y":"1701","zOrder":"105"},{"ID":"231","measuredH":"32","measuredW":"372","properties":{"align":"center","color":"16776960","size":"18","text":"Make Successful Completion Clearly Visible"},"typeID":"TextInput","w":"445","x":"17","y":"1735","zOrder":"106"},{"ID":"232","measuredH":"26","measuredW":"196","properties":{"bold":"true","size":"18","text":"Things to Look Out For"},"typeID":"Label","x":"161","y":"1492","zOrder":"107"},{"ID":"233","h":"4","measuredH":"13","measuredW":"123","properties":{"color":"2848996","curvature":"-1","direction":"top","p0":{"x":146,"y":3,"length":146.03081866510234},"p1":{"x":0.5727916863486068,"y":-0.010486537553141276,"length":0.5728876708569789},"p2":{"x":0,"y":2,"length":2},"rightArrow":"false","shape":"bezier"},"typeID":"Arrow","w":"147","x":"911","y":"1525","zOrder":"108"},{"ID":"234","measuredH":"32","measuredW":"152","properties":{"align":"center","color":"15658734","size":"18","text":"Simple Flowchart"},"typeID":"TextInput","w":"402","x":"1060","y":"1494","zOrder":"109"},{"ID":"235","measuredH":"32","measuredW":"352","properties":{"align":"center","color":"15658734","size":"18","text":"Event-Driven Process Chain Model (EPC)"},"typeID":"TextInput","w":"402","x":"1060","y":"1528","zOrder":"110"},{"ID":"236","measuredH":"32","measuredW":"389","properties":{"align":"center","color":"15658734","size":"18","text":"Business Process Model and Notation (BPMN)"},"typeID":"TextInput","w":"402","x":"1060","y":"1562","zOrder":"111"},{"ID":"238","measuredH":"48","measuredW":"48","properties":{"color":"2848996","icon":{"ID":"circle","size":"large"}},"typeID":"Icon","x":"598","y":"2106","zOrder":"112"},{"ID":"239","measuredH":"26","measuredW":"100","properties":{"bold":"true","size":"18","text":"Prototyping"},"typeID":"Label","x":"543","y":"1801","zOrder":"113"},{"ID":"240","h":"161","measuredH":"160","measuredW":"19","properties":{"color":"2848996","curvature":"1","direction":"top","leftArrow":"false","p0":{"x":0,"y":0},"p1":{"x":0.5448615288465295,"y":0.1778446154447092},"p2":{"x":1,"y":160},"rightArrow":"false","shape":"bezier"},"typeID":"Arrow","w":"30","x":"626","y":"1637","zOrder":"114"},{"ID":"241","h":"293","measuredH":"160","measuredW":"29","properties":{"color":"2848996","curvature":"-1","direction":"top","leftArrow":"false","p0":{"x":32,"y":0},"p1":{"x":0.5240810905823992,"y":-0.14702550681614},"p2":{"x":56,"y":292},"rightArrow":"false","shape":"bezier"},"typeID":"Arrow","w":"57","x":"571","y":"1836","zOrder":"115"},{"ID":"242","measuredH":"32","measuredW":"292","properties":{"align":"center","color":"15658734","size":"18","text":"Search on Google for Competitors"},"typeID":"TextInput","w":"482","x":"1381","y":"1323","zOrder":"116"},{"ID":"243","measuredH":"32","measuredW":"308","properties":{"align":"center","color":"15658734","size":"18","text":"Five-Forces Model by Michael Porter"},"typeID":"TextInput","w":"482","x":"1381","y":"1357","zOrder":"117"},{"ID":"244","measuredH":"32","measuredW":"285","properties":{"align":"center","color":"15658734","size":"18","text":"SWOT-Analysis by Michael Porter"},"typeID":"TextInput","w":"482","x":"1381","y":"1391","zOrder":"118"},{"ID":"272","h":"574","measuredH":"289","measuredW":"48","properties":{"color":"2848996","curvature":"-1","direction":"bottom","leftArrow":"false","p0":{"x":73,"y":0},"p1":{"x":0.5977708904517821,"y":0.08819883180355227},"p2":{"x":0,"y":573},"rightArrow":"false","shape":"bezier"},"typeID":"Arrow","w":"88","x":"549","y":"2133","zOrder":"119"},{"ID":"280","measuredH":"26","measuredW":"155","properties":{"bold":"true","size":"18","text":"Wireframing Tools"},"typeID":"Label","x":"158","y":"1887","zOrder":"120"},{"ID":"281","measuredH":"32","measuredW":"96","properties":{"align":"center","color":"16770457","size":"18","text":"Adobe XD"},"typeID":"TextInput","w":"240","x":"116","y":"2019","zOrder":"121"},{"ID":"282","measuredH":"32","measuredW":"70","properties":{"align":"center","color":"16770457","size":"18","text":"Sketch"},"typeID":"TextInput","w":"240","x":"116","y":"2053","zOrder":"122"},{"ID":"283","measuredH":"32","measuredW":"93","properties":{"align":"center","color":"16770457","size":"18","text":"BalsamiQ"},"typeID":"TextInput","w":"240","x":"116","y":"2087","zOrder":"123"},{"ID":"284","h":"226","measuredH":"13","measuredW":"123","properties":{"color":"2848996","curvature":"1","direction":"top","p0":{"x":0,"y":0},"p1":{"x":0.3472629430321024,"y":0.05908331786973465},"p2":{"x":290,"y":225},"rightArrow":"false","shape":"bezier"},"typeID":"Arrow","w":"291","x":"329","y":"1903","zOrder":"124"},{"ID":"285","h":"79","measuredH":"3","measuredW":"146","properties":{"color":"2848996","curvature":"1","direction":"bottom","p0":{"x":0,"y":78,"length":78},"p1":{"x":0.5727916863486066,"y":-0.01048653755314128,"length":0.5728876708569787},"p2":{"x":1,"y":0,"length":1},"rightArrow":"false","shape":"bezier"},"typeID":"Arrow","w":"2","x":"235","y":"1924","zOrder":"125"},{"ID":"286","measuredH":"26","measuredW":"205","properties":{"bold":"true","size":"18","text":"Create Product Backlog"},"typeID":"Label","x":"830","y":"1670","zOrder":"126"},{"ID":"288","measuredH":"32","measuredW":"118","properties":{"align":"center","color":"16776960","size":"18","text":"User Stories"},"typeID":"TextInput","w":"401","x":"1207","y":"1667","zOrder":"127"},{"ID":"289","h":"56","measuredH":"32","measuredW":"171","properties":{"color":"2848996","curvature":"1","direction":"top","p0":{"x":186,"y":50},"p1":{"x":0.4676514988138883,"y":0.12033642441233557},"p2":{"x":0,"y":0},"rightArrow":"false","shape":"bezier"},"typeID":"Arrow","w":"187","x":"630","y":"1633","zOrder":"128"},{"ID":"290","h":"12","measuredH":"122","measuredW":"123","properties":{"color":"2848996","curvature":"-1","direction":"top","p0":{"x":139,"y":11,"length":139.43457247038842},"p1":{"x":0.507817884999093,"y":-0.07912207509522948,"length":0.5139448482982656},"p2":{"x":0,"y":11,"length":11},"rightArrow":"false","shape":"bezier"},"typeID":"Arrow","w":"140","x":"1051","y":"1663","zOrder":"129"},{"ID":"291","measuredH":"26","measuredW":"103","properties":{"bold":"true","size":"18","text":"UX Patterns"},"typeID":"Label","x":"1376","y":"1808","zOrder":"130"},{"ID":"292","h":"305","measuredH":"311","measuredW":"467","properties":{"color":"2848996","curvature":"1","direction":"bottom","p0":{"x":720,"y":0},"p1":{"x":0.5553751047778709,"y":-0.11226948868398995},"p2":{"x":0,"y":304},"rightArrow":"false","shape":"bezier"},"typeID":"Arrow","w":"721","x":"631","y":"1824","zOrder":"131"},{"ID":"293","measuredH":"32","measuredW":"220","properties":{"align":"center","color":"16770457","size":"18","text":"Decision-Making Support"},"typeID":"TextInput","w":"395","x":"1022","y":"1995","zOrder":"132"},{"ID":"294","measuredH":"32","measuredW":"217","properties":{"align":"center","color":"16770457","size":"18","text":"Behavior Change Games"},"typeID":"TextInput","w":"395","x":"1022","y":"2030","zOrder":"133"},{"ID":"295","measuredH":"32","measuredW":"115","properties":{"align":"center","color":"16770457","size":"18","text":"Gamification"},"typeID":"TextInput","w":"395","x":"1022","y":"2065","zOrder":"134"},{"ID":"296","measuredH":"32","measuredW":"86","properties":{"align":"center","color":"16770457","size":"18","text":"Planners"},"typeID":"TextInput","w":"395","x":"1022","y":"2100","zOrder":"135"},{"ID":"297","measuredH":"32","measuredW":"102","properties":{"align":"center","color":"16770457","size":"18","text":"Reminders"},"typeID":"TextInput","w":"395","x":"1022","y":"2135","zOrder":"136"},{"ID":"298","measuredH":"32","measuredW":"133","properties":{"align":"center","color":"16770457","size":"18","text":"Social Sharing"},"typeID":"TextInput","w":"395","x":"1022","y":"2170","zOrder":"137"},{"ID":"299","measuredH":"32","measuredW":"126","properties":{"align":"center","color":"16770457","size":"18","text":"Goal Trackers"},"typeID":"TextInput","w":"395","x":"1022","y":"2205","zOrder":"138"},{"ID":"300","measuredH":"32","measuredW":"85","properties":{"align":"center","color":"16770457","size":"18","text":"Tutorials"},"typeID":"TextInput","w":"395","x":"1022","y":"2240","zOrder":"139"},{"ID":"301","measuredH":"32","measuredW":"123","properties":{"align":"center","color":"16770457","size":"18","text":"Call to Action"},"typeID":"TextInput","w":"395","x":"1501","y":"1995","zOrder":"140"},{"ID":"302","measuredH":"32","measuredW":"112","properties":{"align":"center","color":"16770457","size":"18","text":"How-to Tips"},"typeID":"TextInput","w":"395","x":"1501","y":"2030","zOrder":"141"},{"ID":"303","measuredH":"32","measuredW":"347","properties":{"align":"center","color":"16770457","size":"18","text":"Simple Reminders and Planning Prompts"},"typeID":"TextInput","w":"395","x":"1501","y":"2065","zOrder":"142"},{"ID":"304","measuredH":"32","measuredW":"139","properties":{"align":"center","color":"16770457","size":"18","text":"Status Reports"},"typeID":"TextInput","w":"395","x":"1501","y":"2100","zOrder":"143"},{"ID":"306","measuredH":"26","measuredW":"331","properties":{"bold":"true","size":"18","text":"When Attention is Fleeting and Scarce"},"typeID":"Label","x":"1549","y":"1921","zOrder":"144"},{"ID":"307","measuredH":"26","measuredW":"461","properties":{"bold":"true","size":"18","text":"When You Have Many Opportunities to Influence User"},"typeID":"Label","x":"988","y":"1921","zOrder":"145"},{"ID":"309","h":"80","measuredH":"25","measuredW":"117","properties":{"color":"2848996","curvature":"1","direction":"bottom","leftArrow":"false","p0":{"x":206,"y":0,"length":206},"p1":{"x":0.690636672857411,"y":-0.07403852173368664,"length":0.6945939220840218},"p2":{"x":0,"y":79,"length":79},"rightArrow":"false","shape":"bezier"},"typeID":"Arrow","w":"207","x":"1215","y":"1835","zOrder":"146"},{"ID":"310","h":"81","measuredH":"50","measuredW":"139","properties":{"color":"2848996","curvature":"1","direction":"top","leftArrow":"false","p0":{"x":0,"y":0,"length":0},"p1":{"x":0.7247162673392181,"y":0.06658259773013872,"length":0.7277684456381593},"p2":{"x":270,"y":80,"length":281.60255680657446},"rightArrow":"false","shape":"bezier"},"typeID":"Arrow","w":"271","x":"1427","y":"1834","zOrder":"147"},{"ID":"311","h":"41","measuredH":"11","measuredW":"139","properties":{"color":"2848996","curvature":"1","direction":"top","p0":{"x":2,"y":40,"length":40.049968789001575},"p1":{"x":0.5252966895690193,"y":0.011867582760774513,"length":0.5254307295855035},"p2":{"x":1,"y":0,"length":1},"rightArrow":"false","shape":"bezier"},"typeID":"Arrow","w":"3","x":"1698","y":"1947","zOrder":"148"},{"ID":"312","h":"36","measuredH":"31","measuredW":"5","properties":{"color":"2848996","curvature":"1","direction":"top","p0":{"x":3,"y":35,"length":35.12833614050059},"p1":{"x":0.5443449959316518,"y":0.026037428803905614,"length":0.5449673589257877},"p2":{"x":1,"y":0,"length":1},"rightArrow":"false","shape":"bezier"},"typeID":"Arrow","w":"4","x":"1213","y":"1948","zOrder":"149"},{"ID":"314","measuredH":"26","measuredW":"296","properties":{"bold":"true","size":"18","text":"Getting Positive, Intuitive Reaction"},"typeID":"Label","x":"1232","y":"2473","zOrder":"150"},{"ID":"315","measuredH":"26","measuredW":"322","properties":{"bold":"true","size":"18","text":"Get a Favorable, Conscious Evaluation"},"typeID":"Label","x":"1689","y":"2474","zOrder":"151"},{"ID":"316","measuredH":"26","measuredW":"299","properties":{"bold":"true","size":"18","text":"Making Sure Users Can Easily do it"},"typeID":"Label","x":"2164","y":"2473","zOrder":"152"},{"ID":"317","measuredH":"26","measuredW":"189","properties":{"bold":"true","size":"18","text":"Measuring the Impact"},"typeID":"Label","x":"441","y":"2719","zOrder":"153"},{"ID":"318","measuredH":"48","measuredW":"48","properties":{"color":"2848996","icon":{"ID":"circle","size":"large"}},"typeID":"Icon","x":"450","y":"2940","zOrder":"154"},{"ID":"319","h":"234","measuredH":"312","measuredW":"469","properties":{"color":"2848996","curvature":"1","direction":"top","p0":{"x":497,"y":233},"p1":{"x":0.5135203114886595,"y":0.12603754095666725},"p2":{"x":0,"y":0},"rightArrow":"false","shape":"bezier"},"typeID":"Arrow","w":"498","x":"632","y":"2131","zOrder":"155"},{"ID":"320","h":"91","measuredH":"79","measuredW":"206","properties":{"color":"2848996","curvature":"1","direction":"bottom","leftArrow":"false","p0":{"x":314,"y":0},"p1":{"x":0.690636672857411,"y":-0.07403852173368664},"p2":{"x":0,"y":90},"rightArrow":"false","shape":"bezier"},"typeID":"Arrow","w":"315","x":"900","y":"2382","zOrder":"156"},{"ID":"321","h":"85","measuredH":"80","measuredW":"270","properties":{"color":"2848996","curvature":"1","direction":"top","leftArrow":"false","p0":{"x":0,"y":0},"p1":{"x":0.6955526595060864,"y":0.01640497190635957},"p2":{"x":557,"y":84},"rightArrow":"false","shape":"bezier"},"typeID":"Arrow","w":"558","x":"1304","y":"2376","zOrder":"157"},{"ID":"322","h":"83","measuredH":"83","measuredW":"182","properties":{"color":"2848996","curvature":"1","direction":"top","leftArrow":"false","p0":{"x":0,"y":0},"p1":{"x":0.7085989420859894,"y":0.05099688050996885},"p2":{"x":117,"y":82},"rightArrow":"false","shape":"bezier"},"typeID":"Arrow","w":"118","x":"1278","y":"2381","zOrder":"158"},{"ID":"323","h":"93","measuredH":"82","measuredW":"27","properties":{"color":"2848996","curvature":"1","direction":"top","leftArrow":"false","p0":{"x":0,"y":0},"p1":{"x":0.7081644487577406,"y":0.026362519191998102},"p2":{"x":972,"y":92},"rightArrow":"false","shape":"bezier"},"typeID":"Arrow","w":"973","x":"1318","y":"2366","zOrder":"159"},{"ID":"324","h":"385","measuredH":"473","measuredW":"60","properties":{"color":"2848996","curvature":"-1","direction":"top","leftArrow":"false","p0":{"x":58,"y":0},"p1":{"x":0.5501328627355524,"y":-0.17852289093085053},"p2":{"x":79,"y":384},"rightArrow":"false","shape":"bezier"},"typeID":"Arrow","w":"80","x":"468","y":"2754","zOrder":"160"},{"ID":"325","measuredH":"32","measuredW":"360","properties":{"align":"center","color":"16770457","size":"18","text":"Tell User What the Action is and Ask For it"},"typeID":"TextInput","w":"395","x":"703","y":"2541","zOrder":"161"},{"ID":"326","measuredH":"32","measuredW":"237","properties":{"align":"center","color":"16770457","size":"18","text":"Make it Clear, Where to Act"},"typeID":"TextInput","w":"395","x":"703","y":"2576","zOrder":"162"},{"ID":"327","measuredH":"32","measuredW":"260","properties":{"align":"center","color":"16770457","size":"18","text":"Clear the Page of Distractions"},"typeID":"TextInput","w":"395","x":"703","y":"2611","zOrder":"163"},{"ID":"328","measuredH":"32","measuredW":"331","properties":{"align":"center","color":"16770457","size":"18","text":"Make the UI Professional and Beautiful"},"typeID":"TextInput","w":"395","x":"1182","y":"2541","zOrder":"164"},{"ID":"329","measuredH":"32","measuredW":"174","properties":{"align":"center","color":"16770457","size":"18","text":"Deploy Social Proof"},"typeID":"TextInput","w":"395","x":"1182","y":"2576","zOrder":"165"},{"ID":"330","measuredH":"32","measuredW":"306","properties":{"align":"center","color":"16770457","size":"18","text":"Display Strong Authority on Subject"},"typeID":"TextInput","w":"395","x":"1182","y":"2611","zOrder":"166"},{"ID":"331","measuredH":"32","measuredW":"229","properties":{"align":"center","color":"16770457","size":"18","text":"Be Authentic and Personal"},"typeID":"TextInput","w":"395","x":"1182","y":"2646","zOrder":"167"},{"ID":"332","measuredH":"32","measuredW":"290","properties":{"align":"center","color":"16770457","size":"18","text":"Prime User-Relevant Associations"},"typeID":"TextInput","w":"395","x":"1639","y":"2541","zOrder":"168"},{"ID":"333","measuredH":"32","measuredW":"208","properties":{"align":"center","color":"16770457","size":"18","text":"Leverage Loss Aversion"},"typeID":"TextInput","w":"395","x":"1639","y":"2576","zOrder":"169"},{"ID":"334","measuredH":"32","measuredW":"203","properties":{"align":"center","color":"16770457","size":"18","text":"Use Peer Comparisons"},"typeID":"TextInput","w":"395","x":"1639","y":"2611","zOrder":"170"},{"ID":"335","measuredH":"32","measuredW":"150","properties":{"align":"center","color":"16770457","size":"18","text":"Use Competition"},"typeID":"TextInput","w":"395","x":"1639","y":"2646","zOrder":"171"},{"ID":"336","measuredH":"32","measuredW":"226","properties":{"align":"center","color":"16770457","size":"18","text":"Avoid Cognitive Overhead"},"typeID":"TextInput","w":"395","x":"1639","y":"2681","zOrder":"172"},{"ID":"337","measuredH":"32","measuredW":"198","properties":{"align":"center","color":"16770457","size":"18","text":"Avoid Choice Overload"},"typeID":"TextInput","w":"395","x":"1639","y":"2716","zOrder":"173"},{"ID":"338","measuredH":"32","measuredW":"196","properties":{"align":"center","color":"16770457","size":"18","text":"Avoid Direct Payments"},"typeID":"TextInput","w":"395","x":"1639","y":"2751","zOrder":"174"},{"ID":"339","measuredH":"32","measuredW":"271","properties":{"align":"center","color":"16770457","size":"18","text":"Elicit Implementation Intentions"},"typeID":"TextInput","w":"395","x":"2078","y":"2541","zOrder":"175"},{"ID":"340","measuredH":"32","measuredW":"166","properties":{"align":"center","color":"16770457","size":"18","text":"Default Everything"},"typeID":"TextInput","w":"395","x":"2078","y":"2575","zOrder":"176"},{"ID":"341","measuredH":"32","measuredW":"378","properties":{"align":"center","color":"16770457","size":"18","text":"Lessen the Burden of Action and Information"},"typeID":"TextInput","w":"395","x":"2078","y":"2608","zOrder":"177"},{"ID":"342","measuredH":"32","measuredW":"226","properties":{"align":"center","color":"16770457","size":"18","text":"Deploy Peer Comparisons"},"typeID":"TextInput","w":"395","x":"2078","y":"2644","zOrder":"178"},{"ID":"344","measuredH":"26","measuredW":"248","properties":{"bold":"true","size":"18","text":"Creating Urgency to Act Now"},"typeID":"Label","x":"2562","y":"2473","zOrder":"179"},{"ID":"345","measuredH":"32","measuredW":"317","properties":{"align":"center","color":"16770457","size":"18","text":"Frame Text to Avoid Temporal Myopia"},"typeID":"TextInput","w":"395","x":"2522","y":"2541","zOrder":"180"},{"ID":"346","measuredH":"32","measuredW":"304","properties":{"align":"center","color":"16770457","size":"18","text":"Remind of Prior Commitment to Act"},"typeID":"TextInput","w":"395","x":"2522","y":"2575","zOrder":"181"},{"ID":"347","measuredH":"32","measuredW":"253","properties":{"align":"center","color":"16770457","size":"18","text":"Make Commitment to Friends"},"typeID":"TextInput","w":"395","x":"2522","y":"2611","zOrder":"182"},{"ID":"348","measuredH":"32","measuredW":"187","properties":{"align":"center","color":"16770457","size":"18","text":"Make Reward Scarce"},"typeID":"TextInput","w":"395","x":"2522","y":"2646","zOrder":"183"},{"ID":"349","h":"38","measuredH":"35","measuredW":"3","properties":{"color":"2848996","curvature":"1","direction":"top","p0":{"x":2,"y":37},"p1":{"x":0.4868613138686131,"y":0.01386861313868613},"p2":{"x":1,"y":0},"rightArrow":"false","shape":"bezier"},"typeID":"Arrow","w":"3","x":"892","y":"2495","zOrder":"184"},{"ID":"350","h":"38","measuredH":"37","measuredW":"2","properties":{"color":"2848996","curvature":"1","direction":"top","p0":{"x":2,"y":37,"length":37.05401462729781},"p1":{"x":0.48686131386861303,"y":0.013868613138686134,"length":0.4870588027869558},"p2":{"x":1,"y":0,"length":1},"rightArrow":"false","shape":"bezier"},"typeID":"Arrow","w":"3","x":"1392","y":"2495","zOrder":"185"},{"ID":"351","h":"39","measuredH":"37","measuredW":"2","properties":{"color":"2848996","curvature":"1","direction":"top","p0":{"x":2,"y":37,"length":37.05401462729781},"p1":{"x":0.48686131386861303,"y":0.013868613138686134,"length":0.4870588027869558},"p2":{"x":1,"y":0,"length":1},"rightArrow":"false","shape":"bezier"},"typeID":"Arrow","w":"4","x":"1862","y":"2495","zOrder":"186"},{"ID":"352","h":"39","measuredH":"37","measuredW":"2","properties":{"color":"2848996","curvature":"1","direction":"top","p0":{"x":2,"y":37,"length":37.05401462729781},"p1":{"x":0.48686131386861303,"y":0.013868613138686134,"length":0.4870588027869558},"p2":{"x":1,"y":0,"length":1},"rightArrow":"false","shape":"bezier"},"typeID":"Arrow","w":"4","x":"2292","y":"2495","zOrder":"187"},{"ID":"353","h":"39","measuredH":"37","measuredW":"2","properties":{"color":"2848996","curvature":"1","direction":"top","p0":{"x":2,"y":37,"length":37.05401462729781},"p1":{"x":0.48686131386861303,"y":0.013868613138686134,"length":0.4870588027869558},"p2":{"x":1,"y":0,"length":1},"rightArrow":"false","shape":"bezier"},"typeID":"Arrow","w":"4","x":"2692","y":"2495","zOrder":"188"},{"ID":"354","h":"107","measuredH":"78","measuredW":"1071","properties":{"color":"2848996","curvature":"1","direction":"top","leftArrow":"false","p0":{"x":0,"y":0},"p1":{"x":0.7081644487577406,"y":0.026362519191998102},"p2":{"x":1367,"y":106},"rightArrow":"false","shape":"bezier"},"typeID":"Arrow","w":"1368","x":"1318","y":"2364","zOrder":"189"},{"ID":"357","measuredH":"26","measuredW":"186","properties":{"bold":"true","size":"18","text":"Good Layouting Rules"},"typeID":"Label","x":"186","y":"2192","zOrder":"190"},{"ID":"358","h":"61","measuredH":"227","measuredW":"270","properties":{"color":"2848996","curvature":"0","direction":"bottom","p0":{"x":0,"y":60},"p1":{"x":0.4573210425222416,"y":0.0067106542686994185},"p2":{"x":241,"y":0},"rightArrow":"false","shape":"bezier"},"typeID":"Arrow","w":"242","x":"385","y":"2134","zOrder":"191"},{"ID":"360","h":"79","measuredH":"78","measuredW":"1","properties":{"color":"2848996","curvature":"1","direction":"bottom","p0":{"x":0,"y":78,"length":78},"p1":{"x":0.5727916863486066,"y":-0.01048653755314128,"length":0.5728876708569787},"p2":{"x":1,"y":0,"length":1},"rightArrow":"false","shape":"bezier"},"typeID":"Arrow","w":"2","x":"272","y":"2226","zOrder":"192"},{"ID":"361","measuredH":"32","measuredW":"99","properties":{"align":"center","color":"16776960","size":"18","text":"goodui.org"},"typeID":"TextInput","w":"149","x":"195","y":"2313","zOrder":"193"},{"ID":"362","measuredH":"26","measuredW":"159","properties":{"bold":"true","size":"18","text":"UX Best Practices"},"typeID":"Label","x":"1149","y":"2353","zOrder":"194"},{"ID":"363","measuredH":"26","measuredW":"206","properties":{"bold":"true","size":"18","text":"Getting Users Attention"},"typeID":"Label","x":"789","y":"2473","zOrder":"195"},{"ID":"369","measuredH":"32","measuredW":"383","properties":{"align":"center","color":"16776960","size":"18","text":"Gather Lessons Learned, Prioritize, Integrate"},"typeID":"TextInput","w":"418","x":"0","y":"3039","zOrder":"196"},{"ID":"370","h":"73","measuredH":"60","measuredW":"241","properties":{"color":"2848996","curvature":"-1","direction":"bottom","p0":{"x":0,"y":72},"p1":{"x":0.44725643138538645,"y":0.05528903136958313},"p2":{"x":283,"y":0},"rightArrow":"false","shape":"bezier"},"typeID":"Arrow","w":"284","x":"197","y":"2963","zOrder":"197"},{"ID":"371","measuredH":"26","measuredW":"63","properties":{"bold":"true","size":"18","text":"Testing"},"typeID":"Label","w":"63","x":"626","y":"2952","zOrder":"198"},{"ID":"372","measuredH":"32","measuredW":"215","properties":{"align":"center","color":"16770457","size":"18","text":"Incremental A/B Testing"},"typeID":"TextInput","w":"395","x":"872","y":"2924","zOrder":"199"},{"ID":"373","measuredH":"32","measuredW":"174","properties":{"align":"center","color":"16770457","size":"18","text":"Multivariate Testing"},"typeID":"TextInput","w":"395","x":"872","y":"2956","zOrder":"200"},{"ID":"378","h":"5","measuredH":"90","measuredW":"314","properties":{"color":"2848996","curvature":"0","direction":"bottom","leftArrow":"false","p0":{"x":0,"y":4},"p1":{"x":0.5481865284974093,"y":-0.0031088082901554403},"p2":{"x":130,"y":0},"rightArrow":"false","shape":"bezier"},"typeID":"Arrow","w":"131","x":"481","y":"2963","zOrder":"201"},{"ID":"379","h":"7","measuredH":"37","measuredW":"2","properties":{"color":"2848996","curvature":"-1","direction":"bottom","p0":{"x":164,"y":0,"length":164},"p1":{"x":0.48686131386861303,"y":0.013868613138686123,"length":0.4870588027869558},"p2":{"x":0,"y":6,"length":6},"rightArrow":"false","shape":"bezier"},"typeID":"Arrow","w":"165","x":"699","y":"2955","zOrder":"202"}]},"measuredH":"3243","measuredW":"2917","mockupH":"3005","mockupW":"2917","version":"1.0"}}